file name:elf32-tradlittlemips

F280039_driver_core0.out:     file format elf32-tradlittlemips


Disassembly of section .text.qxbootdebug:

00280000 <.L0 >:
  280000:	80 00 00 10 	eallow
  280004:	94 30 10 01 	movigh gr3 100 <.L0 +0x2b>
  280008:	94 31 20 05 	movigl gr3 1200 <$line_table_start0+0x3c7>
  28000c:	a8 40 c0 02 	load32 gr4 gr3 0 <Cla1Task1>
  280010:	94 40 00 03 	bst gr4 0 <Cla1Task1>
  280014:	ec 40 c0 02 	store32 gr4 gr3 0 <Cla1Task1>
  280018:	94 30 10 01 	movigh gr3 100 <.L0 +0x2b>
  28001c:	94 31 00 05 	movigl gr3 1000 <$line_table_start0+0x1c7>
  280020:	94 40 00 01 	movigh gr4 0 <Cla1Task1>
  280024:	94 40 00 65 	movigl gr4 6 <_core0_exp_start>
  280028:	ec 40 cb 00 	store8 gr4 gr3 58 <.L0 +0x4>
  28002c:	94 30 10 01 	movigh gr3 100 <.L0 +0x2b>
  280030:	94 31 32 85 	movigl gr3 1328 <$line_table_start0+0x4ef>
  280034:	94 20 00 19 	moviglz gr2 1 <Cla1Task1+0x1>
  280038:	ec 20 c0 02 	store32 gr2 gr3 0 <Cla1Task1>
  28003c:	82 d8 1e 01 	jmp 30400 <_dsp_start>
  280040:	80 00 00 00 	nop
  280044:	80 00 00 00 	nop
  280048:	80 00 00 00 	nop
  28004c:	80 00 00 00 	nop

Disassembly of section .text:

00030000 <_int_entry_group0_0>:
   30000:	94 00 00 21 	movigh gr0 2 <Cla1Task1+0x2>
   30004:	94 0f c0 05 	movigl gr0 fffffc00 <XintfaRegs+0xdffffc00>
   30008:	a8 00 00 02 	load32 gr0 gr0 0 <Cla1Task1>
   3000c:	80 00 00 03 	jmpr gr0

00030010 <_int_entry_group0_1>:
   30010:	94 00 00 21 	movigh gr0 2 <Cla1Task1+0x2>
   30014:	94 0f c0 05 	movigl gr0 fffffc00 <XintfaRegs+0xdffffc00>
   30018:	a8 00 00 22 	load32 gr0 gr0 1 <Cla1Task1+0x1>
   3001c:	80 00 00 03 	jmpr gr0

00030020 <_int_entry_group0_2>:
   30020:	94 00 00 21 	movigh gr0 2 <Cla1Task1+0x2>
   30024:	94 0f c0 05 	movigl gr0 fffffc00 <XintfaRegs+0xdffffc00>
   30028:	a8 00 00 42 	load32 gr0 gr0 2 <Cla1Task1+0x2>
   3002c:	80 00 00 03 	jmpr gr0

00030030 <_int_entry_group0_3>:
   30030:	94 00 00 21 	movigh gr0 2 <Cla1Task1+0x2>
   30034:	94 0f c0 05 	movigl gr0 fffffc00 <XintfaRegs+0xdffffc00>
   30038:	a8 00 00 62 	load32 gr0 gr0 3 <Cla1Task1+0x3>
   3003c:	80 00 00 03 	jmpr gr0

00030040 <_int_entry_group0_4>:
   30040:	94 00 00 21 	movigh gr0 2 <Cla1Task1+0x2>
   30044:	94 0f c0 05 	movigl gr0 fffffc00 <XintfaRegs+0xdffffc00>
   30048:	a8 00 00 82 	load32 gr0 gr0 4 <Cla1Task1+0x4>
   3004c:	80 00 00 03 	jmpr gr0

00030050 <_int_entry_group0_5>:
   30050:	94 00 00 21 	movigh gr0 2 <Cla1Task1+0x2>
   30054:	94 0f c0 05 	movigl gr0 fffffc00 <XintfaRegs+0xdffffc00>
   30058:	a8 00 00 a2 	load32 gr0 gr0 5 <Cla1Task1+0x5>
   3005c:	80 00 00 03 	jmpr gr0

00030060 <_int_entry_group0_6>:
   30060:	94 00 00 21 	movigh gr0 2 <Cla1Task1+0x2>
   30064:	94 0f c0 05 	movigl gr0 fffffc00 <XintfaRegs+0xdffffc00>
   30068:	a8 00 00 c2 	load32 gr0 gr0 6 <_core0_exp_start>
   3006c:	80 00 00 03 	jmpr gr0

00030070 <_int_entry_group0_7>:
   30070:	94 00 00 21 	movigh gr0 2 <Cla1Task1+0x2>
   30074:	94 0f c0 05 	movigl gr0 fffffc00 <XintfaRegs+0xdffffc00>
   30078:	a8 00 00 e2 	load32 gr0 gr0 7 <_core0_exp_start+0x1>
   3007c:	80 00 00 03 	jmpr gr0

00030080 <_int_entry_group0_8>:
   30080:	94 00 00 21 	movigh gr0 2 <Cla1Task1+0x2>
   30084:	94 0f c0 05 	movigl gr0 fffffc00 <XintfaRegs+0xdffffc00>
   30088:	a8 00 01 02 	load32 gr0 gr0 8 <_core0_exp_start+0x2>
   3008c:	80 00 00 03 	jmpr gr0

00030090 <_int_entry_group0_9>:
   30090:	94 00 00 21 	movigh gr0 2 <Cla1Task1+0x2>
   30094:	94 0f c0 05 	movigl gr0 fffffc00 <XintfaRegs+0xdffffc00>
   30098:	a8 00 01 22 	load32 gr0 gr0 9 <_core0_exp_start+0x3>
   3009c:	80 00 00 03 	jmpr gr0

000300a0 <_int_entry_group0_10>:
   300a0:	94 00 00 21 	movigh gr0 2 <Cla1Task1+0x2>
   300a4:	94 0f c0 05 	movigl gr0 fffffc00 <XintfaRegs+0xdffffc00>
   300a8:	a8 00 01 42 	load32 gr0 gr0 a <_core0_exp_start+0x4>
   300ac:	80 00 00 03 	jmpr gr0

000300b0 <_int_entry_group0_11>:
   300b0:	94 00 00 21 	movigh gr0 2 <Cla1Task1+0x2>
   300b4:	94 0f c0 05 	movigl gr0 fffffc00 <XintfaRegs+0xdffffc00>
   300b8:	a8 00 01 62 	load32 gr0 gr0 b <_core0_exp_start+0x5>
   300bc:	80 00 00 03 	jmpr gr0

000300c0 <_int_entry_group0_12>:
   300c0:	94 00 00 21 	movigh gr0 2 <Cla1Task1+0x2>
   300c4:	94 0f c0 05 	movigl gr0 fffffc00 <XintfaRegs+0xdffffc00>
   300c8:	a8 00 01 82 	load32 gr0 gr0 c <_core0_exp_start+0x6>
   300cc:	80 00 00 03 	jmpr gr0

000300d0 <_int_entry_group0_13>:
   300d0:	94 00 00 21 	movigh gr0 2 <Cla1Task1+0x2>
   300d4:	94 0f c0 05 	movigl gr0 fffffc00 <XintfaRegs+0xdffffc00>
   300d8:	a8 00 01 a2 	load32 gr0 gr0 d <_core0_exp_start+0x7>
   300dc:	80 00 00 03 	jmpr gr0

000300e0 <_int_entry_group0_14>:
   300e0:	94 00 00 21 	movigh gr0 2 <Cla1Task1+0x2>
   300e4:	94 0f c0 05 	movigl gr0 fffffc00 <XintfaRegs+0xdffffc00>
   300e8:	a8 00 01 c2 	load32 gr0 gr0 e <_core0_exp_start+0x8>
   300ec:	80 00 00 03 	jmpr gr0

000300f0 <_int_entry_group0_15>:
   300f0:	94 00 00 21 	movigh gr0 2 <Cla1Task1+0x2>
   300f4:	94 0f c0 05 	movigl gr0 fffffc00 <XintfaRegs+0xdffffc00>
   300f8:	a8 00 01 e2 	load32 gr0 gr0 f <_core0_exp_start+0x9>
   300fc:	80 00 00 03 	jmpr gr0

00030100 <_int_entry_group1_0>:
   30100:	94 00 00 21 	movigh gr0 2 <Cla1Task1+0x2>
   30104:	94 0f c0 05 	movigl gr0 fffffc00 <XintfaRegs+0xdffffc00>
   30108:	a8 00 02 02 	load32 gr0 gr0 10 <_core0_exp_start+0xa>
   3010c:	80 00 00 03 	jmpr gr0

00030110 <_int_entry_group1_1>:
   30110:	94 00 00 21 	movigh gr0 2 <Cla1Task1+0x2>
   30114:	94 0f c0 05 	movigl gr0 fffffc00 <XintfaRegs+0xdffffc00>
   30118:	a8 00 02 22 	load32 gr0 gr0 11 <_core0_exp_start+0xb>
   3011c:	80 00 00 03 	jmpr gr0

00030120 <_int_entry_group1_2>:
   30120:	94 00 00 21 	movigh gr0 2 <Cla1Task1+0x2>
   30124:	94 0f c0 05 	movigl gr0 fffffc00 <XintfaRegs+0xdffffc00>
   30128:	a8 00 02 42 	load32 gr0 gr0 12 <_core0_exp_start+0xc>
   3012c:	80 00 00 03 	jmpr gr0

00030130 <_int_entry_group1_3>:
   30130:	94 00 00 21 	movigh gr0 2 <Cla1Task1+0x2>
   30134:	94 0f c0 05 	movigl gr0 fffffc00 <XintfaRegs+0xdffffc00>
   30138:	a8 00 02 62 	load32 gr0 gr0 13 <_core0_exp_start+0xd>
   3013c:	80 00 00 03 	jmpr gr0

00030140 <_int_entry_group1_4>:
   30140:	94 00 00 21 	movigh gr0 2 <Cla1Task1+0x2>
   30144:	94 0f c0 05 	movigl gr0 fffffc00 <XintfaRegs+0xdffffc00>
   30148:	a8 00 02 82 	load32 gr0 gr0 14 <_core0_exp_start+0xe>
   3014c:	80 00 00 03 	jmpr gr0

00030150 <_int_entry_group1_5>:
   30150:	94 00 00 21 	movigh gr0 2 <Cla1Task1+0x2>
   30154:	94 0f c0 05 	movigl gr0 fffffc00 <XintfaRegs+0xdffffc00>
   30158:	a8 00 02 a2 	load32 gr0 gr0 15 <_core0_exp_start+0xf>
   3015c:	80 00 00 03 	jmpr gr0

00030160 <_int_entry_group1_6>:
   30160:	94 00 00 21 	movigh gr0 2 <Cla1Task1+0x2>
   30164:	94 0f c0 05 	movigl gr0 fffffc00 <XintfaRegs+0xdffffc00>
   30168:	a8 00 02 c2 	load32 gr0 gr0 16 <_core0_exp_start+0x10>
   3016c:	80 00 00 03 	jmpr gr0

00030170 <_int_entry_group1_7>:
   30170:	94 00 00 21 	movigh gr0 2 <Cla1Task1+0x2>
   30174:	94 0f c0 05 	movigl gr0 fffffc00 <XintfaRegs+0xdffffc00>
   30178:	a8 00 02 e2 	load32 gr0 gr0 17 <_core0_exp_start+0x11>
   3017c:	80 00 00 03 	jmpr gr0

00030180 <_int_entry_group1_8>:
   30180:	94 00 00 21 	movigh gr0 2 <Cla1Task1+0x2>
   30184:	94 0f c0 05 	movigl gr0 fffffc00 <XintfaRegs+0xdffffc00>
   30188:	a8 00 03 02 	load32 gr0 gr0 18 <_core0_exp_start+0x12>
   3018c:	80 00 00 03 	jmpr gr0

00030190 <_int_entry_group1_9>:
   30190:	94 00 00 21 	movigh gr0 2 <Cla1Task1+0x2>
   30194:	94 0f c0 05 	movigl gr0 fffffc00 <XintfaRegs+0xdffffc00>
   30198:	a8 00 03 22 	load32 gr0 gr0 19 <_core0_exp_start+0x13>
   3019c:	80 00 00 03 	jmpr gr0

000301a0 <_int_entry_group1_10>:
   301a0:	94 00 00 21 	movigh gr0 2 <Cla1Task1+0x2>
   301a4:	94 0f c0 05 	movigl gr0 fffffc00 <XintfaRegs+0xdffffc00>
   301a8:	a8 00 03 42 	load32 gr0 gr0 1a <_core0_exp_start+0x14>
   301ac:	80 00 00 03 	jmpr gr0

000301b0 <_int_entry_group1_11>:
   301b0:	94 00 00 21 	movigh gr0 2 <Cla1Task1+0x2>
   301b4:	94 0f c0 05 	movigl gr0 fffffc00 <XintfaRegs+0xdffffc00>
   301b8:	a8 00 03 62 	load32 gr0 gr0 1b <_core0_exp_start+0x15>
   301bc:	80 00 00 03 	jmpr gr0

000301c0 <_int_entry_group1_12>:
   301c0:	94 00 00 21 	movigh gr0 2 <Cla1Task1+0x2>
   301c4:	94 0f c0 05 	movigl gr0 fffffc00 <XintfaRegs+0xdffffc00>
   301c8:	a8 00 03 82 	load32 gr0 gr0 1c <_core0_exp_start+0x16>
   301cc:	80 00 00 03 	jmpr gr0

000301d0 <_int_entry_group1_13>:
   301d0:	94 00 00 21 	movigh gr0 2 <Cla1Task1+0x2>
   301d4:	94 0f c0 05 	movigl gr0 fffffc00 <XintfaRegs+0xdffffc00>
   301d8:	a8 00 03 a2 	load32 gr0 gr0 1d <_core0_exp_start+0x17>
   301dc:	80 00 00 03 	jmpr gr0

000301e0 <_int_entry_group1_14>:
   301e0:	94 00 00 21 	movigh gr0 2 <Cla1Task1+0x2>
   301e4:	94 0f c0 05 	movigl gr0 fffffc00 <XintfaRegs+0xdffffc00>
   301e8:	a8 00 03 c2 	load32 gr0 gr0 1e <_core0_exp_start+0x18>
   301ec:	80 00 00 03 	jmpr gr0

000301f0 <_int_entry_group1_15>:
   301f0:	94 00 00 21 	movigh gr0 2 <Cla1Task1+0x2>
   301f4:	94 0f c0 05 	movigl gr0 fffffc00 <XintfaRegs+0xdffffc00>
   301f8:	a8 00 03 e2 	load32 gr0 gr0 1f <_core0_exp_start+0x19>
   301fc:	80 00 00 03 	jmpr gr0

00030200 <_int_entry_group2_0>:
   30200:	94 00 00 21 	movigh gr0 2 <Cla1Task1+0x2>
   30204:	94 0f c0 05 	movigl gr0 fffffc00 <XintfaRegs+0xdffffc00>
   30208:	a8 00 04 02 	load32 gr0 gr0 20 <.L0 >
   3020c:	80 00 00 03 	jmpr gr0

00030210 <_int_entry_group2_1>:
   30210:	94 00 00 21 	movigh gr0 2 <Cla1Task1+0x2>
   30214:	94 0f c0 05 	movigl gr0 fffffc00 <XintfaRegs+0xdffffc00>
   30218:	a8 00 04 22 	load32 gr0 gr0 21 <.L0 +0x1>
   3021c:	80 00 00 03 	jmpr gr0

00030220 <_int_entry_group2_2>:
   30220:	94 00 00 21 	movigh gr0 2 <Cla1Task1+0x2>
   30224:	94 0f c0 05 	movigl gr0 fffffc00 <XintfaRegs+0xdffffc00>
   30228:	a8 00 04 42 	load32 gr0 gr0 22 <.L0 +0x2>
   3022c:	80 00 00 03 	jmpr gr0

00030230 <_int_entry_group2_3>:
   30230:	94 00 00 21 	movigh gr0 2 <Cla1Task1+0x2>
   30234:	94 0f c0 05 	movigl gr0 fffffc00 <XintfaRegs+0xdffffc00>
   30238:	a8 00 04 62 	load32 gr0 gr0 23 <.L0 +0x3>
   3023c:	80 00 00 03 	jmpr gr0

00030240 <_int_entry_group2_4>:
   30240:	94 00 00 21 	movigh gr0 2 <Cla1Task1+0x2>
   30244:	94 0f c0 05 	movigl gr0 fffffc00 <XintfaRegs+0xdffffc00>
   30248:	a8 00 04 82 	load32 gr0 gr0 24 <.L0 +0x4>
   3024c:	80 00 00 03 	jmpr gr0

00030250 <_int_entry_group2_5>:
   30250:	94 00 00 21 	movigh gr0 2 <Cla1Task1+0x2>
   30254:	94 0f c0 05 	movigl gr0 fffffc00 <XintfaRegs+0xdffffc00>
   30258:	a8 00 04 a2 	load32 gr0 gr0 25 <.L0 +0x5>
   3025c:	80 00 00 03 	jmpr gr0

00030260 <_int_entry_group2_6>:
   30260:	94 00 00 21 	movigh gr0 2 <Cla1Task1+0x2>
   30264:	94 0f c0 05 	movigl gr0 fffffc00 <XintfaRegs+0xdffffc00>
   30268:	a8 00 04 c2 	load32 gr0 gr0 26 <.L0 +0x6>
   3026c:	80 00 00 03 	jmpr gr0

00030270 <_int_entry_group2_7>:
   30270:	94 00 00 21 	movigh gr0 2 <Cla1Task1+0x2>
   30274:	94 0f c0 05 	movigl gr0 fffffc00 <XintfaRegs+0xdffffc00>
   30278:	a8 00 04 e2 	load32 gr0 gr0 27 <.L0 +0x7>
   3027c:	80 00 00 03 	jmpr gr0

00030280 <_int_entry_group2_8>:
   30280:	94 00 00 21 	movigh gr0 2 <Cla1Task1+0x2>
   30284:	94 0f c0 05 	movigl gr0 fffffc00 <XintfaRegs+0xdffffc00>
   30288:	a8 00 05 02 	load32 gr0 gr0 28 <.L0 +0x8>
   3028c:	80 00 00 03 	jmpr gr0

00030290 <_int_entry_group2_9>:
   30290:	94 00 00 21 	movigh gr0 2 <Cla1Task1+0x2>
   30294:	94 0f c0 05 	movigl gr0 fffffc00 <XintfaRegs+0xdffffc00>
   30298:	a8 00 05 22 	load32 gr0 gr0 29 <.L0 +0x9>
   3029c:	80 00 00 03 	jmpr gr0

000302a0 <_int_entry_group2_10>:
   302a0:	94 00 00 21 	movigh gr0 2 <Cla1Task1+0x2>
   302a4:	94 0f c0 05 	movigl gr0 fffffc00 <XintfaRegs+0xdffffc00>
   302a8:	a8 00 05 42 	load32 gr0 gr0 2a <.L0 +0xa>
   302ac:	80 00 00 03 	jmpr gr0

000302b0 <_int_entry_group2_11>:
   302b0:	94 00 00 21 	movigh gr0 2 <Cla1Task1+0x2>
   302b4:	94 0f c0 05 	movigl gr0 fffffc00 <XintfaRegs+0xdffffc00>
   302b8:	a8 00 05 62 	load32 gr0 gr0 2b <.L0 +0xb>
   302bc:	80 00 00 03 	jmpr gr0

000302c0 <_int_entry_group2_12>:
   302c0:	94 00 00 21 	movigh gr0 2 <Cla1Task1+0x2>
   302c4:	94 0f c0 05 	movigl gr0 fffffc00 <XintfaRegs+0xdffffc00>
   302c8:	a8 00 05 82 	load32 gr0 gr0 2c <.L0 +0xc>
   302cc:	80 00 00 03 	jmpr gr0

000302d0 <_int_entry_group2_13>:
   302d0:	94 00 00 21 	movigh gr0 2 <Cla1Task1+0x2>
   302d4:	94 0f c0 05 	movigl gr0 fffffc00 <XintfaRegs+0xdffffc00>
   302d8:	a8 00 05 a2 	load32 gr0 gr0 2d <.L0 +0xd>
   302dc:	80 00 00 03 	jmpr gr0

000302e0 <_int_entry_group2_14>:
   302e0:	94 00 00 21 	movigh gr0 2 <Cla1Task1+0x2>
   302e4:	94 0f c0 05 	movigl gr0 fffffc00 <XintfaRegs+0xdffffc00>
   302e8:	a8 00 05 c2 	load32 gr0 gr0 2e <.L0 +0xe>
   302ec:	80 00 00 03 	jmpr gr0

000302f0 <_int_entry_group2_15>:
   302f0:	94 00 00 21 	movigh gr0 2 <Cla1Task1+0x2>
   302f4:	94 0f c0 05 	movigl gr0 fffffc00 <XintfaRegs+0xdffffc00>
   302f8:	a8 00 05 e2 	load32 gr0 gr0 2f <.L0 +0xf>
   302fc:	80 00 00 03 	jmpr gr0

00030300 <_int_entry_group3_0>:
   30300:	94 00 00 21 	movigh gr0 2 <Cla1Task1+0x2>
   30304:	94 0f c0 05 	movigl gr0 fffffc00 <XintfaRegs+0xdffffc00>
   30308:	a8 00 06 02 	load32 gr0 gr0 30 <.L0 +0x10>
   3030c:	80 00 00 03 	jmpr gr0

00030310 <_int_entry_group3_1>:
   30310:	94 00 00 21 	movigh gr0 2 <Cla1Task1+0x2>
   30314:	94 0f c0 05 	movigl gr0 fffffc00 <XintfaRegs+0xdffffc00>
   30318:	a8 00 06 22 	load32 gr0 gr0 31 <.L0 +0x11>
   3031c:	80 00 00 03 	jmpr gr0

00030320 <_int_entry_group3_2>:
   30320:	94 00 00 21 	movigh gr0 2 <Cla1Task1+0x2>
   30324:	94 0f c0 05 	movigl gr0 fffffc00 <XintfaRegs+0xdffffc00>
   30328:	a8 00 06 42 	load32 gr0 gr0 32 <.L0 +0x12>
   3032c:	80 00 00 03 	jmpr gr0

00030330 <_int_entry_group3_3>:
   30330:	94 00 00 21 	movigh gr0 2 <Cla1Task1+0x2>
   30334:	94 0f c0 05 	movigl gr0 fffffc00 <XintfaRegs+0xdffffc00>
   30338:	a8 00 06 62 	load32 gr0 gr0 33 <.L0 +0x13>
   3033c:	80 00 00 03 	jmpr gr0

00030340 <_int_entry_group3_4>:
   30340:	94 00 00 21 	movigh gr0 2 <Cla1Task1+0x2>
   30344:	94 0f c0 05 	movigl gr0 fffffc00 <XintfaRegs+0xdffffc00>
   30348:	a8 00 06 82 	load32 gr0 gr0 34 <.L0 >
   3034c:	80 00 00 03 	jmpr gr0

00030350 <_int_entry_group3_5>:
   30350:	94 00 00 21 	movigh gr0 2 <Cla1Task1+0x2>
   30354:	94 0f c0 05 	movigl gr0 fffffc00 <XintfaRegs+0xdffffc00>
   30358:	a8 00 06 a2 	load32 gr0 gr0 35 <.L0 +0x1>
   3035c:	80 00 00 03 	jmpr gr0

00030360 <_int_entry_group3_6>:
   30360:	94 00 00 21 	movigh gr0 2 <Cla1Task1+0x2>
   30364:	94 0f c0 05 	movigl gr0 fffffc00 <XintfaRegs+0xdffffc00>
   30368:	a8 00 06 c2 	load32 gr0 gr0 36 <.L0 +0x2>
   3036c:	80 00 00 03 	jmpr gr0

00030370 <_int_entry_group3_7>:
   30370:	94 00 00 21 	movigh gr0 2 <Cla1Task1+0x2>
   30374:	94 0f c0 05 	movigl gr0 fffffc00 <XintfaRegs+0xdffffc00>
   30378:	a8 00 06 e2 	load32 gr0 gr0 37 <.L0 +0x3>
   3037c:	80 00 00 03 	jmpr gr0

00030380 <_int_entry_group3_8>:
   30380:	94 00 00 21 	movigh gr0 2 <Cla1Task1+0x2>
   30384:	94 0f c0 05 	movigl gr0 fffffc00 <XintfaRegs+0xdffffc00>
   30388:	a8 00 07 02 	load32 gr0 gr0 38 <.L0 +0x4>
   3038c:	80 00 00 03 	jmpr gr0

00030390 <_int_entry_group3_9>:
   30390:	94 00 00 21 	movigh gr0 2 <Cla1Task1+0x2>
   30394:	94 0f c0 05 	movigl gr0 fffffc00 <XintfaRegs+0xdffffc00>
   30398:	a8 00 07 22 	load32 gr0 gr0 39 <.L0 +0x5>
   3039c:	80 00 00 03 	jmpr gr0

000303a0 <_int_entry_group3_10>:
   303a0:	94 00 00 21 	movigh gr0 2 <Cla1Task1+0x2>
   303a4:	94 0f c0 05 	movigl gr0 fffffc00 <XintfaRegs+0xdffffc00>
   303a8:	a8 00 07 42 	load32 gr0 gr0 3a <.L0 +0x6>
   303ac:	80 00 00 03 	jmpr gr0

000303b0 <_int_entry_group3_11>:
   303b0:	94 00 00 21 	movigh gr0 2 <Cla1Task1+0x2>
   303b4:	94 0f c0 05 	movigl gr0 fffffc00 <XintfaRegs+0xdffffc00>
   303b8:	a8 00 07 62 	load32 gr0 gr0 3b <.L0 +0x7>
   303bc:	80 00 00 03 	jmpr gr0

000303c0 <_int_entry_group3_12>:
   303c0:	94 00 00 21 	movigh gr0 2 <Cla1Task1+0x2>
   303c4:	94 0f c0 05 	movigl gr0 fffffc00 <XintfaRegs+0xdffffc00>
   303c8:	a8 00 07 82 	load32 gr0 gr0 3c <.L0 +0x8>
   303cc:	80 00 00 03 	jmpr gr0

000303d0 <_int_entry_group3_13>:
   303d0:	94 00 00 21 	movigh gr0 2 <Cla1Task1+0x2>
   303d4:	94 0f c0 05 	movigl gr0 fffffc00 <XintfaRegs+0xdffffc00>
   303d8:	a8 00 07 a2 	load32 gr0 gr0 3d <.L0 +0x9>
   303dc:	80 00 00 03 	jmpr gr0

000303e0 <_int_entry_group3_14>:
   303e0:	94 00 00 21 	movigh gr0 2 <Cla1Task1+0x2>
   303e4:	94 0f c0 05 	movigl gr0 fffffc00 <XintfaRegs+0xdffffc00>
   303e8:	a8 00 07 c2 	load32 gr0 gr0 3e <.L0 +0xa>
   303ec:	80 00 00 03 	jmpr gr0

000303f0 <_int_entry_group3_15>:
   303f0:	83 ff ff e1 	jmp 303f0 <_int_entry_group3_15>
   303f4:	80 00 00 00 	nop
   303f8:	80 00 00 00 	nop
   303fc:	80 00 00 00 	nop

00030400 <_dsp_start>:
   30400:	80 00 54 21 	jmp 30e88 <_dsp_call_main>
   30404:	85 b6 db 06 	xor gr27 gr27 gr27
   30408:	80 00 00 00 	nop
   3040c:	80 00 00 00 	nop
   30410:	80 00 00 00 	nop
   30414:	80 00 00 00 	nop
   30418:	80 00 00 00 	nop
   3041c:	80 00 00 00 	nop
   30420:	80 00 00 00 	nop
   30424:	80 00 00 00 	nop
   30428:	80 00 00 00 	nop
   3042c:	80 00 00 00 	nop
   30430:	80 00 00 00 	nop
   30434:	80 00 00 00 	nop
   30438:	80 00 00 00 	nop
   3043c:	80 00 00 00 	nop
   30440:	80 00 00 00 	nop
   30444:	80 00 00 00 	nop
   30448:	80 00 00 00 	nop
   3044c:	80 00 00 00 	nop
   30450:	80 00 00 00 	nop
   30454:	80 00 00 00 	nop
   30458:	80 00 00 00 	nop
   3045c:	80 00 00 00 	nop
   30460:	80 00 00 00 	nop
   30464:	80 00 00 00 	nop
   30468:	80 00 00 00 	nop
   3046c:	80 00 00 00 	nop
   30470:	80 00 00 00 	nop
   30474:	80 00 00 00 	nop
   30478:	80 00 00 00 	nop
   3047c:	80 00 00 00 	nop
   30480:	80 00 00 00 	nop
   30484:	80 00 00 00 	nop
   30488:	80 00 00 00 	nop
   3048c:	80 00 00 00 	nop
   30490:	80 00 00 00 	nop
   30494:	80 00 00 00 	nop
   30498:	80 00 00 00 	nop
   3049c:	80 00 00 00 	nop
   304a0:	80 00 00 00 	nop
   304a4:	80 00 00 00 	nop
   304a8:	80 00 00 00 	nop
   304ac:	80 00 00 00 	nop
   304b0:	80 00 00 00 	nop
   304b4:	80 00 00 00 	nop
   304b8:	80 00 00 00 	nop
   304bc:	80 00 00 00 	nop
   304c0:	80 00 00 00 	nop
   304c4:	80 00 00 00 	nop
   304c8:	80 00 00 00 	nop
   304cc:	80 00 00 00 	nop
   304d0:	80 00 00 00 	nop
   304d4:	80 00 00 00 	nop
   304d8:	80 00 00 00 	nop
   304dc:	80 00 00 00 	nop
   304e0:	80 00 00 00 	nop
   304e4:	80 00 00 00 	nop
   304e8:	80 00 00 00 	nop
   304ec:	80 00 00 00 	nop
   304f0:	80 00 00 00 	nop
   304f4:	80 00 00 00 	nop
   304f8:	80 00 00 00 	nop
   304fc:	80 00 00 00 	nop

00030500 <_int_entry_group4_0>:
   30500:	94 00 00 21 	movigh gr0 2 <Cla1Task1+0x2>
   30504:	94 0f c0 05 	movigl gr0 fffffc00 <XintfaRegs+0xdffffc00>
   30508:	a8 00 08 02 	load32 gr0 gr0 40 <.L0 +0xc>
   3050c:	80 00 00 03 	jmpr gr0

00030510 <_int_entry_group4_1>:
   30510:	94 00 00 21 	movigh gr0 2 <Cla1Task1+0x2>
   30514:	94 0f c0 05 	movigl gr0 fffffc00 <XintfaRegs+0xdffffc00>
   30518:	a8 00 08 22 	load32 gr0 gr0 41 <.L0 +0xd>
   3051c:	80 00 00 03 	jmpr gr0

00030520 <_int_entry_group4_2>:
   30520:	94 00 00 21 	movigh gr0 2 <Cla1Task1+0x2>
   30524:	94 0f c0 05 	movigl gr0 fffffc00 <XintfaRegs+0xdffffc00>
   30528:	a8 00 08 42 	load32 gr0 gr0 42 <.L0 +0xe>
   3052c:	80 00 00 03 	jmpr gr0

00030530 <_int_entry_group4_3>:
   30530:	94 00 00 21 	movigh gr0 2 <Cla1Task1+0x2>
   30534:	94 0f c0 05 	movigl gr0 fffffc00 <XintfaRegs+0xdffffc00>
   30538:	a8 00 08 62 	load32 gr0 gr0 43 <.L0 +0xf>
   3053c:	80 00 00 03 	jmpr gr0

00030540 <_int_entry_group4_4>:
   30540:	94 00 00 21 	movigh gr0 2 <Cla1Task1+0x2>
   30544:	94 0f c0 05 	movigl gr0 fffffc00 <XintfaRegs+0xdffffc00>
   30548:	a8 00 08 82 	load32 gr0 gr0 44 <.L0 +0x10>
   3054c:	80 00 00 03 	jmpr gr0

00030550 <_int_entry_group4_5>:
   30550:	94 00 00 21 	movigh gr0 2 <Cla1Task1+0x2>
   30554:	94 0f c0 05 	movigl gr0 fffffc00 <XintfaRegs+0xdffffc00>
   30558:	a8 00 08 a2 	load32 gr0 gr0 45 <.L0 +0x11>
   3055c:	80 00 00 03 	jmpr gr0

00030560 <_int_entry_group4_6>:
   30560:	94 00 00 21 	movigh gr0 2 <Cla1Task1+0x2>
   30564:	94 0f c0 05 	movigl gr0 fffffc00 <XintfaRegs+0xdffffc00>
   30568:	a8 00 08 c2 	load32 gr0 gr0 46 <.L0 +0x12>
   3056c:	80 00 00 03 	jmpr gr0

00030570 <_int_entry_group4_7>:
   30570:	94 00 00 21 	movigh gr0 2 <Cla1Task1+0x2>
   30574:	94 0f c0 05 	movigl gr0 fffffc00 <XintfaRegs+0xdffffc00>
   30578:	a8 00 08 e2 	load32 gr0 gr0 47 <.L0 +0x13>
   3057c:	80 00 00 03 	jmpr gr0

00030580 <_int_entry_group4_8>:
   30580:	94 00 00 21 	movigh gr0 2 <Cla1Task1+0x2>
   30584:	94 0f c0 05 	movigl gr0 fffffc00 <XintfaRegs+0xdffffc00>
   30588:	a8 00 09 02 	load32 gr0 gr0 48 <.L0 +0x14>
   3058c:	80 00 00 03 	jmpr gr0

00030590 <_int_entry_group4_9>:
   30590:	94 00 00 21 	movigh gr0 2 <Cla1Task1+0x2>
   30594:	94 0f c0 05 	movigl gr0 fffffc00 <XintfaRegs+0xdffffc00>
   30598:	a8 00 09 22 	load32 gr0 gr0 49 <.L0 +0x15>
   3059c:	80 00 00 03 	jmpr gr0

000305a0 <_int_entry_group4_10>:
   305a0:	94 00 00 21 	movigh gr0 2 <Cla1Task1+0x2>
   305a4:	94 0f c0 05 	movigl gr0 fffffc00 <XintfaRegs+0xdffffc00>
   305a8:	a8 00 09 42 	load32 gr0 gr0 4a <.L0 +0x16>
   305ac:	80 00 00 03 	jmpr gr0

000305b0 <_int_entry_group4_11>:
   305b0:	94 00 00 21 	movigh gr0 2 <Cla1Task1+0x2>
   305b4:	94 0f c0 05 	movigl gr0 fffffc00 <XintfaRegs+0xdffffc00>
   305b8:	a8 00 09 62 	load32 gr0 gr0 4b <.L0 +0x17>
   305bc:	80 00 00 03 	jmpr gr0

000305c0 <_int_entry_group4_12>:
   305c0:	94 00 00 21 	movigh gr0 2 <Cla1Task1+0x2>
   305c4:	94 0f c0 05 	movigl gr0 fffffc00 <XintfaRegs+0xdffffc00>
   305c8:	a8 00 09 82 	load32 gr0 gr0 4c <.L0 +0x18>
   305cc:	80 00 00 03 	jmpr gr0

000305d0 <_int_entry_group4_13>:
   305d0:	94 00 00 21 	movigh gr0 2 <Cla1Task1+0x2>
   305d4:	94 0f c0 05 	movigl gr0 fffffc00 <XintfaRegs+0xdffffc00>
   305d8:	a8 00 09 a2 	load32 gr0 gr0 4d <.L0 +0x19>
   305dc:	80 00 00 03 	jmpr gr0

000305e0 <_int_entry_group4_14>:
   305e0:	94 00 00 21 	movigh gr0 2 <Cla1Task1+0x2>
   305e4:	94 0f c0 05 	movigl gr0 fffffc00 <XintfaRegs+0xdffffc00>
   305e8:	a8 00 09 c2 	load32 gr0 gr0 4e <.L0 +0x1a>
   305ec:	80 00 00 03 	jmpr gr0

000305f0 <_int_entry_group4_15>:
   305f0:	94 00 00 21 	movigh gr0 2 <Cla1Task1+0x2>
   305f4:	94 0f c0 05 	movigl gr0 fffffc00 <XintfaRegs+0xdffffc00>
   305f8:	a8 00 09 e2 	load32 gr0 gr0 4f <.L0 +0x1b>
   305fc:	80 00 00 03 	jmpr gr0

00030600 <_int_entry_group5_0>:
   30600:	94 00 00 21 	movigh gr0 2 <Cla1Task1+0x2>
   30604:	94 0f c0 05 	movigl gr0 fffffc00 <XintfaRegs+0xdffffc00>
   30608:	a8 00 0a 02 	load32 gr0 gr0 50 <.L0 +0x1c>
   3060c:	80 00 00 03 	jmpr gr0

00030610 <_int_entry_group5_1>:
   30610:	94 00 00 21 	movigh gr0 2 <Cla1Task1+0x2>
   30614:	94 0f c0 05 	movigl gr0 fffffc00 <XintfaRegs+0xdffffc00>
   30618:	a8 00 0a 22 	load32 gr0 gr0 51 <.L0 +0x1d>
   3061c:	80 00 00 03 	jmpr gr0

00030620 <_int_entry_group5_2>:
   30620:	94 00 00 21 	movigh gr0 2 <Cla1Task1+0x2>
   30624:	94 0f c0 05 	movigl gr0 fffffc00 <XintfaRegs+0xdffffc00>
   30628:	a8 00 0a 42 	load32 gr0 gr0 52 <.L0 +0x1e>
   3062c:	80 00 00 03 	jmpr gr0

00030630 <_int_entry_group5_3>:
   30630:	94 00 00 21 	movigh gr0 2 <Cla1Task1+0x2>
   30634:	94 0f c0 05 	movigl gr0 fffffc00 <XintfaRegs+0xdffffc00>
   30638:	a8 00 0a 62 	load32 gr0 gr0 53 <.L0 +0x1f>
   3063c:	80 00 00 03 	jmpr gr0

00030640 <_int_entry_group5_4>:
   30640:	94 00 00 21 	movigh gr0 2 <Cla1Task1+0x2>
   30644:	94 0f c0 05 	movigl gr0 fffffc00 <XintfaRegs+0xdffffc00>
   30648:	a8 00 0a 82 	load32 gr0 gr0 54 <.L0 >
   3064c:	80 00 00 03 	jmpr gr0

00030650 <_int_entry_group5_5>:
   30650:	94 00 00 21 	movigh gr0 2 <Cla1Task1+0x2>
   30654:	94 0f c0 05 	movigl gr0 fffffc00 <XintfaRegs+0xdffffc00>
   30658:	a8 00 0a a2 	load32 gr0 gr0 55 <.L0 +0x1>
   3065c:	80 00 00 03 	jmpr gr0

00030660 <_int_entry_group5_6>:
   30660:	94 00 00 21 	movigh gr0 2 <Cla1Task1+0x2>
   30664:	94 0f c0 05 	movigl gr0 fffffc00 <XintfaRegs+0xdffffc00>
   30668:	a8 00 0a c2 	load32 gr0 gr0 56 <.L0 +0x2>
   3066c:	80 00 00 03 	jmpr gr0

00030670 <_int_entry_group5_7>:
   30670:	94 00 00 21 	movigh gr0 2 <Cla1Task1+0x2>
   30674:	94 0f c0 05 	movigl gr0 fffffc00 <XintfaRegs+0xdffffc00>
   30678:	a8 00 0a e2 	load32 gr0 gr0 57 <.L0 +0x3>
   3067c:	80 00 00 03 	jmpr gr0

00030680 <_int_entry_group5_8>:
   30680:	94 00 00 21 	movigh gr0 2 <Cla1Task1+0x2>
   30684:	94 0f c0 05 	movigl gr0 fffffc00 <XintfaRegs+0xdffffc00>
   30688:	a8 00 0b 02 	load32 gr0 gr0 58 <.L0 +0x4>
   3068c:	80 00 00 03 	jmpr gr0

00030690 <_int_entry_group5_9>:
   30690:	94 00 00 21 	movigh gr0 2 <Cla1Task1+0x2>
   30694:	94 0f c0 05 	movigl gr0 fffffc00 <XintfaRegs+0xdffffc00>
   30698:	a8 00 0b 22 	load32 gr0 gr0 59 <.L0 +0x5>
   3069c:	80 00 00 03 	jmpr gr0

000306a0 <_int_entry_group5_10>:
   306a0:	94 00 00 21 	movigh gr0 2 <Cla1Task1+0x2>
   306a4:	94 0f c0 05 	movigl gr0 fffffc00 <XintfaRegs+0xdffffc00>
   306a8:	a8 00 0b 42 	load32 gr0 gr0 5a <.L0 +0x6>
   306ac:	80 00 00 03 	jmpr gr0

000306b0 <_int_entry_group5_11>:
   306b0:	94 00 00 21 	movigh gr0 2 <Cla1Task1+0x2>
   306b4:	94 0f c0 05 	movigl gr0 fffffc00 <XintfaRegs+0xdffffc00>
   306b8:	a8 00 0b 62 	load32 gr0 gr0 5b <.L0 +0x7>
   306bc:	80 00 00 03 	jmpr gr0

000306c0 <_int_entry_group5_12>:
   306c0:	94 00 00 21 	movigh gr0 2 <Cla1Task1+0x2>
   306c4:	94 0f c0 05 	movigl gr0 fffffc00 <XintfaRegs+0xdffffc00>
   306c8:	a8 00 0b 82 	load32 gr0 gr0 5c <.L0 >
   306cc:	80 00 00 03 	jmpr gr0

000306d0 <_int_entry_group5_13>:
   306d0:	94 00 00 21 	movigh gr0 2 <Cla1Task1+0x2>
   306d4:	94 0f c0 05 	movigl gr0 fffffc00 <XintfaRegs+0xdffffc00>
   306d8:	a8 00 0b a2 	load32 gr0 gr0 5d <.L0 >
   306dc:	80 00 00 03 	jmpr gr0

000306e0 <_int_entry_group5_14>:
   306e0:	94 00 00 21 	movigh gr0 2 <Cla1Task1+0x2>
   306e4:	94 0f c0 05 	movigl gr0 fffffc00 <XintfaRegs+0xdffffc00>
   306e8:	a8 00 0b c2 	load32 gr0 gr0 5e <.L0 +0x1>
   306ec:	80 00 00 03 	jmpr gr0

000306f0 <_int_entry_group5_15>:
   306f0:	94 00 00 21 	movigh gr0 2 <Cla1Task1+0x2>
   306f4:	94 0f c0 05 	movigl gr0 fffffc00 <XintfaRegs+0xdffffc00>
   306f8:	a8 00 0b e2 	load32 gr0 gr0 5f <.L0 +0x2>
   306fc:	80 00 00 03 	jmpr gr0

00030700 <_int_entry_group6_0>:
   30700:	94 00 00 21 	movigh gr0 2 <Cla1Task1+0x2>
   30704:	94 0f c0 05 	movigl gr0 fffffc00 <XintfaRegs+0xdffffc00>
   30708:	a8 00 0c 02 	load32 gr0 gr0 60 <.L0 >
   3070c:	80 00 00 03 	jmpr gr0

00030710 <_int_entry_group6_1>:
   30710:	94 00 00 21 	movigh gr0 2 <Cla1Task1+0x2>
   30714:	94 0f c0 05 	movigl gr0 fffffc00 <XintfaRegs+0xdffffc00>
   30718:	a8 00 0c 22 	load32 gr0 gr0 61 <.L0 +0x1>
   3071c:	80 00 00 03 	jmpr gr0

00030720 <_int_entry_group6_2>:
   30720:	94 00 00 21 	movigh gr0 2 <Cla1Task1+0x2>
   30724:	94 0f c0 05 	movigl gr0 fffffc00 <XintfaRegs+0xdffffc00>
   30728:	a8 00 0c 42 	load32 gr0 gr0 62 <.L0 +0x2>
   3072c:	80 00 00 03 	jmpr gr0

00030730 <_int_entry_group6_3>:
   30730:	94 00 00 21 	movigh gr0 2 <Cla1Task1+0x2>
   30734:	94 0f c0 05 	movigl gr0 fffffc00 <XintfaRegs+0xdffffc00>
   30738:	a8 00 0c 62 	load32 gr0 gr0 63 <.L0 +0x3>
   3073c:	80 00 00 03 	jmpr gr0

00030740 <_int_entry_group6_4>:
   30740:	94 00 00 21 	movigh gr0 2 <Cla1Task1+0x2>
   30744:	94 0f c0 05 	movigl gr0 fffffc00 <XintfaRegs+0xdffffc00>
   30748:	a8 00 0c 82 	load32 gr0 gr0 64 <.L0 +0x4>
   3074c:	80 00 00 03 	jmpr gr0

00030750 <_int_entry_group6_5>:
   30750:	94 00 00 21 	movigh gr0 2 <Cla1Task1+0x2>
   30754:	94 0f c0 05 	movigl gr0 fffffc00 <XintfaRegs+0xdffffc00>
   30758:	a8 00 0c a2 	load32 gr0 gr0 65 <.L0 +0x5>
   3075c:	80 00 00 03 	jmpr gr0

00030760 <_int_entry_group6_6>:
   30760:	94 00 00 21 	movigh gr0 2 <Cla1Task1+0x2>
   30764:	94 0f c0 05 	movigl gr0 fffffc00 <XintfaRegs+0xdffffc00>
   30768:	a8 00 0c c2 	load32 gr0 gr0 66 <.L0 +0x6>
   3076c:	80 00 00 03 	jmpr gr0

00030770 <_int_entry_group6_7>:
   30770:	94 00 00 21 	movigh gr0 2 <Cla1Task1+0x2>
   30774:	94 0f c0 05 	movigl gr0 fffffc00 <XintfaRegs+0xdffffc00>
   30778:	a8 00 0c e2 	load32 gr0 gr0 67 <.L0 +0x7>
   3077c:	80 00 00 03 	jmpr gr0

00030780 <_int_entry_group6_8>:
   30780:	94 00 00 21 	movigh gr0 2 <Cla1Task1+0x2>
   30784:	94 0f c0 05 	movigl gr0 fffffc00 <XintfaRegs+0xdffffc00>
   30788:	a8 00 0d 02 	load32 gr0 gr0 68 <.L0 +0x8>
   3078c:	80 00 00 03 	jmpr gr0

00030790 <_int_entry_group6_9>:
   30790:	94 00 00 21 	movigh gr0 2 <Cla1Task1+0x2>
   30794:	94 0f c0 05 	movigl gr0 fffffc00 <XintfaRegs+0xdffffc00>
   30798:	a8 00 0d 22 	load32 gr0 gr0 69 <.L0 +0x9>
   3079c:	80 00 00 03 	jmpr gr0

000307a0 <_int_entry_group6_10>:
   307a0:	94 00 00 21 	movigh gr0 2 <Cla1Task1+0x2>
   307a4:	94 0f c0 05 	movigl gr0 fffffc00 <XintfaRegs+0xdffffc00>
   307a8:	a8 00 0d 42 	load32 gr0 gr0 6a <.L0 +0xa>
   307ac:	80 00 00 03 	jmpr gr0

000307b0 <_int_entry_group6_11>:
   307b0:	94 00 00 21 	movigh gr0 2 <Cla1Task1+0x2>
   307b4:	94 0f c0 05 	movigl gr0 fffffc00 <XintfaRegs+0xdffffc00>
   307b8:	a8 00 0d 62 	load32 gr0 gr0 6b <.L0 +0xb>
   307bc:	80 00 00 03 	jmpr gr0

000307c0 <_int_entry_group6_12>:
   307c0:	94 00 00 21 	movigh gr0 2 <Cla1Task1+0x2>
   307c4:	94 0f c0 05 	movigl gr0 fffffc00 <XintfaRegs+0xdffffc00>
   307c8:	a8 00 0d 82 	load32 gr0 gr0 6c <.L0 +0xc>
   307cc:	80 00 00 03 	jmpr gr0

000307d0 <_int_entry_group6_13>:
   307d0:	94 00 00 21 	movigh gr0 2 <Cla1Task1+0x2>
   307d4:	94 0f c0 05 	movigl gr0 fffffc00 <XintfaRegs+0xdffffc00>
   307d8:	a8 00 0d a2 	load32 gr0 gr0 6d <.L0 +0xd>
   307dc:	80 00 00 03 	jmpr gr0

000307e0 <_int_entry_group6_14>:
   307e0:	94 00 00 21 	movigh gr0 2 <Cla1Task1+0x2>
   307e4:	94 0f c0 05 	movigl gr0 fffffc00 <XintfaRegs+0xdffffc00>
   307e8:	a8 00 0d c2 	load32 gr0 gr0 6e <.L0 +0xe>
   307ec:	80 00 00 03 	jmpr gr0

000307f0 <_int_entry_group6_15>:
   307f0:	94 00 00 21 	movigh gr0 2 <Cla1Task1+0x2>
   307f4:	94 0f c0 05 	movigl gr0 fffffc00 <XintfaRegs+0xdffffc00>
   307f8:	a8 00 0d e2 	load32 gr0 gr0 6f <.L0 +0xf>
   307fc:	80 00 00 03 	jmpr gr0

00030800 <_int_entry_group7_0>:
   30800:	94 00 00 21 	movigh gr0 2 <Cla1Task1+0x2>
   30804:	94 0f c0 05 	movigl gr0 fffffc00 <XintfaRegs+0xdffffc00>
   30808:	a8 00 0e 02 	load32 gr0 gr0 70 <.L0 +0x10>
   3080c:	80 00 00 03 	jmpr gr0

00030810 <_int_entry_group7_1>:
   30810:	94 00 00 21 	movigh gr0 2 <Cla1Task1+0x2>
   30814:	94 0f c0 05 	movigl gr0 fffffc00 <XintfaRegs+0xdffffc00>
   30818:	a8 00 0e 22 	load32 gr0 gr0 71 <.L0 +0x11>
   3081c:	80 00 00 03 	jmpr gr0

00030820 <_int_entry_group7_2>:
   30820:	94 00 00 21 	movigh gr0 2 <Cla1Task1+0x2>
   30824:	94 0f c0 05 	movigl gr0 fffffc00 <XintfaRegs+0xdffffc00>
   30828:	a8 00 0e 42 	load32 gr0 gr0 72 <.L0 +0x12>
   3082c:	80 00 00 03 	jmpr gr0

00030830 <_int_entry_group7_3>:
   30830:	94 00 00 21 	movigh gr0 2 <Cla1Task1+0x2>
   30834:	94 0f c0 05 	movigl gr0 fffffc00 <XintfaRegs+0xdffffc00>
   30838:	a8 00 0e 62 	load32 gr0 gr0 73 <.L0 +0x13>
   3083c:	80 00 00 03 	jmpr gr0

00030840 <_int_entry_group7_4>:
   30840:	94 00 00 21 	movigh gr0 2 <Cla1Task1+0x2>
   30844:	94 0f c0 05 	movigl gr0 fffffc00 <XintfaRegs+0xdffffc00>
   30848:	a8 00 0e 82 	load32 gr0 gr0 74 <.L0 +0x14>
   3084c:	80 00 00 03 	jmpr gr0

00030850 <_int_entry_group7_5>:
   30850:	94 00 00 21 	movigh gr0 2 <Cla1Task1+0x2>
   30854:	94 0f c0 05 	movigl gr0 fffffc00 <XintfaRegs+0xdffffc00>
   30858:	a8 00 0e a2 	load32 gr0 gr0 75 <.L0 +0x15>
   3085c:	80 00 00 03 	jmpr gr0

00030860 <_int_entry_group7_6>:
   30860:	94 00 00 21 	movigh gr0 2 <Cla1Task1+0x2>
   30864:	94 0f c0 05 	movigl gr0 fffffc00 <XintfaRegs+0xdffffc00>
   30868:	a8 00 0e c2 	load32 gr0 gr0 76 <.L0 +0x16>
   3086c:	80 00 00 03 	jmpr gr0

00030870 <_int_entry_group7_7>:
   30870:	94 00 00 21 	movigh gr0 2 <Cla1Task1+0x2>
   30874:	94 0f c0 05 	movigl gr0 fffffc00 <XintfaRegs+0xdffffc00>
   30878:	a8 00 0e e2 	load32 gr0 gr0 77 <.L0 +0x17>
   3087c:	80 00 00 03 	jmpr gr0

00030880 <_int_entry_group7_8>:
   30880:	94 00 00 21 	movigh gr0 2 <Cla1Task1+0x2>
   30884:	94 0f c0 05 	movigl gr0 fffffc00 <XintfaRegs+0xdffffc00>
   30888:	a8 00 0f 02 	load32 gr0 gr0 78 <.L0 +0x18>
   3088c:	80 00 00 03 	jmpr gr0

00030890 <_int_entry_group7_9>:
   30890:	94 00 00 21 	movigh gr0 2 <Cla1Task1+0x2>
   30894:	94 0f c0 05 	movigl gr0 fffffc00 <XintfaRegs+0xdffffc00>
   30898:	a8 00 0f 22 	load32 gr0 gr0 79 <.L0 +0x19>
   3089c:	80 00 00 03 	jmpr gr0

000308a0 <_int_entry_group7_10>:
   308a0:	94 00 00 21 	movigh gr0 2 <Cla1Task1+0x2>
   308a4:	94 0f c0 05 	movigl gr0 fffffc00 <XintfaRegs+0xdffffc00>
   308a8:	a8 00 0f 42 	load32 gr0 gr0 7a <.L0 +0x1a>
   308ac:	80 00 00 03 	jmpr gr0

000308b0 <_int_entry_group7_11>:
   308b0:	94 00 00 21 	movigh gr0 2 <Cla1Task1+0x2>
   308b4:	94 0f c0 05 	movigl gr0 fffffc00 <XintfaRegs+0xdffffc00>
   308b8:	a8 00 0f 62 	load32 gr0 gr0 7b <.L0 >
   308bc:	80 00 00 03 	jmpr gr0

000308c0 <_int_entry_group7_12>:
   308c0:	94 00 00 21 	movigh gr0 2 <Cla1Task1+0x2>
   308c4:	94 0f c0 05 	movigl gr0 fffffc00 <XintfaRegs+0xdffffc00>
   308c8:	a8 00 0f 82 	load32 gr0 gr0 7c <.L0 +0x1>
   308cc:	80 00 00 03 	jmpr gr0

000308d0 <_int_entry_group7_13>:
   308d0:	94 00 00 21 	movigh gr0 2 <Cla1Task1+0x2>
   308d4:	94 0f c0 05 	movigl gr0 fffffc00 <XintfaRegs+0xdffffc00>
   308d8:	a8 00 0f a2 	load32 gr0 gr0 7d <.L0 +0x2>
   308dc:	80 00 00 03 	jmpr gr0

000308e0 <_int_entry_group7_14>:
   308e0:	94 00 00 21 	movigh gr0 2 <Cla1Task1+0x2>
   308e4:	94 0f c0 05 	movigl gr0 fffffc00 <XintfaRegs+0xdffffc00>
   308e8:	a8 00 0f c2 	load32 gr0 gr0 7e <.L0 +0x3>
   308ec:	80 00 00 03 	jmpr gr0

000308f0 <_int_entry_group7_15>:
   308f0:	94 00 00 21 	movigh gr0 2 <Cla1Task1+0x2>
   308f4:	94 0f c0 05 	movigl gr0 fffffc00 <XintfaRegs+0xdffffc00>
   308f8:	a8 00 0f e2 	load32 gr0 gr0 7f <.L0 +0x4>
   308fc:	80 00 00 03 	jmpr gr0

00030900 <_int_entry_group8_0>:
   30900:	94 00 00 21 	movigh gr0 2 <Cla1Task1+0x2>
   30904:	94 0f c0 05 	movigl gr0 fffffc00 <XintfaRegs+0xdffffc00>
   30908:	a8 00 10 02 	load32 gr0 gr0 80 <.L0 >
   3090c:	80 00 00 03 	jmpr gr0

00030910 <_int_entry_group8_1>:
   30910:	94 00 00 21 	movigh gr0 2 <Cla1Task1+0x2>
   30914:	94 0f c0 05 	movigl gr0 fffffc00 <XintfaRegs+0xdffffc00>
   30918:	a8 00 10 22 	load32 gr0 gr0 81 <.L0 +0x1>
   3091c:	80 00 00 03 	jmpr gr0

00030920 <_int_entry_group8_2>:
   30920:	94 00 00 21 	movigh gr0 2 <Cla1Task1+0x2>
   30924:	94 0f c0 05 	movigl gr0 fffffc00 <XintfaRegs+0xdffffc00>
   30928:	a8 00 10 42 	load32 gr0 gr0 82 <.L0 +0x2>
   3092c:	80 00 00 03 	jmpr gr0

00030930 <_int_entry_group8_3>:
   30930:	94 00 00 21 	movigh gr0 2 <Cla1Task1+0x2>
   30934:	94 0f c0 05 	movigl gr0 fffffc00 <XintfaRegs+0xdffffc00>
   30938:	a8 00 10 62 	load32 gr0 gr0 83 <.L0 +0x3>
   3093c:	80 00 00 03 	jmpr gr0

00030940 <_int_entry_group8_4>:
   30940:	94 00 00 21 	movigh gr0 2 <Cla1Task1+0x2>
   30944:	94 0f c0 05 	movigl gr0 fffffc00 <XintfaRegs+0xdffffc00>
   30948:	a8 00 10 82 	load32 gr0 gr0 84 <.L0 +0x4>
   3094c:	80 00 00 03 	jmpr gr0

00030950 <_int_entry_group8_5>:
   30950:	94 00 00 21 	movigh gr0 2 <Cla1Task1+0x2>
   30954:	94 0f c0 05 	movigl gr0 fffffc00 <XintfaRegs+0xdffffc00>
   30958:	a8 00 10 a2 	load32 gr0 gr0 85 <.L0 +0x5>
   3095c:	80 00 00 03 	jmpr gr0

00030960 <_int_entry_group8_6>:
   30960:	94 00 00 21 	movigh gr0 2 <Cla1Task1+0x2>
   30964:	94 0f c0 05 	movigl gr0 fffffc00 <XintfaRegs+0xdffffc00>
   30968:	a8 00 10 c2 	load32 gr0 gr0 86 <.L0 +0x6>
   3096c:	80 00 00 03 	jmpr gr0

00030970 <_int_entry_group8_7>:
   30970:	94 00 00 21 	movigh gr0 2 <Cla1Task1+0x2>
   30974:	94 0f c0 05 	movigl gr0 fffffc00 <XintfaRegs+0xdffffc00>
   30978:	a8 00 10 e2 	load32 gr0 gr0 87 <.L0 +0x7>
   3097c:	80 00 00 03 	jmpr gr0

00030980 <_int_entry_group8_8>:
   30980:	94 00 00 21 	movigh gr0 2 <Cla1Task1+0x2>
   30984:	94 0f c0 05 	movigl gr0 fffffc00 <XintfaRegs+0xdffffc00>
   30988:	a8 00 11 02 	load32 gr0 gr0 88 <.L0 +0x8>
   3098c:	80 00 00 03 	jmpr gr0

00030990 <_int_entry_group8_9>:
   30990:	94 00 00 21 	movigh gr0 2 <Cla1Task1+0x2>
   30994:	94 0f c0 05 	movigl gr0 fffffc00 <XintfaRegs+0xdffffc00>
   30998:	a8 00 11 22 	load32 gr0 gr0 89 <.L0 +0x9>
   3099c:	80 00 00 03 	jmpr gr0

000309a0 <_int_entry_group8_10>:
   309a0:	94 00 00 21 	movigh gr0 2 <Cla1Task1+0x2>
   309a4:	94 0f c0 05 	movigl gr0 fffffc00 <XintfaRegs+0xdffffc00>
   309a8:	a8 00 11 42 	load32 gr0 gr0 8a <.L0 +0xa>
   309ac:	80 00 00 03 	jmpr gr0

000309b0 <_int_entry_group8_11>:
   309b0:	94 00 00 21 	movigh gr0 2 <Cla1Task1+0x2>
   309b4:	94 0f c0 05 	movigl gr0 fffffc00 <XintfaRegs+0xdffffc00>
   309b8:	a8 00 11 62 	load32 gr0 gr0 8b <.L0 +0xb>
   309bc:	80 00 00 03 	jmpr gr0

000309c0 <_int_entry_group8_12>:
   309c0:	94 00 00 21 	movigh gr0 2 <Cla1Task1+0x2>
   309c4:	94 0f c0 05 	movigl gr0 fffffc00 <XintfaRegs+0xdffffc00>
   309c8:	a8 00 11 82 	load32 gr0 gr0 8c <Cla1Task2>
   309cc:	80 00 00 03 	jmpr gr0

000309d0 <_int_entry_group8_13>:
   309d0:	94 00 00 21 	movigh gr0 2 <Cla1Task1+0x2>
   309d4:	94 0f c0 05 	movigl gr0 fffffc00 <XintfaRegs+0xdffffc00>
   309d8:	a8 00 11 a2 	load32 gr0 gr0 8d <Cla1Task2+0x1>
   309dc:	80 00 00 03 	jmpr gr0

000309e0 <_int_entry_group8_14>:
   309e0:	94 00 00 21 	movigh gr0 2 <Cla1Task1+0x2>
   309e4:	94 0f c0 05 	movigl gr0 fffffc00 <XintfaRegs+0xdffffc00>
   309e8:	a8 00 11 c2 	load32 gr0 gr0 8e <Cla1Task2+0x2>
   309ec:	80 00 00 03 	jmpr gr0

000309f0 <_int_entry_group8_15>:
   309f0:	94 00 00 21 	movigh gr0 2 <Cla1Task1+0x2>
   309f4:	94 0f c0 05 	movigl gr0 fffffc00 <XintfaRegs+0xdffffc00>
   309f8:	a8 00 11 e2 	load32 gr0 gr0 8f <Cla1Task2+0x3>
   309fc:	80 00 00 03 	jmpr gr0

00030a00 <_int_entry_group9_0>:
   30a00:	94 00 00 21 	movigh gr0 2 <Cla1Task1+0x2>
   30a04:	94 0f c0 05 	movigl gr0 fffffc00 <XintfaRegs+0xdffffc00>
   30a08:	a8 00 12 02 	load32 gr0 gr0 90 <Cla1Task2+0x4>
   30a0c:	80 00 00 03 	jmpr gr0

00030a10 <_int_entry_group9_1>:
   30a10:	94 00 00 21 	movigh gr0 2 <Cla1Task1+0x2>
   30a14:	94 0f c0 05 	movigl gr0 fffffc00 <XintfaRegs+0xdffffc00>
   30a18:	a8 00 12 22 	load32 gr0 gr0 91 <Cla1Task2+0x5>
   30a1c:	80 00 00 03 	jmpr gr0

00030a20 <_int_entry_group9_2>:
   30a20:	94 00 00 21 	movigh gr0 2 <Cla1Task1+0x2>
   30a24:	94 0f c0 05 	movigl gr0 fffffc00 <XintfaRegs+0xdffffc00>
   30a28:	a8 00 12 42 	load32 gr0 gr0 92 <Cla1Task2+0x6>
   30a2c:	80 00 00 03 	jmpr gr0

00030a30 <_int_entry_group9_3>:
   30a30:	94 00 00 21 	movigh gr0 2 <Cla1Task1+0x2>
   30a34:	94 0f c0 05 	movigl gr0 fffffc00 <XintfaRegs+0xdffffc00>
   30a38:	a8 00 12 62 	load32 gr0 gr0 93 <Cla1Task2+0x7>
   30a3c:	80 00 00 03 	jmpr gr0

00030a40 <_int_entry_group9_4>:
   30a40:	94 00 00 21 	movigh gr0 2 <Cla1Task1+0x2>
   30a44:	94 0f c0 05 	movigl gr0 fffffc00 <XintfaRegs+0xdffffc00>
   30a48:	a8 00 12 82 	load32 gr0 gr0 94 <Cla1Task2+0x8>
   30a4c:	80 00 00 03 	jmpr gr0

00030a50 <_int_entry_group9_5>:
   30a50:	94 00 00 21 	movigh gr0 2 <Cla1Task1+0x2>
   30a54:	94 0f c0 05 	movigl gr0 fffffc00 <XintfaRegs+0xdffffc00>
   30a58:	a8 00 12 a2 	load32 gr0 gr0 95 <Cla1Task2+0x9>
   30a5c:	80 00 00 03 	jmpr gr0

00030a60 <_int_entry_group9_6>:
   30a60:	94 00 00 21 	movigh gr0 2 <Cla1Task1+0x2>
   30a64:	94 0f c0 05 	movigl gr0 fffffc00 <XintfaRegs+0xdffffc00>
   30a68:	a8 00 12 c2 	load32 gr0 gr0 96 <Cla1Task2+0xa>
   30a6c:	80 00 00 03 	jmpr gr0

00030a70 <_int_entry_group9_7>:
   30a70:	94 00 00 21 	movigh gr0 2 <Cla1Task1+0x2>
   30a74:	94 0f c0 05 	movigl gr0 fffffc00 <XintfaRegs+0xdffffc00>
   30a78:	a8 00 12 e2 	load32 gr0 gr0 97 <Cla1Task2+0xb>
   30a7c:	80 00 00 03 	jmpr gr0

00030a80 <_int_entry_group9_8>:
   30a80:	94 00 00 21 	movigh gr0 2 <Cla1Task1+0x2>
   30a84:	94 0f c0 05 	movigl gr0 fffffc00 <XintfaRegs+0xdffffc00>
   30a88:	a8 00 13 02 	load32 gr0 gr0 98 <Cla1Task2+0xc>
   30a8c:	80 00 00 03 	jmpr gr0

00030a90 <_int_entry_group9_9>:
   30a90:	94 00 00 21 	movigh gr0 2 <Cla1Task1+0x2>
   30a94:	94 0f c0 05 	movigl gr0 fffffc00 <XintfaRegs+0xdffffc00>
   30a98:	a8 00 13 22 	load32 gr0 gr0 99 <Cla1Task2+0xd>
   30a9c:	80 00 00 03 	jmpr gr0

00030aa0 <_int_entry_group9_10>:
   30aa0:	94 00 00 21 	movigh gr0 2 <Cla1Task1+0x2>
   30aa4:	94 0f c0 05 	movigl gr0 fffffc00 <XintfaRegs+0xdffffc00>
   30aa8:	a8 00 13 42 	load32 gr0 gr0 9a <Cla1Task2+0xe>
   30aac:	80 00 00 03 	jmpr gr0

00030ab0 <_int_entry_group9_11>:
   30ab0:	94 00 00 21 	movigh gr0 2 <Cla1Task1+0x2>
   30ab4:	94 0f c0 05 	movigl gr0 fffffc00 <XintfaRegs+0xdffffc00>
   30ab8:	a8 00 13 62 	load32 gr0 gr0 9b <Cla1Task2+0xf>
   30abc:	80 00 00 03 	jmpr gr0

00030ac0 <_int_entry_group9_12>:
   30ac0:	94 00 00 21 	movigh gr0 2 <Cla1Task1+0x2>
   30ac4:	94 0f c0 05 	movigl gr0 fffffc00 <XintfaRegs+0xdffffc00>
   30ac8:	a8 00 13 82 	load32 gr0 gr0 9c <Cla1Task2+0x10>
   30acc:	80 00 00 03 	jmpr gr0

00030ad0 <_int_entry_group9_13>:
   30ad0:	94 00 00 21 	movigh gr0 2 <Cla1Task1+0x2>
   30ad4:	94 0f c0 05 	movigl gr0 fffffc00 <XintfaRegs+0xdffffc00>
   30ad8:	a8 00 13 a2 	load32 gr0 gr0 9d <Cla1Task2+0x11>
   30adc:	80 00 00 03 	jmpr gr0

00030ae0 <_int_entry_group9_14>:
   30ae0:	94 00 00 21 	movigh gr0 2 <Cla1Task1+0x2>
   30ae4:	94 0f c0 05 	movigl gr0 fffffc00 <XintfaRegs+0xdffffc00>
   30ae8:	a8 00 13 c2 	load32 gr0 gr0 9e <Cla1Task2+0x12>
   30aec:	80 00 00 03 	jmpr gr0

00030af0 <_int_entry_group9_15>:
   30af0:	94 00 00 21 	movigh gr0 2 <Cla1Task1+0x2>
   30af4:	94 0f c0 05 	movigl gr0 fffffc00 <XintfaRegs+0xdffffc00>
   30af8:	a8 00 13 e2 	load32 gr0 gr0 9f <Cla1Task2+0x13>
   30afc:	80 00 00 03 	jmpr gr0

00030b00 <_int_entry_group10_0>:
   30b00:	94 00 00 21 	movigh gr0 2 <Cla1Task1+0x2>
   30b04:	94 0f c0 05 	movigl gr0 fffffc00 <XintfaRegs+0xdffffc00>
   30b08:	a8 00 14 02 	load32 gr0 gr0 a0 <Cla1Task2+0x14>
   30b0c:	80 00 00 03 	jmpr gr0

00030b10 <_int_entry_group10_1>:
   30b10:	94 00 00 21 	movigh gr0 2 <Cla1Task1+0x2>
   30b14:	94 0f c0 05 	movigl gr0 fffffc00 <XintfaRegs+0xdffffc00>
   30b18:	a8 00 14 22 	load32 gr0 gr0 a1 <Cla1Task2+0x15>
   30b1c:	80 00 00 03 	jmpr gr0

00030b20 <_int_entry_group10_2>:
   30b20:	94 00 00 21 	movigh gr0 2 <Cla1Task1+0x2>
   30b24:	94 0f c0 05 	movigl gr0 fffffc00 <XintfaRegs+0xdffffc00>
   30b28:	a8 00 14 42 	load32 gr0 gr0 a2 <Cla1Task2+0x16>
   30b2c:	80 00 00 03 	jmpr gr0

00030b30 <_int_entry_group10_3>:
   30b30:	94 00 00 21 	movigh gr0 2 <Cla1Task1+0x2>
   30b34:	94 0f c0 05 	movigl gr0 fffffc00 <XintfaRegs+0xdffffc00>
   30b38:	a8 00 14 62 	load32 gr0 gr0 a3 <Cla1Task2+0x17>
   30b3c:	80 00 00 03 	jmpr gr0

00030b40 <_int_entry_group10_4>:
   30b40:	94 00 00 21 	movigh gr0 2 <Cla1Task1+0x2>
   30b44:	94 0f c0 05 	movigl gr0 fffffc00 <XintfaRegs+0xdffffc00>
   30b48:	a8 00 14 82 	load32 gr0 gr0 a4 <.L0 >
   30b4c:	80 00 00 03 	jmpr gr0

00030b50 <_int_entry_group10_5>:
   30b50:	94 00 00 21 	movigh gr0 2 <Cla1Task1+0x2>
   30b54:	94 0f c0 05 	movigl gr0 fffffc00 <XintfaRegs+0xdffffc00>
   30b58:	a8 00 14 a2 	load32 gr0 gr0 a5 <.L0 +0x1>
   30b5c:	80 00 00 03 	jmpr gr0

00030b60 <_int_entry_group10_6>:
   30b60:	94 00 00 21 	movigh gr0 2 <Cla1Task1+0x2>
   30b64:	94 0f c0 05 	movigl gr0 fffffc00 <XintfaRegs+0xdffffc00>
   30b68:	a8 00 14 c2 	load32 gr0 gr0 a6 <.L0 +0x2>
   30b6c:	80 00 00 03 	jmpr gr0

00030b70 <_int_entry_group10_7>:
   30b70:	94 00 00 21 	movigh gr0 2 <Cla1Task1+0x2>
   30b74:	94 0f c0 05 	movigl gr0 fffffc00 <XintfaRegs+0xdffffc00>
   30b78:	a8 00 14 e2 	load32 gr0 gr0 a7 <.L0 +0x3>
   30b7c:	80 00 00 03 	jmpr gr0

00030b80 <_int_entry_group10_8>:
   30b80:	94 00 00 21 	movigh gr0 2 <Cla1Task1+0x2>
   30b84:	94 0f c0 05 	movigl gr0 fffffc00 <XintfaRegs+0xdffffc00>
   30b88:	a8 00 15 02 	load32 gr0 gr0 a8 <.L0 +0x4>
   30b8c:	80 00 00 03 	jmpr gr0

00030b90 <_int_entry_group10_9>:
   30b90:	94 00 00 21 	movigh gr0 2 <Cla1Task1+0x2>
   30b94:	94 0f c0 05 	movigl gr0 fffffc00 <XintfaRegs+0xdffffc00>
   30b98:	a8 00 15 22 	load32 gr0 gr0 a9 <.L0 +0x5>
   30b9c:	80 00 00 03 	jmpr gr0

00030ba0 <_int_entry_group10_10>:
   30ba0:	94 00 00 21 	movigh gr0 2 <Cla1Task1+0x2>
   30ba4:	94 0f c0 05 	movigl gr0 fffffc00 <XintfaRegs+0xdffffc00>
   30ba8:	a8 00 15 42 	load32 gr0 gr0 aa <.L0 +0x6>
   30bac:	80 00 00 03 	jmpr gr0

00030bb0 <_int_entry_group10_11>:
   30bb0:	94 00 00 21 	movigh gr0 2 <Cla1Task1+0x2>
   30bb4:	94 0f c0 05 	movigl gr0 fffffc00 <XintfaRegs+0xdffffc00>
   30bb8:	a8 00 15 62 	load32 gr0 gr0 ab <.L0 +0x7>
   30bbc:	80 00 00 03 	jmpr gr0

00030bc0 <_int_entry_group10_12>:
   30bc0:	94 00 00 21 	movigh gr0 2 <Cla1Task1+0x2>
   30bc4:	94 0f c0 05 	movigl gr0 fffffc00 <XintfaRegs+0xdffffc00>
   30bc8:	a8 00 15 82 	load32 gr0 gr0 ac <.L0 +0x8>
   30bcc:	80 00 00 03 	jmpr gr0

00030bd0 <_int_entry_group10_13>:
   30bd0:	94 00 00 21 	movigh gr0 2 <Cla1Task1+0x2>
   30bd4:	94 0f c0 05 	movigl gr0 fffffc00 <XintfaRegs+0xdffffc00>
   30bd8:	a8 00 15 a2 	load32 gr0 gr0 ad <.L0 +0x9>
   30bdc:	80 00 00 03 	jmpr gr0

00030be0 <_int_entry_group10_14>:
   30be0:	94 00 00 21 	movigh gr0 2 <Cla1Task1+0x2>
   30be4:	94 0f c0 05 	movigl gr0 fffffc00 <XintfaRegs+0xdffffc00>
   30be8:	a8 00 15 c2 	load32 gr0 gr0 ae <.L0 +0xa>
   30bec:	80 00 00 03 	jmpr gr0

00030bf0 <_int_entry_group10_15>:
   30bf0:	94 00 00 21 	movigh gr0 2 <Cla1Task1+0x2>
   30bf4:	94 0f c0 05 	movigl gr0 fffffc00 <XintfaRegs+0xdffffc00>
   30bf8:	a8 00 15 e2 	load32 gr0 gr0 af <.L0 +0xb>
   30bfc:	80 00 00 03 	jmpr gr0

00030c00 <_int_entry_group11_0>:
   30c00:	94 00 00 21 	movigh gr0 2 <Cla1Task1+0x2>
   30c04:	94 0f c0 05 	movigl gr0 fffffc00 <XintfaRegs+0xdffffc00>
   30c08:	a8 00 16 02 	load32 gr0 gr0 b0 <.L0 +0xc>
   30c0c:	80 00 00 03 	jmpr gr0

00030c10 <_int_entry_group11_1>:
   30c10:	94 00 00 21 	movigh gr0 2 <Cla1Task1+0x2>
   30c14:	94 0f c0 05 	movigl gr0 fffffc00 <XintfaRegs+0xdffffc00>
   30c18:	a8 00 16 22 	load32 gr0 gr0 b1 <.L0 +0xd>
   30c1c:	80 00 00 03 	jmpr gr0

00030c20 <_int_entry_group11_2>:
   30c20:	94 00 00 21 	movigh gr0 2 <Cla1Task1+0x2>
   30c24:	94 0f c0 05 	movigl gr0 fffffc00 <XintfaRegs+0xdffffc00>
   30c28:	a8 00 16 42 	load32 gr0 gr0 b2 <.L0 +0xe>
   30c2c:	80 00 00 03 	jmpr gr0

00030c30 <_int_entry_group11_3>:
   30c30:	94 00 00 21 	movigh gr0 2 <Cla1Task1+0x2>
   30c34:	94 0f c0 05 	movigl gr0 fffffc00 <XintfaRegs+0xdffffc00>
   30c38:	a8 00 16 62 	load32 gr0 gr0 b3 <.L0 +0xf>
   30c3c:	80 00 00 03 	jmpr gr0

00030c40 <_int_entry_group11_4>:
   30c40:	94 00 00 21 	movigh gr0 2 <Cla1Task1+0x2>
   30c44:	94 0f c0 05 	movigl gr0 fffffc00 <XintfaRegs+0xdffffc00>
   30c48:	a8 00 16 82 	load32 gr0 gr0 b4 <.L0 +0x10>
   30c4c:	80 00 00 03 	jmpr gr0

00030c50 <_int_entry_group11_5>:
   30c50:	94 00 00 21 	movigh gr0 2 <Cla1Task1+0x2>
   30c54:	94 0f c0 05 	movigl gr0 fffffc00 <XintfaRegs+0xdffffc00>
   30c58:	a8 00 16 a2 	load32 gr0 gr0 b5 <.L0 +0x11>
   30c5c:	80 00 00 03 	jmpr gr0

00030c60 <_int_entry_group11_6>:
   30c60:	94 00 00 21 	movigh gr0 2 <Cla1Task1+0x2>
   30c64:	94 0f c0 05 	movigl gr0 fffffc00 <XintfaRegs+0xdffffc00>
   30c68:	a8 00 16 c2 	load32 gr0 gr0 b6 <.L0 +0x12>
   30c6c:	80 00 00 03 	jmpr gr0

00030c70 <_int_entry_group11_7>:
   30c70:	94 00 00 21 	movigh gr0 2 <Cla1Task1+0x2>
   30c74:	94 0f c0 05 	movigl gr0 fffffc00 <XintfaRegs+0xdffffc00>
   30c78:	a8 00 16 e2 	load32 gr0 gr0 b7 <.L0 +0x13>
   30c7c:	80 00 00 03 	jmpr gr0

00030c80 <_int_entry_group11_8>:
   30c80:	94 00 00 21 	movigh gr0 2 <Cla1Task1+0x2>
   30c84:	94 0f c0 05 	movigl gr0 fffffc00 <XintfaRegs+0xdffffc00>
   30c88:	a8 00 17 02 	load32 gr0 gr0 b8 <.L0 >
   30c8c:	80 00 00 03 	jmpr gr0

00030c90 <_int_entry_group11_9>:
   30c90:	94 00 00 21 	movigh gr0 2 <Cla1Task1+0x2>
   30c94:	94 0f c0 05 	movigl gr0 fffffc00 <XintfaRegs+0xdffffc00>
   30c98:	a8 00 17 22 	load32 gr0 gr0 b9 <.L0 +0x1>
   30c9c:	80 00 00 03 	jmpr gr0

00030ca0 <_int_entry_group11_10>:
   30ca0:	94 00 00 21 	movigh gr0 2 <Cla1Task1+0x2>
   30ca4:	94 0f c0 05 	movigl gr0 fffffc00 <XintfaRegs+0xdffffc00>
   30ca8:	a8 00 17 42 	load32 gr0 gr0 ba <.L0 +0x2>
   30cac:	80 00 00 03 	jmpr gr0

00030cb0 <_int_entry_group11_11>:
   30cb0:	94 00 00 21 	movigh gr0 2 <Cla1Task1+0x2>
   30cb4:	94 0f c0 05 	movigl gr0 fffffc00 <XintfaRegs+0xdffffc00>
   30cb8:	a8 00 17 62 	load32 gr0 gr0 bb <.L0 +0x3>
   30cbc:	80 00 00 03 	jmpr gr0

00030cc0 <_int_entry_group11_12>:
   30cc0:	94 00 00 21 	movigh gr0 2 <Cla1Task1+0x2>
   30cc4:	94 0f c0 05 	movigl gr0 fffffc00 <XintfaRegs+0xdffffc00>
   30cc8:	a8 00 17 82 	load32 gr0 gr0 bc <.L0 +0x4>
   30ccc:	80 00 00 03 	jmpr gr0

00030cd0 <_int_entry_group11_13>:
   30cd0:	94 00 00 21 	movigh gr0 2 <Cla1Task1+0x2>
   30cd4:	94 0f c0 05 	movigl gr0 fffffc00 <XintfaRegs+0xdffffc00>
   30cd8:	a8 00 17 a2 	load32 gr0 gr0 bd <.L0 +0x5>
   30cdc:	80 00 00 03 	jmpr gr0

00030ce0 <_int_entry_group11_14>:
   30ce0:	94 00 00 21 	movigh gr0 2 <Cla1Task1+0x2>
   30ce4:	94 0f c0 05 	movigl gr0 fffffc00 <XintfaRegs+0xdffffc00>
   30ce8:	a8 00 17 c2 	load32 gr0 gr0 be <.L0 +0x6>
   30cec:	80 00 00 03 	jmpr gr0

00030cf0 <_int_entry_group11_15>:
   30cf0:	94 00 00 21 	movigh gr0 2 <Cla1Task1+0x2>
   30cf4:	94 0f c0 05 	movigl gr0 fffffc00 <XintfaRegs+0xdffffc00>
   30cf8:	a8 00 17 e2 	load32 gr0 gr0 bf <.L0 +0x7>
   30cfc:	80 00 00 03 	jmpr gr0

00030d00 <_int_entry_group12_0>:
   30d00:	94 00 00 21 	movigh gr0 2 <Cla1Task1+0x2>
   30d04:	94 0f c0 05 	movigl gr0 fffffc00 <XintfaRegs+0xdffffc00>
   30d08:	a8 00 18 02 	load32 gr0 gr0 c0 <.L0 +0x8>
   30d0c:	80 00 00 03 	jmpr gr0

00030d10 <_int_entry_group12_1>:
   30d10:	94 00 00 21 	movigh gr0 2 <Cla1Task1+0x2>
   30d14:	94 0f c0 05 	movigl gr0 fffffc00 <XintfaRegs+0xdffffc00>
   30d18:	a8 00 18 22 	load32 gr0 gr0 c1 <.L0 +0x9>
   30d1c:	80 00 00 03 	jmpr gr0

00030d20 <_int_entry_group12_2>:
   30d20:	94 00 00 21 	movigh gr0 2 <Cla1Task1+0x2>
   30d24:	94 0f c0 05 	movigl gr0 fffffc00 <XintfaRegs+0xdffffc00>
   30d28:	a8 00 18 42 	load32 gr0 gr0 c2 <.L0 >
   30d2c:	80 00 00 03 	jmpr gr0

00030d30 <_int_entry_group12_3>:
   30d30:	94 00 00 21 	movigh gr0 2 <Cla1Task1+0x2>
   30d34:	94 0f c0 05 	movigl gr0 fffffc00 <XintfaRegs+0xdffffc00>
   30d38:	a8 00 18 62 	load32 gr0 gr0 c3 <.L0 +0x1>
   30d3c:	80 00 00 03 	jmpr gr0

00030d40 <_int_entry_group12_4>:
   30d40:	94 00 00 21 	movigh gr0 2 <Cla1Task1+0x2>
   30d44:	94 0f c0 05 	movigl gr0 fffffc00 <XintfaRegs+0xdffffc00>
   30d48:	a8 00 18 82 	load32 gr0 gr0 c4 <.L0 +0x2>
   30d4c:	80 00 00 03 	jmpr gr0

00030d50 <_int_entry_group12_5>:
   30d50:	94 00 00 21 	movigh gr0 2 <Cla1Task1+0x2>
   30d54:	94 0f c0 05 	movigl gr0 fffffc00 <XintfaRegs+0xdffffc00>
   30d58:	a8 00 18 a2 	load32 gr0 gr0 c5 <.L0 +0x3>
   30d5c:	80 00 00 03 	jmpr gr0

00030d60 <_int_entry_group12_6>:
   30d60:	94 00 00 21 	movigh gr0 2 <Cla1Task1+0x2>
   30d64:	94 0f c0 05 	movigl gr0 fffffc00 <XintfaRegs+0xdffffc00>
   30d68:	a8 00 18 c2 	load32 gr0 gr0 c6 <.L0 +0x4>
   30d6c:	80 00 00 03 	jmpr gr0

00030d70 <_int_entry_group12_7>:
   30d70:	94 00 00 21 	movigh gr0 2 <Cla1Task1+0x2>
   30d74:	94 0f c0 05 	movigl gr0 fffffc00 <XintfaRegs+0xdffffc00>
   30d78:	a8 00 18 e2 	load32 gr0 gr0 c7 <.L0 +0x5>
   30d7c:	80 00 00 03 	jmpr gr0

00030d80 <_int_entry_group12_8>:
   30d80:	94 00 00 21 	movigh gr0 2 <Cla1Task1+0x2>
   30d84:	94 0f c0 05 	movigl gr0 fffffc00 <XintfaRegs+0xdffffc00>
   30d88:	a8 00 19 02 	load32 gr0 gr0 c8 <.L0 +0x6>
   30d8c:	80 00 00 03 	jmpr gr0

00030d90 <_int_entry_group12_9>:
   30d90:	94 00 00 21 	movigh gr0 2 <Cla1Task1+0x2>
   30d94:	94 0f c0 05 	movigl gr0 fffffc00 <XintfaRegs+0xdffffc00>
   30d98:	a8 00 19 22 	load32 gr0 gr0 c9 <.L0 +0x7>
   30d9c:	80 00 00 03 	jmpr gr0

00030da0 <_int_entry_group12_10>:
   30da0:	94 00 00 21 	movigh gr0 2 <Cla1Task1+0x2>
   30da4:	94 0f c0 05 	movigl gr0 fffffc00 <XintfaRegs+0xdffffc00>
   30da8:	a8 00 19 42 	load32 gr0 gr0 ca <.L0 +0x8>
   30dac:	80 00 00 03 	jmpr gr0

00030db0 <_int_entry_group12_11>:
   30db0:	94 00 00 21 	movigh gr0 2 <Cla1Task1+0x2>
   30db4:	94 0f c0 05 	movigl gr0 fffffc00 <XintfaRegs+0xdffffc00>
   30db8:	a8 00 19 62 	load32 gr0 gr0 cb <.L0 +0x9>
   30dbc:	80 00 00 03 	jmpr gr0

00030dc0 <_int_entry_group12_12>:
   30dc0:	94 00 00 21 	movigh gr0 2 <Cla1Task1+0x2>
   30dc4:	94 0f c0 05 	movigl gr0 fffffc00 <XintfaRegs+0xdffffc00>
   30dc8:	a8 00 19 82 	load32 gr0 gr0 cc <.L0 +0xa>
   30dcc:	80 00 00 03 	jmpr gr0

00030dd0 <_int_entry_group12_13>:
   30dd0:	94 00 00 21 	movigh gr0 2 <Cla1Task1+0x2>
   30dd4:	94 0f c0 05 	movigl gr0 fffffc00 <XintfaRegs+0xdffffc00>
   30dd8:	a8 00 19 a2 	load32 gr0 gr0 cd <.L0 +0xb>
   30ddc:	80 00 00 03 	jmpr gr0

00030de0 <_int_entry_group12_14>:
   30de0:	94 00 00 21 	movigh gr0 2 <Cla1Task1+0x2>
   30de4:	94 0f c0 05 	movigl gr0 fffffc00 <XintfaRegs+0xdffffc00>
   30de8:	a8 00 19 c2 	load32 gr0 gr0 ce <.L0 +0xc>
   30dec:	80 00 00 03 	jmpr gr0

00030df0 <_int_entry_group12_15>:
   30df0:	94 00 00 21 	movigh gr0 2 <Cla1Task1+0x2>
   30df4:	94 0f c0 05 	movigl gr0 fffffc00 <XintfaRegs+0xdffffc00>
   30df8:	a8 00 19 e2 	load32 gr0 gr0 cf <.L0 +0xd>
   30dfc:	80 00 00 03 	jmpr gr0

00030e00 <_int_entry_group13_0>:
   30e00:	94 00 00 21 	movigh gr0 2 <Cla1Task1+0x2>
   30e04:	94 0f c0 05 	movigl gr0 fffffc00 <XintfaRegs+0xdffffc00>
   30e08:	a8 00 1a 02 	load32 gr0 gr0 d0 <.L0 +0xe>
   30e0c:	80 00 00 03 	jmpr gr0

00030e10 <_int_entry_group14_0>:
   30e10:	94 00 00 21 	movigh gr0 2 <Cla1Task1+0x2>
   30e14:	94 0f c0 05 	movigl gr0 fffffc00 <XintfaRegs+0xdffffc00>
   30e18:	a8 00 1c 02 	load32 gr0 gr0 e0 <.L0 +0xb>
   30e1c:	80 00 00 03 	jmpr gr0

00030e20 <_int_entry_group15_0>:
   30e20:	94 00 00 21 	movigh gr0 2 <Cla1Task1+0x2>
   30e24:	94 0f c0 05 	movigl gr0 fffffc00 <XintfaRegs+0xdffffc00>
   30e28:	a8 00 1e 02 	load32 gr0 gr0 f0 <.L0 +0x1b>
   30e2c:	80 00 00 03 	jmpr gr0

00030e30 <_lb_padding_nops>:
   30e30:	80 00 00 00 	nop
   30e34:	80 00 00 00 	nop
   30e38:	80 00 00 00 	nop
   30e3c:	80 00 00 00 	nop

00030e40 <_lb_func_init_bss>:
   30e40:	94 20 00 11 	movigh gr2 1 <Cla1Task1+0x1>
   30e44:	94 20 0f 15 	movigl gr2 f1 <.L0 +0x1c>
   30e48:	94 30 00 11 	movigh gr3 1 <Cla1Task1+0x1>
   30e4c:	94 30 0f c5 	movigl gr3 fc <.L0 +0x27>
   30e50:	94 40 00 01 	movigh gr4 0 <Cla1Task1>
   30e54:	94 40 00 05 	movigl gr4 0 <Cla1Task1>

00030e58 <_lb_assign_0_loop>:
   30e58:	90 00 83 00 	eq gr2 gr3
   30e5c:	80 00 00 e5 	jc 30e7c <_lb_func_init_bss_end>
   30e60:	80 00 00 00 	nop
   30e64:	80 00 00 00 	nop
   30e68:	ec 40 80 00 	store8 gr4 gr2 0 <Cla1Task1>
   30e6c:	98 20 80 08 	addi gr2 gr2 1 <Cla1Task1+0x1>
   30e70:	83 ff ff 21 	jmp 30e58 <_lb_assign_0_loop>
   30e74:	80 00 00 00 	nop
   30e78:	80 00 00 00 	nop

00030e7c <_lb_func_init_bss_end>:
   30e7c:	80 00 00 04 	ret
   30e80:	80 00 00 00 	nop
   30e84:	80 00 00 00 	nop

00030e88 <_dsp_call_main>:
   30e88:	83 ff fd ad 	call 30e40 <_lb_func_init_bss>
   30e8c:	80 00 00 00 	nop
   30e90:	80 00 00 00 	nop
   30e94:	95 e0 00 21 	movigh gr30 2 <Cla1Task1+0x2>
   30e98:	95 ef c0 05 	movigl gr30 fffffc00 <XintfaRegs+0xdffffc00>
   30e9c:	80 01 6f 8d 	call 33c90 <main>
   30ea0:	80 00 00 00 	nop
   30ea4:	80 00 00 00 	nop

00030ea8 <_main_exit_stay_nop>:
   30ea8:	83 ff ff e1 	jmp 30ea8 <_main_exit_stay_nop>
   30eac:	80 00 00 00 	nop
   30eb0:	80 00 00 00 	nop
   30eb4:	80 00 00 00 	nop

00030eb8 <qx_precise_delay>:
   30eb8:	98 41 3f f8 	addi gr4 gr4 ffffffff <XintfaRegs+0xdfffffff>
   30ebc:	80 00 00 00 	nop
   30ec0:	80 00 00 00 	nop
   30ec4:	94 01 00 16 	lei gr4 0 <Cla1Task1>
   30ec8:	83 ff ff 69 	jnc 30eb8 <qx_precise_delay>
   30ecc:	80 00 00 00 	nop
   30ed0:	80 00 00 00 	nop
   30ed4:	80 00 00 04 	ret
   30ed8:	80 00 00 00 	nop
   30edc:	80 00 00 00 	nop

00030ee0 <fast_interrupt_initvectortable>:
   30ee0:	94 20 00 01 	movigh gr2 0 <Cla1Task1>
   30ee4:	94 20 00 05 	movigl gr2 0 <Cla1Task1>
   30ee8:	94 30 00 01 	movigh gr3 0 <Cla1Task1>
   30eec:	94 30 40 05 	movigl gr3 400 <Cla1Task8+0x14>

00030ef0 <fast_ivecinit_loop>:
   30ef0:	84 61 02 00 	add gr6 gr4 gr2
   30ef4:	18 20 80 20 ┌	addi gr2 gr2 4 <Cla1Task1+0x4>
   30ef8:	ec 51 80 02 └	store32 gr5 gr6 0 <Cla1Task1>
   30efc:	90 00 83 00 	eq gr2 gr3
   30f00:	83 ff ff 69 	jnc 30ef0 <fast_ivecinit_loop>
   30f04:	80 00 00 00 	nop
   30f08:	80 00 00 00 	nop
   30f0c:	90 01 00 80 	movg2g gr0 gr4
   30f10:	80 00 00 04 	ret
   30f14:	80 00 00 00 	nop
   30f18:	80 00 00 00 	nop
   30f1c:	80 00 00 00 	nop

00030f20 <claint1ISR>:
   30f20:	ec 17 bd 02 	store32 gr1 gr30 ffffffe8 <XintfaRegs+0xdfffffe8>
   30f24:	80 00 00 00 	nop
   30f28:	80 00 00 00 	nop
   30f2c:	80 00 00 00 	nop
   30f30:	80 00 00 00 	nop
   30f34:	80 00 00 00 	nop
   30f38:	80 10 00 0f 	movc2g gr1
   30f3c:	ec 17 bc e2 	store32 gr1 gr30 ffffffe7 <XintfaRegs+0xdfffffe7>
   30f40:	99 e7 bc 80 	addi gr30 gr30 ffffff90 <XintfaRegs+0xdfffff90>
   30f44:	ec 07 83 62 	store32 gr0 gr30 1b <_core0_exp_start+0x15>
   30f48:	ec 17 83 42 	store32 gr1 gr30 1a <_core0_exp_start+0x14>
   30f4c:	ec 27 83 22 	store32 gr2 gr30 19 <_core0_exp_start+0x13>
   30f50:	ec 37 83 02 	store32 gr3 gr30 18 <_core0_exp_start+0x12>
   30f54:	ec 47 82 e2 	store32 gr4 gr30 17 <_core0_exp_start+0x11>
   30f58:	ec 57 82 c2 	store32 gr5 gr30 16 <_core0_exp_start+0x10>
   30f5c:	ec 67 82 a2 	store32 gr6 gr30 15 <_core0_exp_start+0xf>
   30f60:	ec 77 82 82 	store32 gr7 gr30 14 <_core0_exp_start+0xe>
   30f64:	ec 87 82 62 	store32 gr8 gr30 13 <_core0_exp_start+0xd>
   30f68:	ec 97 82 42 	store32 gr9 gr30 12 <_core0_exp_start+0xc>
   30f6c:	ec a7 82 22 	store32 gr10 gr30 11 <_core0_exp_start+0xb>
   30f70:	ec b7 82 02 	store32 gr11 gr30 10 <_core0_exp_start+0xa>
   30f74:	ec c7 81 e2 	store32 gr12 gr30 f <_core0_exp_start+0x9>
   30f78:	ec d7 81 c2 	store32 gr13 gr30 e <_core0_exp_start+0x8>
   30f7c:	ec e7 81 a2 	store32 gr14 gr30 d <_core0_exp_start+0x7>
   30f80:	ec f7 81 82 	store32 gr15 gr30 c <_core0_exp_start+0x6>
   30f84:	ed 87 81 62 	store32 gr24 gr30 b <_core0_exp_start+0x5>
   30f88:	ed 97 81 42 	store32 gr25 gr30 a <_core0_exp_start+0x4>
   30f8c:	ed c7 81 22 	store32 gr28 gr30 9 <_core0_exp_start+0x3>
   30f90:	ed f7 81 02 	store32 gr31 gr30 8 <_core0_exp_start+0x2>
   30f94:	ed e7 80 e2 	store32 gr30 gr30 7 <_core0_exp_start+0x1>
   30f98:	ed a7 80 c2 	store32 gr26 gr30 6 <_core0_exp_start>
   30f9c:	ed b7 80 a2 	store32 gr27 gr30 5 <Cla1Task1+0x5>
   30fa0:	80 00 8e 6d 	call 32170 <cla1_ISR>
   30fa4:	80 00 00 00 	nop
   30fa8:	80 00 00 00 	nop
   30fac:	80 00 00 00 	nop
   30fb0:	a9 b7 80 a2 	load32 gr27 gr30 5 <Cla1Task1+0x5>
   30fb4:	a9 a7 80 c2 	load32 gr26 gr30 6 <_core0_exp_start>
   30fb8:	a9 e7 80 e2 	load32 gr30 gr30 7 <_core0_exp_start+0x1>
   30fbc:	a9 f7 81 02 	load32 gr31 gr30 8 <_core0_exp_start+0x2>
   30fc0:	a9 c7 81 22 	load32 gr28 gr30 9 <_core0_exp_start+0x3>
   30fc4:	a9 97 81 42 	load32 gr25 gr30 a <_core0_exp_start+0x4>
   30fc8:	a9 87 81 62 	load32 gr24 gr30 b <_core0_exp_start+0x5>
   30fcc:	a8 f7 81 82 	load32 gr15 gr30 c <_core0_exp_start+0x6>
   30fd0:	a8 e7 81 a2 	load32 gr14 gr30 d <_core0_exp_start+0x7>
   30fd4:	a8 d7 81 c2 	load32 gr13 gr30 e <_core0_exp_start+0x8>
   30fd8:	a8 c7 81 e2 	load32 gr12 gr30 f <_core0_exp_start+0x9>
   30fdc:	a8 b7 82 02 	load32 gr11 gr30 10 <_core0_exp_start+0xa>
   30fe0:	a8 a7 82 22 	load32 gr10 gr30 11 <_core0_exp_start+0xb>
   30fe4:	a8 97 82 42 	load32 gr9 gr30 12 <_core0_exp_start+0xc>
   30fe8:	a8 87 82 62 	load32 gr8 gr30 13 <_core0_exp_start+0xd>
   30fec:	a8 77 82 82 	load32 gr7 gr30 14 <_core0_exp_start+0xe>
   30ff0:	a8 67 82 a2 	load32 gr6 gr30 15 <_core0_exp_start+0xf>
   30ff4:	a8 57 82 c2 	load32 gr5 gr30 16 <_core0_exp_start+0x10>
   30ff8:	a8 47 82 e2 	load32 gr4 gr30 17 <_core0_exp_start+0x11>
   30ffc:	a8 37 83 02 	load32 gr3 gr30 18 <_core0_exp_start+0x12>
   31000:	a8 27 83 22 	load32 gr2 gr30 19 <_core0_exp_start+0x13>
   31004:	a8 17 83 42 	load32 gr1 gr30 1a <_core0_exp_start+0x14>
   31008:	a8 07 83 62 	load32 gr0 gr30 1b <_core0_exp_start+0x15>
   3100c:	99 e7 83 80 	addi gr30 gr30 70 <.L0 +0x10>
   31010:	a8 17 bc e2 	load32 gr1 gr30 ffffffe7 <XintfaRegs+0xdfffffe7>
   31014:	80 00 40 0b 	movg2c gr1
   31018:	a8 17 bd 02 	load32 gr1 gr30 ffffffe8 <XintfaRegs+0xdfffffe8>
   3101c:	80 00 00 00 	nop
   31020:	80 00 00 00 	nop
   31024:	80 00 00 08 	rtt
   31028:	80 00 00 00 	nop
   3102c:	80 00 00 00 	nop

00031030 <claint2ISR>:
   31030:	ec 17 bd 02 	store32 gr1 gr30 ffffffe8 <XintfaRegs+0xdfffffe8>
   31034:	80 00 00 00 	nop
   31038:	80 00 00 00 	nop
   3103c:	80 00 00 00 	nop
   31040:	80 00 00 00 	nop
   31044:	80 00 00 00 	nop
   31048:	80 10 00 0f 	movc2g gr1
   3104c:	ec 17 bc e2 	store32 gr1 gr30 ffffffe7 <XintfaRegs+0xdfffffe7>
   31050:	99 e7 bc 80 	addi gr30 gr30 ffffff90 <XintfaRegs+0xdfffff90>
   31054:	ec 07 83 62 	store32 gr0 gr30 1b <_core0_exp_start+0x15>
   31058:	ec 17 83 42 	store32 gr1 gr30 1a <_core0_exp_start+0x14>
   3105c:	ec 27 83 22 	store32 gr2 gr30 19 <_core0_exp_start+0x13>
   31060:	ec 37 83 02 	store32 gr3 gr30 18 <_core0_exp_start+0x12>
   31064:	ec 47 82 e2 	store32 gr4 gr30 17 <_core0_exp_start+0x11>
   31068:	ec 57 82 c2 	store32 gr5 gr30 16 <_core0_exp_start+0x10>
   3106c:	ec 67 82 a2 	store32 gr6 gr30 15 <_core0_exp_start+0xf>
   31070:	ec 77 82 82 	store32 gr7 gr30 14 <_core0_exp_start+0xe>
   31074:	ec 87 82 62 	store32 gr8 gr30 13 <_core0_exp_start+0xd>
   31078:	ec 97 82 42 	store32 gr9 gr30 12 <_core0_exp_start+0xc>
   3107c:	ec a7 82 22 	store32 gr10 gr30 11 <_core0_exp_start+0xb>
   31080:	ec b7 82 02 	store32 gr11 gr30 10 <_core0_exp_start+0xa>
   31084:	ec c7 81 e2 	store32 gr12 gr30 f <_core0_exp_start+0x9>
   31088:	ec d7 81 c2 	store32 gr13 gr30 e <_core0_exp_start+0x8>
   3108c:	ec e7 81 a2 	store32 gr14 gr30 d <_core0_exp_start+0x7>
   31090:	ec f7 81 82 	store32 gr15 gr30 c <_core0_exp_start+0x6>
   31094:	ed 87 81 62 	store32 gr24 gr30 b <_core0_exp_start+0x5>
   31098:	ed 97 81 42 	store32 gr25 gr30 a <_core0_exp_start+0x4>
   3109c:	ed c7 81 22 	store32 gr28 gr30 9 <_core0_exp_start+0x3>
   310a0:	ed f7 81 02 	store32 gr31 gr30 8 <_core0_exp_start+0x2>
   310a4:	ed e7 80 e2 	store32 gr30 gr30 7 <_core0_exp_start+0x1>
   310a8:	ed a7 80 c2 	store32 gr26 gr30 6 <_core0_exp_start>
   310ac:	ed b7 80 a2 	store32 gr27 gr30 5 <Cla1Task1+0x5>
   310b0:	80 00 87 ed 	call 321b0 <cla2_ISR>
   310b4:	80 00 00 00 	nop
   310b8:	80 00 00 00 	nop
   310bc:	80 00 00 00 	nop
   310c0:	a9 b7 80 a2 	load32 gr27 gr30 5 <Cla1Task1+0x5>
   310c4:	a9 a7 80 c2 	load32 gr26 gr30 6 <_core0_exp_start>
   310c8:	a9 e7 80 e2 	load32 gr30 gr30 7 <_core0_exp_start+0x1>
   310cc:	a9 f7 81 02 	load32 gr31 gr30 8 <_core0_exp_start+0x2>
   310d0:	a9 c7 81 22 	load32 gr28 gr30 9 <_core0_exp_start+0x3>
   310d4:	a9 97 81 42 	load32 gr25 gr30 a <_core0_exp_start+0x4>
   310d8:	a9 87 81 62 	load32 gr24 gr30 b <_core0_exp_start+0x5>
   310dc:	a8 f7 81 82 	load32 gr15 gr30 c <_core0_exp_start+0x6>
   310e0:	a8 e7 81 a2 	load32 gr14 gr30 d <_core0_exp_start+0x7>
   310e4:	a8 d7 81 c2 	load32 gr13 gr30 e <_core0_exp_start+0x8>
   310e8:	a8 c7 81 e2 	load32 gr12 gr30 f <_core0_exp_start+0x9>
   310ec:	a8 b7 82 02 	load32 gr11 gr30 10 <_core0_exp_start+0xa>
   310f0:	a8 a7 82 22 	load32 gr10 gr30 11 <_core0_exp_start+0xb>
   310f4:	a8 97 82 42 	load32 gr9 gr30 12 <_core0_exp_start+0xc>
   310f8:	a8 87 82 62 	load32 gr8 gr30 13 <_core0_exp_start+0xd>
   310fc:	a8 77 82 82 	load32 gr7 gr30 14 <_core0_exp_start+0xe>
   31100:	a8 67 82 a2 	load32 gr6 gr30 15 <_core0_exp_start+0xf>
   31104:	a8 57 82 c2 	load32 gr5 gr30 16 <_core0_exp_start+0x10>
   31108:	a8 47 82 e2 	load32 gr4 gr30 17 <_core0_exp_start+0x11>
   3110c:	a8 37 83 02 	load32 gr3 gr30 18 <_core0_exp_start+0x12>
   31110:	a8 27 83 22 	load32 gr2 gr30 19 <_core0_exp_start+0x13>
   31114:	a8 17 83 42 	load32 gr1 gr30 1a <_core0_exp_start+0x14>
   31118:	a8 07 83 62 	load32 gr0 gr30 1b <_core0_exp_start+0x15>
   3111c:	99 e7 83 80 	addi gr30 gr30 70 <.L0 +0x10>
   31120:	a8 17 bc e2 	load32 gr1 gr30 ffffffe7 <XintfaRegs+0xdfffffe7>
   31124:	80 00 40 0b 	movg2c gr1
   31128:	a8 17 bd 02 	load32 gr1 gr30 ffffffe8 <XintfaRegs+0xdfffffe8>
   3112c:	80 00 00 00 	nop
   31130:	80 00 00 00 	nop
   31134:	80 00 00 08 	rtt
   31138:	80 00 00 00 	nop
   3113c:	80 00 00 00 	nop

00031140 <claint3ISR>:
   31140:	ec 17 bd 02 	store32 gr1 gr30 ffffffe8 <XintfaRegs+0xdfffffe8>
   31144:	80 00 00 00 	nop
   31148:	80 00 00 00 	nop
   3114c:	80 00 00 00 	nop
   31150:	80 00 00 00 	nop
   31154:	80 00 00 00 	nop
   31158:	80 10 00 0f 	movc2g gr1
   3115c:	ec 17 bc e2 	store32 gr1 gr30 ffffffe7 <XintfaRegs+0xdfffffe7>
   31160:	99 e7 bc 80 	addi gr30 gr30 ffffff90 <XintfaRegs+0xdfffff90>
   31164:	ec 07 83 62 	store32 gr0 gr30 1b <_core0_exp_start+0x15>
   31168:	ec 17 83 42 	store32 gr1 gr30 1a <_core0_exp_start+0x14>
   3116c:	ec 27 83 22 	store32 gr2 gr30 19 <_core0_exp_start+0x13>
   31170:	ec 37 83 02 	store32 gr3 gr30 18 <_core0_exp_start+0x12>
   31174:	ec 47 82 e2 	store32 gr4 gr30 17 <_core0_exp_start+0x11>
   31178:	ec 57 82 c2 	store32 gr5 gr30 16 <_core0_exp_start+0x10>
   3117c:	ec 67 82 a2 	store32 gr6 gr30 15 <_core0_exp_start+0xf>
   31180:	ec 77 82 82 	store32 gr7 gr30 14 <_core0_exp_start+0xe>
   31184:	ec 87 82 62 	store32 gr8 gr30 13 <_core0_exp_start+0xd>
   31188:	ec 97 82 42 	store32 gr9 gr30 12 <_core0_exp_start+0xc>
   3118c:	ec a7 82 22 	store32 gr10 gr30 11 <_core0_exp_start+0xb>
   31190:	ec b7 82 02 	store32 gr11 gr30 10 <_core0_exp_start+0xa>
   31194:	ec c7 81 e2 	store32 gr12 gr30 f <_core0_exp_start+0x9>
   31198:	ec d7 81 c2 	store32 gr13 gr30 e <_core0_exp_start+0x8>
   3119c:	ec e7 81 a2 	store32 gr14 gr30 d <_core0_exp_start+0x7>
   311a0:	ec f7 81 82 	store32 gr15 gr30 c <_core0_exp_start+0x6>
   311a4:	ed 87 81 62 	store32 gr24 gr30 b <_core0_exp_start+0x5>
   311a8:	ed 97 81 42 	store32 gr25 gr30 a <_core0_exp_start+0x4>
   311ac:	ed c7 81 22 	store32 gr28 gr30 9 <_core0_exp_start+0x3>
   311b0:	ed f7 81 02 	store32 gr31 gr30 8 <_core0_exp_start+0x2>
   311b4:	ed e7 80 e2 	store32 gr30 gr30 7 <_core0_exp_start+0x1>
   311b8:	ed a7 80 c2 	store32 gr26 gr30 6 <_core0_exp_start>
   311bc:	ed b7 80 a2 	store32 gr27 gr30 5 <Cla1Task1+0x5>
   311c0:	80 00 81 6d 	call 321f0 <cla3_ISR>
   311c4:	80 00 00 00 	nop
   311c8:	80 00 00 00 	nop
   311cc:	80 00 00 00 	nop
   311d0:	a9 b7 80 a2 	load32 gr27 gr30 5 <Cla1Task1+0x5>
   311d4:	a9 a7 80 c2 	load32 gr26 gr30 6 <_core0_exp_start>
   311d8:	a9 e7 80 e2 	load32 gr30 gr30 7 <_core0_exp_start+0x1>
   311dc:	a9 f7 81 02 	load32 gr31 gr30 8 <_core0_exp_start+0x2>
   311e0:	a9 c7 81 22 	load32 gr28 gr30 9 <_core0_exp_start+0x3>
   311e4:	a9 97 81 42 	load32 gr25 gr30 a <_core0_exp_start+0x4>
   311e8:	a9 87 81 62 	load32 gr24 gr30 b <_core0_exp_start+0x5>
   311ec:	a8 f7 81 82 	load32 gr15 gr30 c <_core0_exp_start+0x6>
   311f0:	a8 e7 81 a2 	load32 gr14 gr30 d <_core0_exp_start+0x7>
   311f4:	a8 d7 81 c2 	load32 gr13 gr30 e <_core0_exp_start+0x8>
   311f8:	a8 c7 81 e2 	load32 gr12 gr30 f <_core0_exp_start+0x9>
   311fc:	a8 b7 82 02 	load32 gr11 gr30 10 <_core0_exp_start+0xa>
   31200:	a8 a7 82 22 	load32 gr10 gr30 11 <_core0_exp_start+0xb>
   31204:	a8 97 82 42 	load32 gr9 gr30 12 <_core0_exp_start+0xc>
   31208:	a8 87 82 62 	load32 gr8 gr30 13 <_core0_exp_start+0xd>
   3120c:	a8 77 82 82 	load32 gr7 gr30 14 <_core0_exp_start+0xe>
   31210:	a8 67 82 a2 	load32 gr6 gr30 15 <_core0_exp_start+0xf>
   31214:	a8 57 82 c2 	load32 gr5 gr30 16 <_core0_exp_start+0x10>
   31218:	a8 47 82 e2 	load32 gr4 gr30 17 <_core0_exp_start+0x11>
   3121c:	a8 37 83 02 	load32 gr3 gr30 18 <_core0_exp_start+0x12>
   31220:	a8 27 83 22 	load32 gr2 gr30 19 <_core0_exp_start+0x13>
   31224:	a8 17 83 42 	load32 gr1 gr30 1a <_core0_exp_start+0x14>
   31228:	a8 07 83 62 	load32 gr0 gr30 1b <_core0_exp_start+0x15>
   3122c:	99 e7 83 80 	addi gr30 gr30 70 <.L0 +0x10>
   31230:	a8 17 bc e2 	load32 gr1 gr30 ffffffe7 <XintfaRegs+0xdfffffe7>
   31234:	80 00 40 0b 	movg2c gr1
   31238:	a8 17 bd 02 	load32 gr1 gr30 ffffffe8 <XintfaRegs+0xdfffffe8>
   3123c:	80 00 00 00 	nop
   31240:	80 00 00 00 	nop
   31244:	80 00 00 08 	rtt
   31248:	80 00 00 00 	nop
   3124c:	80 00 00 00 	nop

00031250 <claint4ISR>:
   31250:	ec 17 bd 02 	store32 gr1 gr30 ffffffe8 <XintfaRegs+0xdfffffe8>
   31254:	80 00 00 00 	nop
   31258:	80 00 00 00 	nop
   3125c:	80 00 00 00 	nop
   31260:	80 00 00 00 	nop
   31264:	80 00 00 00 	nop
   31268:	80 10 00 0f 	movc2g gr1
   3126c:	ec 17 bc e2 	store32 gr1 gr30 ffffffe7 <XintfaRegs+0xdfffffe7>
   31270:	99 e7 bc 80 	addi gr30 gr30 ffffff90 <XintfaRegs+0xdfffff90>
   31274:	ec 07 83 62 	store32 gr0 gr30 1b <_core0_exp_start+0x15>
   31278:	ec 17 83 42 	store32 gr1 gr30 1a <_core0_exp_start+0x14>
   3127c:	ec 27 83 22 	store32 gr2 gr30 19 <_core0_exp_start+0x13>
   31280:	ec 37 83 02 	store32 gr3 gr30 18 <_core0_exp_start+0x12>
   31284:	ec 47 82 e2 	store32 gr4 gr30 17 <_core0_exp_start+0x11>
   31288:	ec 57 82 c2 	store32 gr5 gr30 16 <_core0_exp_start+0x10>
   3128c:	ec 67 82 a2 	store32 gr6 gr30 15 <_core0_exp_start+0xf>
   31290:	ec 77 82 82 	store32 gr7 gr30 14 <_core0_exp_start+0xe>
   31294:	ec 87 82 62 	store32 gr8 gr30 13 <_core0_exp_start+0xd>
   31298:	ec 97 82 42 	store32 gr9 gr30 12 <_core0_exp_start+0xc>
   3129c:	ec a7 82 22 	store32 gr10 gr30 11 <_core0_exp_start+0xb>
   312a0:	ec b7 82 02 	store32 gr11 gr30 10 <_core0_exp_start+0xa>
   312a4:	ec c7 81 e2 	store32 gr12 gr30 f <_core0_exp_start+0x9>
   312a8:	ec d7 81 c2 	store32 gr13 gr30 e <_core0_exp_start+0x8>
   312ac:	ec e7 81 a2 	store32 gr14 gr30 d <_core0_exp_start+0x7>
   312b0:	ec f7 81 82 	store32 gr15 gr30 c <_core0_exp_start+0x6>
   312b4:	ed 87 81 62 	store32 gr24 gr30 b <_core0_exp_start+0x5>
   312b8:	ed 97 81 42 	store32 gr25 gr30 a <_core0_exp_start+0x4>
   312bc:	ed c7 81 22 	store32 gr28 gr30 9 <_core0_exp_start+0x3>
   312c0:	ed f7 81 02 	store32 gr31 gr30 8 <_core0_exp_start+0x2>
   312c4:	ed e7 80 e2 	store32 gr30 gr30 7 <_core0_exp_start+0x1>
   312c8:	ed a7 80 c2 	store32 gr26 gr30 6 <_core0_exp_start>
   312cc:	ed b7 80 a2 	store32 gr27 gr30 5 <Cla1Task1+0x5>
   312d0:	80 00 7a ed 	call 32230 <cla4_ISR>
   312d4:	80 00 00 00 	nop
   312d8:	80 00 00 00 	nop
   312dc:	80 00 00 00 	nop
   312e0:	a9 b7 80 a2 	load32 gr27 gr30 5 <Cla1Task1+0x5>
   312e4:	a9 a7 80 c2 	load32 gr26 gr30 6 <_core0_exp_start>
   312e8:	a9 e7 80 e2 	load32 gr30 gr30 7 <_core0_exp_start+0x1>
   312ec:	a9 f7 81 02 	load32 gr31 gr30 8 <_core0_exp_start+0x2>
   312f0:	a9 c7 81 22 	load32 gr28 gr30 9 <_core0_exp_start+0x3>
   312f4:	a9 97 81 42 	load32 gr25 gr30 a <_core0_exp_start+0x4>
   312f8:	a9 87 81 62 	load32 gr24 gr30 b <_core0_exp_start+0x5>
   312fc:	a8 f7 81 82 	load32 gr15 gr30 c <_core0_exp_start+0x6>
   31300:	a8 e7 81 a2 	load32 gr14 gr30 d <_core0_exp_start+0x7>
   31304:	a8 d7 81 c2 	load32 gr13 gr30 e <_core0_exp_start+0x8>
   31308:	a8 c7 81 e2 	load32 gr12 gr30 f <_core0_exp_start+0x9>
   3130c:	a8 b7 82 02 	load32 gr11 gr30 10 <_core0_exp_start+0xa>
   31310:	a8 a7 82 22 	load32 gr10 gr30 11 <_core0_exp_start+0xb>
   31314:	a8 97 82 42 	load32 gr9 gr30 12 <_core0_exp_start+0xc>
   31318:	a8 87 82 62 	load32 gr8 gr30 13 <_core0_exp_start+0xd>
   3131c:	a8 77 82 82 	load32 gr7 gr30 14 <_core0_exp_start+0xe>
   31320:	a8 67 82 a2 	load32 gr6 gr30 15 <_core0_exp_start+0xf>
   31324:	a8 57 82 c2 	load32 gr5 gr30 16 <_core0_exp_start+0x10>
   31328:	a8 47 82 e2 	load32 gr4 gr30 17 <_core0_exp_start+0x11>
   3132c:	a8 37 83 02 	load32 gr3 gr30 18 <_core0_exp_start+0x12>
   31330:	a8 27 83 22 	load32 gr2 gr30 19 <_core0_exp_start+0x13>
   31334:	a8 17 83 42 	load32 gr1 gr30 1a <_core0_exp_start+0x14>
   31338:	a8 07 83 62 	load32 gr0 gr30 1b <_core0_exp_start+0x15>
   3133c:	99 e7 83 80 	addi gr30 gr30 70 <.L0 +0x10>
   31340:	a8 17 bc e2 	load32 gr1 gr30 ffffffe7 <XintfaRegs+0xdfffffe7>
   31344:	80 00 40 0b 	movg2c gr1
   31348:	a8 17 bd 02 	load32 gr1 gr30 ffffffe8 <XintfaRegs+0xdfffffe8>
   3134c:	80 00 00 00 	nop
   31350:	80 00 00 00 	nop
   31354:	80 00 00 08 	rtt
   31358:	80 00 00 00 	nop
   3135c:	80 00 00 00 	nop

00031360 <claint5ISR>:
   31360:	ec 17 bd 02 	store32 gr1 gr30 ffffffe8 <XintfaRegs+0xdfffffe8>
   31364:	80 00 00 00 	nop
   31368:	80 00 00 00 	nop
   3136c:	80 00 00 00 	nop
   31370:	80 00 00 00 	nop
   31374:	80 00 00 00 	nop
   31378:	80 10 00 0f 	movc2g gr1
   3137c:	ec 17 bc e2 	store32 gr1 gr30 ffffffe7 <XintfaRegs+0xdfffffe7>
   31380:	99 e7 bc 80 	addi gr30 gr30 ffffff90 <XintfaRegs+0xdfffff90>
   31384:	ec 07 83 62 	store32 gr0 gr30 1b <_core0_exp_start+0x15>
   31388:	ec 17 83 42 	store32 gr1 gr30 1a <_core0_exp_start+0x14>
   3138c:	ec 27 83 22 	store32 gr2 gr30 19 <_core0_exp_start+0x13>
   31390:	ec 37 83 02 	store32 gr3 gr30 18 <_core0_exp_start+0x12>
   31394:	ec 47 82 e2 	store32 gr4 gr30 17 <_core0_exp_start+0x11>
   31398:	ec 57 82 c2 	store32 gr5 gr30 16 <_core0_exp_start+0x10>
   3139c:	ec 67 82 a2 	store32 gr6 gr30 15 <_core0_exp_start+0xf>
   313a0:	ec 77 82 82 	store32 gr7 gr30 14 <_core0_exp_start+0xe>
   313a4:	ec 87 82 62 	store32 gr8 gr30 13 <_core0_exp_start+0xd>
   313a8:	ec 97 82 42 	store32 gr9 gr30 12 <_core0_exp_start+0xc>
   313ac:	ec a7 82 22 	store32 gr10 gr30 11 <_core0_exp_start+0xb>
   313b0:	ec b7 82 02 	store32 gr11 gr30 10 <_core0_exp_start+0xa>
   313b4:	ec c7 81 e2 	store32 gr12 gr30 f <_core0_exp_start+0x9>
   313b8:	ec d7 81 c2 	store32 gr13 gr30 e <_core0_exp_start+0x8>
   313bc:	ec e7 81 a2 	store32 gr14 gr30 d <_core0_exp_start+0x7>
   313c0:	ec f7 81 82 	store32 gr15 gr30 c <_core0_exp_start+0x6>
   313c4:	ed 87 81 62 	store32 gr24 gr30 b <_core0_exp_start+0x5>
   313c8:	ed 97 81 42 	store32 gr25 gr30 a <_core0_exp_start+0x4>
   313cc:	ed c7 81 22 	store32 gr28 gr30 9 <_core0_exp_start+0x3>
   313d0:	ed f7 81 02 	store32 gr31 gr30 8 <_core0_exp_start+0x2>
   313d4:	ed e7 80 e2 	store32 gr30 gr30 7 <_core0_exp_start+0x1>
   313d8:	ed a7 80 c2 	store32 gr26 gr30 6 <_core0_exp_start>
   313dc:	ed b7 80 a2 	store32 gr27 gr30 5 <Cla1Task1+0x5>
   313e0:	80 00 74 6d 	call 32270 <cla5_ISR>
   313e4:	80 00 00 00 	nop
   313e8:	80 00 00 00 	nop
   313ec:	80 00 00 00 	nop
   313f0:	a9 b7 80 a2 	load32 gr27 gr30 5 <Cla1Task1+0x5>
   313f4:	a9 a7 80 c2 	load32 gr26 gr30 6 <_core0_exp_start>
   313f8:	a9 e7 80 e2 	load32 gr30 gr30 7 <_core0_exp_start+0x1>
   313fc:	a9 f7 81 02 	load32 gr31 gr30 8 <_core0_exp_start+0x2>
   31400:	a9 c7 81 22 	load32 gr28 gr30 9 <_core0_exp_start+0x3>
   31404:	a9 97 81 42 	load32 gr25 gr30 a <_core0_exp_start+0x4>
   31408:	a9 87 81 62 	load32 gr24 gr30 b <_core0_exp_start+0x5>
   3140c:	a8 f7 81 82 	load32 gr15 gr30 c <_core0_exp_start+0x6>
   31410:	a8 e7 81 a2 	load32 gr14 gr30 d <_core0_exp_start+0x7>
   31414:	a8 d7 81 c2 	load32 gr13 gr30 e <_core0_exp_start+0x8>
   31418:	a8 c7 81 e2 	load32 gr12 gr30 f <_core0_exp_start+0x9>
   3141c:	a8 b7 82 02 	load32 gr11 gr30 10 <_core0_exp_start+0xa>
   31420:	a8 a7 82 22 	load32 gr10 gr30 11 <_core0_exp_start+0xb>
   31424:	a8 97 82 42 	load32 gr9 gr30 12 <_core0_exp_start+0xc>
   31428:	a8 87 82 62 	load32 gr8 gr30 13 <_core0_exp_start+0xd>
   3142c:	a8 77 82 82 	load32 gr7 gr30 14 <_core0_exp_start+0xe>
   31430:	a8 67 82 a2 	load32 gr6 gr30 15 <_core0_exp_start+0xf>
   31434:	a8 57 82 c2 	load32 gr5 gr30 16 <_core0_exp_start+0x10>
   31438:	a8 47 82 e2 	load32 gr4 gr30 17 <_core0_exp_start+0x11>
   3143c:	a8 37 83 02 	load32 gr3 gr30 18 <_core0_exp_start+0x12>
   31440:	a8 27 83 22 	load32 gr2 gr30 19 <_core0_exp_start+0x13>
   31444:	a8 17 83 42 	load32 gr1 gr30 1a <_core0_exp_start+0x14>
   31448:	a8 07 83 62 	load32 gr0 gr30 1b <_core0_exp_start+0x15>
   3144c:	99 e7 83 80 	addi gr30 gr30 70 <.L0 +0x10>
   31450:	a8 17 bc e2 	load32 gr1 gr30 ffffffe7 <XintfaRegs+0xdfffffe7>
   31454:	80 00 40 0b 	movg2c gr1
   31458:	a8 17 bd 02 	load32 gr1 gr30 ffffffe8 <XintfaRegs+0xdfffffe8>
   3145c:	80 00 00 00 	nop
   31460:	80 00 00 00 	nop
   31464:	80 00 00 08 	rtt
   31468:	80 00 00 00 	nop
   3146c:	80 00 00 00 	nop

00031470 <claint6ISR>:
   31470:	ec 17 bd 02 	store32 gr1 gr30 ffffffe8 <XintfaRegs+0xdfffffe8>
   31474:	80 00 00 00 	nop
   31478:	80 00 00 00 	nop
   3147c:	80 00 00 00 	nop
   31480:	80 00 00 00 	nop
   31484:	80 00 00 00 	nop
   31488:	80 10 00 0f 	movc2g gr1
   3148c:	ec 17 bc e2 	store32 gr1 gr30 ffffffe7 <XintfaRegs+0xdfffffe7>
   31490:	99 e7 bc 80 	addi gr30 gr30 ffffff90 <XintfaRegs+0xdfffff90>
   31494:	ec 07 83 62 	store32 gr0 gr30 1b <_core0_exp_start+0x15>
   31498:	ec 17 83 42 	store32 gr1 gr30 1a <_core0_exp_start+0x14>
   3149c:	ec 27 83 22 	store32 gr2 gr30 19 <_core0_exp_start+0x13>
   314a0:	ec 37 83 02 	store32 gr3 gr30 18 <_core0_exp_start+0x12>
   314a4:	ec 47 82 e2 	store32 gr4 gr30 17 <_core0_exp_start+0x11>
   314a8:	ec 57 82 c2 	store32 gr5 gr30 16 <_core0_exp_start+0x10>
   314ac:	ec 67 82 a2 	store32 gr6 gr30 15 <_core0_exp_start+0xf>
   314b0:	ec 77 82 82 	store32 gr7 gr30 14 <_core0_exp_start+0xe>
   314b4:	ec 87 82 62 	store32 gr8 gr30 13 <_core0_exp_start+0xd>
   314b8:	ec 97 82 42 	store32 gr9 gr30 12 <_core0_exp_start+0xc>
   314bc:	ec a7 82 22 	store32 gr10 gr30 11 <_core0_exp_start+0xb>
   314c0:	ec b7 82 02 	store32 gr11 gr30 10 <_core0_exp_start+0xa>
   314c4:	ec c7 81 e2 	store32 gr12 gr30 f <_core0_exp_start+0x9>
   314c8:	ec d7 81 c2 	store32 gr13 gr30 e <_core0_exp_start+0x8>
   314cc:	ec e7 81 a2 	store32 gr14 gr30 d <_core0_exp_start+0x7>
   314d0:	ec f7 81 82 	store32 gr15 gr30 c <_core0_exp_start+0x6>
   314d4:	ed 87 81 62 	store32 gr24 gr30 b <_core0_exp_start+0x5>
   314d8:	ed 97 81 42 	store32 gr25 gr30 a <_core0_exp_start+0x4>
   314dc:	ed c7 81 22 	store32 gr28 gr30 9 <_core0_exp_start+0x3>
   314e0:	ed f7 81 02 	store32 gr31 gr30 8 <_core0_exp_start+0x2>
   314e4:	ed e7 80 e2 	store32 gr30 gr30 7 <_core0_exp_start+0x1>
   314e8:	ed a7 80 c2 	store32 gr26 gr30 6 <_core0_exp_start>
   314ec:	ed b7 80 a2 	store32 gr27 gr30 5 <Cla1Task1+0x5>
   314f0:	80 00 6d ed 	call 322b0 <cla6_ISR>
   314f4:	80 00 00 00 	nop
   314f8:	80 00 00 00 	nop
   314fc:	80 00 00 00 	nop
   31500:	a9 b7 80 a2 	load32 gr27 gr30 5 <Cla1Task1+0x5>
   31504:	a9 a7 80 c2 	load32 gr26 gr30 6 <_core0_exp_start>
   31508:	a9 e7 80 e2 	load32 gr30 gr30 7 <_core0_exp_start+0x1>
   3150c:	a9 f7 81 02 	load32 gr31 gr30 8 <_core0_exp_start+0x2>
   31510:	a9 c7 81 22 	load32 gr28 gr30 9 <_core0_exp_start+0x3>
   31514:	a9 97 81 42 	load32 gr25 gr30 a <_core0_exp_start+0x4>
   31518:	a9 87 81 62 	load32 gr24 gr30 b <_core0_exp_start+0x5>
   3151c:	a8 f7 81 82 	load32 gr15 gr30 c <_core0_exp_start+0x6>
   31520:	a8 e7 81 a2 	load32 gr14 gr30 d <_core0_exp_start+0x7>
   31524:	a8 d7 81 c2 	load32 gr13 gr30 e <_core0_exp_start+0x8>
   31528:	a8 c7 81 e2 	load32 gr12 gr30 f <_core0_exp_start+0x9>
   3152c:	a8 b7 82 02 	load32 gr11 gr30 10 <_core0_exp_start+0xa>
   31530:	a8 a7 82 22 	load32 gr10 gr30 11 <_core0_exp_start+0xb>
   31534:	a8 97 82 42 	load32 gr9 gr30 12 <_core0_exp_start+0xc>
   31538:	a8 87 82 62 	load32 gr8 gr30 13 <_core0_exp_start+0xd>
   3153c:	a8 77 82 82 	load32 gr7 gr30 14 <_core0_exp_start+0xe>
   31540:	a8 67 82 a2 	load32 gr6 gr30 15 <_core0_exp_start+0xf>
   31544:	a8 57 82 c2 	load32 gr5 gr30 16 <_core0_exp_start+0x10>
   31548:	a8 47 82 e2 	load32 gr4 gr30 17 <_core0_exp_start+0x11>
   3154c:	a8 37 83 02 	load32 gr3 gr30 18 <_core0_exp_start+0x12>
   31550:	a8 27 83 22 	load32 gr2 gr30 19 <_core0_exp_start+0x13>
   31554:	a8 17 83 42 	load32 gr1 gr30 1a <_core0_exp_start+0x14>
   31558:	a8 07 83 62 	load32 gr0 gr30 1b <_core0_exp_start+0x15>
   3155c:	99 e7 83 80 	addi gr30 gr30 70 <.L0 +0x10>
   31560:	a8 17 bc e2 	load32 gr1 gr30 ffffffe7 <XintfaRegs+0xdfffffe7>
   31564:	80 00 40 0b 	movg2c gr1
   31568:	a8 17 bd 02 	load32 gr1 gr30 ffffffe8 <XintfaRegs+0xdfffffe8>
   3156c:	80 00 00 00 	nop
   31570:	80 00 00 00 	nop
   31574:	80 00 00 08 	rtt
   31578:	80 00 00 00 	nop
   3157c:	80 00 00 00 	nop

00031580 <claint7ISR>:
   31580:	ec 17 bd 02 	store32 gr1 gr30 ffffffe8 <XintfaRegs+0xdfffffe8>
   31584:	80 00 00 00 	nop
   31588:	80 00 00 00 	nop
   3158c:	80 00 00 00 	nop
   31590:	80 00 00 00 	nop
   31594:	80 00 00 00 	nop
   31598:	80 10 00 0f 	movc2g gr1
   3159c:	ec 17 bc e2 	store32 gr1 gr30 ffffffe7 <XintfaRegs+0xdfffffe7>
   315a0:	99 e7 bc 80 	addi gr30 gr30 ffffff90 <XintfaRegs+0xdfffff90>
   315a4:	ec 07 83 62 	store32 gr0 gr30 1b <_core0_exp_start+0x15>
   315a8:	ec 17 83 42 	store32 gr1 gr30 1a <_core0_exp_start+0x14>
   315ac:	ec 27 83 22 	store32 gr2 gr30 19 <_core0_exp_start+0x13>
   315b0:	ec 37 83 02 	store32 gr3 gr30 18 <_core0_exp_start+0x12>
   315b4:	ec 47 82 e2 	store32 gr4 gr30 17 <_core0_exp_start+0x11>
   315b8:	ec 57 82 c2 	store32 gr5 gr30 16 <_core0_exp_start+0x10>
   315bc:	ec 67 82 a2 	store32 gr6 gr30 15 <_core0_exp_start+0xf>
   315c0:	ec 77 82 82 	store32 gr7 gr30 14 <_core0_exp_start+0xe>
   315c4:	ec 87 82 62 	store32 gr8 gr30 13 <_core0_exp_start+0xd>
   315c8:	ec 97 82 42 	store32 gr9 gr30 12 <_core0_exp_start+0xc>
   315cc:	ec a7 82 22 	store32 gr10 gr30 11 <_core0_exp_start+0xb>
   315d0:	ec b7 82 02 	store32 gr11 gr30 10 <_core0_exp_start+0xa>
   315d4:	ec c7 81 e2 	store32 gr12 gr30 f <_core0_exp_start+0x9>
   315d8:	ec d7 81 c2 	store32 gr13 gr30 e <_core0_exp_start+0x8>
   315dc:	ec e7 81 a2 	store32 gr14 gr30 d <_core0_exp_start+0x7>
   315e0:	ec f7 81 82 	store32 gr15 gr30 c <_core0_exp_start+0x6>
   315e4:	ed 87 81 62 	store32 gr24 gr30 b <_core0_exp_start+0x5>
   315e8:	ed 97 81 42 	store32 gr25 gr30 a <_core0_exp_start+0x4>
   315ec:	ed c7 81 22 	store32 gr28 gr30 9 <_core0_exp_start+0x3>
   315f0:	ed f7 81 02 	store32 gr31 gr30 8 <_core0_exp_start+0x2>
   315f4:	ed e7 80 e2 	store32 gr30 gr30 7 <_core0_exp_start+0x1>
   315f8:	ed a7 80 c2 	store32 gr26 gr30 6 <_core0_exp_start>
   315fc:	ed b7 80 a2 	store32 gr27 gr30 5 <Cla1Task1+0x5>
   31600:	80 00 67 6d 	call 322f0 <cla7_ISR>
   31604:	80 00 00 00 	nop
   31608:	80 00 00 00 	nop
   3160c:	80 00 00 00 	nop
   31610:	a9 b7 80 a2 	load32 gr27 gr30 5 <Cla1Task1+0x5>
   31614:	a9 a7 80 c2 	load32 gr26 gr30 6 <_core0_exp_start>
   31618:	a9 e7 80 e2 	load32 gr30 gr30 7 <_core0_exp_start+0x1>
   3161c:	a9 f7 81 02 	load32 gr31 gr30 8 <_core0_exp_start+0x2>
   31620:	a9 c7 81 22 	load32 gr28 gr30 9 <_core0_exp_start+0x3>
   31624:	a9 97 81 42 	load32 gr25 gr30 a <_core0_exp_start+0x4>
   31628:	a9 87 81 62 	load32 gr24 gr30 b <_core0_exp_start+0x5>
   3162c:	a8 f7 81 82 	load32 gr15 gr30 c <_core0_exp_start+0x6>
   31630:	a8 e7 81 a2 	load32 gr14 gr30 d <_core0_exp_start+0x7>
   31634:	a8 d7 81 c2 	load32 gr13 gr30 e <_core0_exp_start+0x8>
   31638:	a8 c7 81 e2 	load32 gr12 gr30 f <_core0_exp_start+0x9>
   3163c:	a8 b7 82 02 	load32 gr11 gr30 10 <_core0_exp_start+0xa>
   31640:	a8 a7 82 22 	load32 gr10 gr30 11 <_core0_exp_start+0xb>
   31644:	a8 97 82 42 	load32 gr9 gr30 12 <_core0_exp_start+0xc>
   31648:	a8 87 82 62 	load32 gr8 gr30 13 <_core0_exp_start+0xd>
   3164c:	a8 77 82 82 	load32 gr7 gr30 14 <_core0_exp_start+0xe>
   31650:	a8 67 82 a2 	load32 gr6 gr30 15 <_core0_exp_start+0xf>
   31654:	a8 57 82 c2 	load32 gr5 gr30 16 <_core0_exp_start+0x10>
   31658:	a8 47 82 e2 	load32 gr4 gr30 17 <_core0_exp_start+0x11>
   3165c:	a8 37 83 02 	load32 gr3 gr30 18 <_core0_exp_start+0x12>
   31660:	a8 27 83 22 	load32 gr2 gr30 19 <_core0_exp_start+0x13>
   31664:	a8 17 83 42 	load32 gr1 gr30 1a <_core0_exp_start+0x14>
   31668:	a8 07 83 62 	load32 gr0 gr30 1b <_core0_exp_start+0x15>
   3166c:	99 e7 83 80 	addi gr30 gr30 70 <.L0 +0x10>
   31670:	a8 17 bc e2 	load32 gr1 gr30 ffffffe7 <XintfaRegs+0xdfffffe7>
   31674:	80 00 40 0b 	movg2c gr1
   31678:	a8 17 bd 02 	load32 gr1 gr30 ffffffe8 <XintfaRegs+0xdfffffe8>
   3167c:	80 00 00 00 	nop
   31680:	80 00 00 00 	nop
   31684:	80 00 00 08 	rtt
   31688:	80 00 00 00 	nop
   3168c:	80 00 00 00 	nop

00031690 <claint8ISR>:
   31690:	ec 17 bd 02 	store32 gr1 gr30 ffffffe8 <XintfaRegs+0xdfffffe8>
   31694:	80 00 00 00 	nop
   31698:	80 00 00 00 	nop
   3169c:	80 00 00 00 	nop
   316a0:	80 00 00 00 	nop
   316a4:	80 00 00 00 	nop
   316a8:	80 10 00 0f 	movc2g gr1
   316ac:	ec 17 bc e2 	store32 gr1 gr30 ffffffe7 <XintfaRegs+0xdfffffe7>
   316b0:	99 e7 bc 80 	addi gr30 gr30 ffffff90 <XintfaRegs+0xdfffff90>
   316b4:	ec 07 83 62 	store32 gr0 gr30 1b <_core0_exp_start+0x15>
   316b8:	ec 17 83 42 	store32 gr1 gr30 1a <_core0_exp_start+0x14>
   316bc:	ec 27 83 22 	store32 gr2 gr30 19 <_core0_exp_start+0x13>
   316c0:	ec 37 83 02 	store32 gr3 gr30 18 <_core0_exp_start+0x12>
   316c4:	ec 47 82 e2 	store32 gr4 gr30 17 <_core0_exp_start+0x11>
   316c8:	ec 57 82 c2 	store32 gr5 gr30 16 <_core0_exp_start+0x10>
   316cc:	ec 67 82 a2 	store32 gr6 gr30 15 <_core0_exp_start+0xf>
   316d0:	ec 77 82 82 	store32 gr7 gr30 14 <_core0_exp_start+0xe>
   316d4:	ec 87 82 62 	store32 gr8 gr30 13 <_core0_exp_start+0xd>
   316d8:	ec 97 82 42 	store32 gr9 gr30 12 <_core0_exp_start+0xc>
   316dc:	ec a7 82 22 	store32 gr10 gr30 11 <_core0_exp_start+0xb>
   316e0:	ec b7 82 02 	store32 gr11 gr30 10 <_core0_exp_start+0xa>
   316e4:	ec c7 81 e2 	store32 gr12 gr30 f <_core0_exp_start+0x9>
   316e8:	ec d7 81 c2 	store32 gr13 gr30 e <_core0_exp_start+0x8>
   316ec:	ec e7 81 a2 	store32 gr14 gr30 d <_core0_exp_start+0x7>
   316f0:	ec f7 81 82 	store32 gr15 gr30 c <_core0_exp_start+0x6>
   316f4:	ed 87 81 62 	store32 gr24 gr30 b <_core0_exp_start+0x5>
   316f8:	ed 97 81 42 	store32 gr25 gr30 a <_core0_exp_start+0x4>
   316fc:	ed c7 81 22 	store32 gr28 gr30 9 <_core0_exp_start+0x3>
   31700:	ed f7 81 02 	store32 gr31 gr30 8 <_core0_exp_start+0x2>
   31704:	ed e7 80 e2 	store32 gr30 gr30 7 <_core0_exp_start+0x1>
   31708:	ed a7 80 c2 	store32 gr26 gr30 6 <_core0_exp_start>
   3170c:	ed b7 80 a2 	store32 gr27 gr30 5 <Cla1Task1+0x5>
   31710:	80 00 60 ed 	call 32330 <cla8_ISR>
   31714:	80 00 00 00 	nop
   31718:	80 00 00 00 	nop
   3171c:	80 00 00 00 	nop
   31720:	a9 b7 80 a2 	load32 gr27 gr30 5 <Cla1Task1+0x5>
   31724:	a9 a7 80 c2 	load32 gr26 gr30 6 <_core0_exp_start>
   31728:	a9 e7 80 e2 	load32 gr30 gr30 7 <_core0_exp_start+0x1>
   3172c:	a9 f7 81 02 	load32 gr31 gr30 8 <_core0_exp_start+0x2>
   31730:	a9 c7 81 22 	load32 gr28 gr30 9 <_core0_exp_start+0x3>
   31734:	a9 97 81 42 	load32 gr25 gr30 a <_core0_exp_start+0x4>
   31738:	a9 87 81 62 	load32 gr24 gr30 b <_core0_exp_start+0x5>
   3173c:	a8 f7 81 82 	load32 gr15 gr30 c <_core0_exp_start+0x6>
   31740:	a8 e7 81 a2 	load32 gr14 gr30 d <_core0_exp_start+0x7>
   31744:	a8 d7 81 c2 	load32 gr13 gr30 e <_core0_exp_start+0x8>
   31748:	a8 c7 81 e2 	load32 gr12 gr30 f <_core0_exp_start+0x9>
   3174c:	a8 b7 82 02 	load32 gr11 gr30 10 <_core0_exp_start+0xa>
   31750:	a8 a7 82 22 	load32 gr10 gr30 11 <_core0_exp_start+0xb>
   31754:	a8 97 82 42 	load32 gr9 gr30 12 <_core0_exp_start+0xc>
   31758:	a8 87 82 62 	load32 gr8 gr30 13 <_core0_exp_start+0xd>
   3175c:	a8 77 82 82 	load32 gr7 gr30 14 <_core0_exp_start+0xe>
   31760:	a8 67 82 a2 	load32 gr6 gr30 15 <_core0_exp_start+0xf>
   31764:	a8 57 82 c2 	load32 gr5 gr30 16 <_core0_exp_start+0x10>
   31768:	a8 47 82 e2 	load32 gr4 gr30 17 <_core0_exp_start+0x11>
   3176c:	a8 37 83 02 	load32 gr3 gr30 18 <_core0_exp_start+0x12>
   31770:	a8 27 83 22 	load32 gr2 gr30 19 <_core0_exp_start+0x13>
   31774:	a8 17 83 42 	load32 gr1 gr30 1a <_core0_exp_start+0x14>
   31778:	a8 07 83 62 	load32 gr0 gr30 1b <_core0_exp_start+0x15>
   3177c:	99 e7 83 80 	addi gr30 gr30 70 <.L0 +0x10>
   31780:	a8 17 bc e2 	load32 gr1 gr30 ffffffe7 <XintfaRegs+0xdfffffe7>
   31784:	80 00 40 0b 	movg2c gr1
   31788:	a8 17 bd 02 	load32 gr1 gr30 ffffffe8 <XintfaRegs+0xdfffffe8>
   3178c:	80 00 00 00 	nop
   31790:	80 00 00 00 	nop
   31794:	80 00 00 08 	rtt
   31798:	80 00 00 00 	nop
   3179c:	80 00 00 00 	nop

000317a0 <Interrupt_defaultHandler>:
   317a0:	ec 17 bf e2 	store32 gr1 gr30 ffffffff <XintfaRegs+0xdfffffff>
   317a4:	80 00 00 00 	nop
   317a8:	80 00 00 00 	nop
   317ac:	80 00 00 00 	nop
   317b0:	80 00 00 00 	nop
   317b4:	80 00 00 00 	nop
   317b8:	80 10 00 0f 	movc2g gr1
   317bc:	ec 17 bf c2 	store32 gr1 gr30 fffffffe <XintfaRegs+0xdffffffe>
   317c0:	99 e7 bf c0 	addi gr30 gr30 fffffff8 <XintfaRegs+0xdffffff8>
   317c4:	80 00 00 41 	jmp 317d0 <Interrupt_defaultHandler+0x30>
   317c8:	80 00 00 00 	nop
   317cc:	80 00 00 00 	nop
   317d0:	83 ff ff e1 	jmp 317d0 <Interrupt_defaultHandler+0x30>
   317d4:	80 00 00 00 	nop
   317d8:	80 00 00 00 	nop
   317dc:	80 00 00 00 	nop

000317e0 <Interrupt_illegalOperationHandler>:
   317e0:	ec 17 bf e2 	store32 gr1 gr30 ffffffff <XintfaRegs+0xdfffffff>
   317e4:	80 00 00 00 	nop
   317e8:	80 00 00 00 	nop
   317ec:	80 00 00 00 	nop
   317f0:	80 00 00 00 	nop
   317f4:	80 00 00 00 	nop
   317f8:	80 10 00 0f 	movc2g gr1
   317fc:	ec 17 bf c2 	store32 gr1 gr30 fffffffe <XintfaRegs+0xdffffffe>
   31800:	99 e7 bf c0 	addi gr30 gr30 fffffff8 <XintfaRegs+0xdffffff8>
   31804:	80 00 00 41 	jmp 31810 <Interrupt_illegalOperationHandler+0x30>
   31808:	80 00 00 00 	nop
   3180c:	80 00 00 00 	nop
   31810:	83 ff ff e1 	jmp 31810 <Interrupt_illegalOperationHandler+0x30>
   31814:	80 00 00 00 	nop
   31818:	80 00 00 00 	nop
   3181c:	80 00 00 00 	nop

00031820 <Interrupt_nmiHandler>:
   31820:	ec 17 bf e2 	store32 gr1 gr30 ffffffff <XintfaRegs+0xdfffffff>
   31824:	80 00 00 00 	nop
   31828:	80 00 00 00 	nop
   3182c:	80 00 00 00 	nop
   31830:	80 00 00 00 	nop
   31834:	80 00 00 00 	nop
   31838:	80 10 00 0f 	movc2g gr1
   3183c:	ec 17 bf c2 	store32 gr1 gr30 fffffffe <XintfaRegs+0xdffffffe>
   31840:	99 e7 bf c0 	addi gr30 gr30 fffffff8 <XintfaRegs+0xdffffff8>
   31844:	80 00 00 41 	jmp 31850 <Interrupt_nmiHandler+0x30>
   31848:	80 00 00 00 	nop
   3184c:	80 00 00 00 	nop
   31850:	83 ff ff e1 	jmp 31850 <Interrupt_nmiHandler+0x30>
   31854:	80 00 00 00 	nop
   31858:	80 00 00 00 	nop
   3185c:	80 00 00 00 	nop

00031860 <modff>:
   31860:	99 e7 bf 40 	addi gr30 gr30 ffffffe8 <XintfaRegs+0xdfffffe8>

00031864 <.L0 >:
   31864:	ed f7 80 a2 	store32 gr31 gr30 5 <Cla1Task1+0x5>
   31868:	ed 17 80 82 	store32 gr17 gr30 4 <Cla1Task1+0x4>
   3186c:	ed 07 80 62 	store32 gr16 gr30 3 <Cla1Task1+0x3>
   31870:	91 01 00 80 	movg2g gr16 gr4
   31874:	80 00 00 00 	nop
   31878:	94 30 0f f9 	moviglz gr3 ff <.L0 +0x2a>
   3187c:	80 00 00 00 	nop
   31880:	98 24 17 0e 	srli gr2 gr16 17 <_core0_exp_start+0x11>
   31884:	80 00 00 00 	nop
   31888:	84 20 83 04 	and gr2 gr2 gr3
   3188c:	80 00 00 00 	nop
   31890:	94 00 92 b3 	gtiu gr2 95 <Cla1Task2+0x9>
   31894:	80 00 00 00 	nop
   31898:	80 00 00 00 	nop
   3189c:	80 00 01 a5 	jc 318d4 <.L0 +0x14>
   318a0:	80 00 00 00 	nop
   318a4:	80 00 00 00 	nop
   318a8:	94 00 8f d3 	gtiu gr2 7e <.L0 +0x3>
   318ac:	80 00 03 85 	jc 31920 <.L0 +0x60>
   318b0:	80 00 00 00 	nop
   318b4:	80 00 00 00 	nop
   318b8:	94 28 00 01 	movigh gr2 ffff8000 <XintfaRegs+0xdfff8000>
   318bc:	94 20 00 05 	movigl gr2 0 <Cla1Task1>

000318c0 <.L0 >:
   318c0:	84 24 02 04 	and gr2 gr16 gr2
   318c4:	ec 21 40 02 	store32 gr2 gr5 0 <Cla1Task1>
   318c8:	80 00 07 01 	jmp 319ac <.L0 +0xec>
   318cc:	80 00 00 00 	nop
   318d0:	80 00 00 00 	nop
   318d4:	11 11 40 80 ┌	movg2g gr17 gr5
   318d8:	ed 01 40 02 └	store32 gr16 gr5 0 <Cla1Task1>
   318dc:	90 44 00 80 	movg2g gr4 gr16
   318e0:	80 00 12 ed 	call 31b40 <__fpclassifyf>
   318e4:	80 00 00 00 	nop
   318e8:	80 00 00 00 	nop
   318ec:	90 30 80 44 	not gr3 gr2
   318f0:	98 30 c0 08 	addi gr3 gr3 1 <Cla1Task1+0x1>
   318f4:	84 20 c2 05 	or gr2 gr3 gr2
   318f8:	98 20 be 15 	bfextu gr2 gr2 ffffffff <XintfaRegs+0xdfffffff> 1 <Cla1Task1+0x1>
   318fc:	94 00 80 06 	neqi gr2 0 <Cla1Task1>
   31900:	80 00 03 e9 	jnc 31980 <.L0 +0xc0>
   31904:	80 00 00 00 	nop
   31908:	80 00 00 00 	nop
   3190c:	94 28 00 01 	movigh gr2 ffff8000 <XintfaRegs+0xdfff8000>
   31910:	94 20 00 05 	movigl gr2 0 <Cla1Task1>
   31914:	80 00 04 81 	jmp 319a8 <.L0 +0xe8>
   31918:	80 00 00 00 	nop
   3191c:	80 00 00 00 	nop
   31920:	98 20 bc 08 	addi gr2 gr2 ffffff81 <XintfaRegs+0xdfffff81>
   31924:	94 30 07 f1 	movigh gr3 7f <.L0 +0x4>
   31928:	94 3f ff f5 	movigl gr3 ffffffff <XintfaRegs+0xdfffffff>
   3192c:	84 44 02 09 	sl gr4 gr16 gr2
   31930:	84 31 03 04 	and gr3 gr4 gr3
   31934:	90 40 c0 44 	not gr4 gr3
   31938:	98 41 00 08 	addi gr4 gr4 1 <Cla1Task1+0x1>
   3193c:	84 31 03 05 	or gr3 gr4 gr3
   31940:	98 30 fe 15 	bfextu gr3 gr3 ffffffff <XintfaRegs+0xdfffffff> 1 <Cla1Task1+0x1>
   31944:	94 00 c0 06 	neqi gr3 0 <Cla1Task1>
   31948:	80 00 02 89 	jnc 3199c <.L0 +0xdc>
   3194c:	80 00 00 00 	nop
   31950:	80 00 00 00 	nop
   31954:	94 3f f8 01 	movigh gr3 ffffff80 <XintfaRegs+0xdfffff80>
   31958:	94 30 00 05 	movigl gr3 0 <Cla1Task1>
   3195c:	94 4b f8 01 	movigh gr4 ffffbf80 <XintfaRegs+0xdfffbf80>
   31960:	84 20 c2 0a 	sra gr2 gr3 gr2
   31964:	94 40 00 05 	movigl gr4 0 <Cla1Task1>
   31968:	84 20 90 04 	and gr2 gr2 gr16
   3196c:	05 01 02 9a ┌	fsmac gr16 gr4 gr2
   31970:	ec 21 40 02 └	store32 gr2 gr5 0 <Cla1Task1>
   31974:	80 00 01 a1 	jmp 319ac <.L0 +0xec>
   31978:	80 00 00 00 	nop
   3197c:	80 00 00 00 	nop
   31980:	94 23 f8 01 	movigh gr2 3f80 <$line_table_start0+0x108f>
   31984:	94 20 00 05 	movigl gr2 0 <Cla1Task1>
   31988:	85 00 90 9a 	fsmac gr16 gr2 gr16
   3198c:	ed 04 40 02 	store32 gr16 gr17 0 <Cla1Task1>
   31990:	80 00 00 c1 	jmp 319ac <.L0 +0xec>
   31994:	80 00 00 00 	nop
   31998:	80 00 00 00 	nop
   3199c:	94 28 00 01 	movigh gr2 ffff8000 <XintfaRegs+0xdfff8000>
   319a0:	14 20 00 05 ┌	movigl gr2 0 <Cla1Task1>
   319a4:	ed 01 40 02 └	store32 gr16 gr5 0 <Cla1Task1>
   319a8:	85 04 02 04 	and gr16 gr16 gr2
   319ac:	90 24 00 80 	movg2g gr2 gr16
   319b0:	a9 f7 80 a2 	load32 gr31 gr30 5 <Cla1Task1+0x5>
   319b4:	a9 07 80 62 	load32 gr16 gr30 3 <Cla1Task1+0x3>
   319b8:	a9 17 80 82 	load32 gr17 gr30 4 <Cla1Task1+0x4>
   319bc:	99 e7 80 c0 	addi gr30 gr30 18 <_core0_exp_start+0x12>
   319c0:	80 00 00 04 	ret
   319c4:	80 00 00 00 	nop
   319c8:	80 00 00 00 	nop
   319cc:	80 00 00 00 	nop

000319d0 <modf>:
   319d0:	99 e7 bf 40 	addi gr30 gr30 ffffffe8 <XintfaRegs+0xdfffffe8>

000319d4 <.L0 >:
   319d4:	ed f7 80 a2 	store32 gr31 gr30 5 <Cla1Task1+0x5>
   319d8:	ed 17 80 82 	store32 gr17 gr30 4 <Cla1Task1+0x4>
   319dc:	ed 07 80 62 	store32 gr16 gr30 3 <Cla1Task1+0x3>
   319e0:	91 01 00 80 	movg2g gr16 gr4
   319e4:	80 00 00 00 	nop
   319e8:	94 30 0f f9 	moviglz gr3 ff <.L0 +0x2a>
   319ec:	80 00 00 00 	nop
   319f0:	98 24 17 0e 	srli gr2 gr16 17 <_core0_exp_start+0x11>
   319f4:	80 00 00 00 	nop
   319f8:	84 20 83 04 	and gr2 gr2 gr3
   319fc:	80 00 00 00 	nop
   31a00:	94 00 92 b3 	gtiu gr2 95 <Cla1Task2+0x9>
   31a04:	80 00 00 00 	nop
   31a08:	80 00 00 00 	nop
   31a0c:	80 00 01 a5 	jc 31a44 <.L0 +0x14>
   31a10:	80 00 00 00 	nop
   31a14:	80 00 00 00 	nop
   31a18:	94 00 8f d3 	gtiu gr2 7e <.L0 +0x3>
   31a1c:	80 00 03 85 	jc 31a90 <.L0 +0x60>
   31a20:	80 00 00 00 	nop
   31a24:	80 00 00 00 	nop
   31a28:	94 28 00 01 	movigh gr2 ffff8000 <XintfaRegs+0xdfff8000>
   31a2c:	94 20 00 05 	movigl gr2 0 <Cla1Task1>

00031a30 <.L0 >:
   31a30:	84 24 02 04 	and gr2 gr16 gr2
   31a34:	ec 21 40 02 	store32 gr2 gr5 0 <Cla1Task1>
   31a38:	80 00 07 01 	jmp 31b1c <.L0 +0xec>
   31a3c:	80 00 00 00 	nop
   31a40:	80 00 00 00 	nop
   31a44:	11 11 40 80 ┌	movg2g gr17 gr5
   31a48:	ed 01 40 02 └	store32 gr16 gr5 0 <Cla1Task1>
   31a4c:	90 44 00 80 	movg2g gr4 gr16
   31a50:	80 00 07 6d 	call 31b40 <__fpclassifyf>
   31a54:	80 00 00 00 	nop
   31a58:	80 00 00 00 	nop
   31a5c:	90 30 80 44 	not gr3 gr2
   31a60:	98 30 c0 08 	addi gr3 gr3 1 <Cla1Task1+0x1>
   31a64:	84 20 c2 05 	or gr2 gr3 gr2
   31a68:	98 20 be 15 	bfextu gr2 gr2 ffffffff <XintfaRegs+0xdfffffff> 1 <Cla1Task1+0x1>
   31a6c:	94 00 80 06 	neqi gr2 0 <Cla1Task1>
   31a70:	80 00 03 e9 	jnc 31af0 <.L0 +0xc0>
   31a74:	80 00 00 00 	nop
   31a78:	80 00 00 00 	nop
   31a7c:	94 28 00 01 	movigh gr2 ffff8000 <XintfaRegs+0xdfff8000>
   31a80:	94 20 00 05 	movigl gr2 0 <Cla1Task1>
   31a84:	80 00 04 81 	jmp 31b18 <.L0 +0xe8>
   31a88:	80 00 00 00 	nop
   31a8c:	80 00 00 00 	nop
   31a90:	98 20 bc 08 	addi gr2 gr2 ffffff81 <XintfaRegs+0xdfffff81>
   31a94:	94 30 07 f1 	movigh gr3 7f <.L0 +0x4>
   31a98:	94 3f ff f5 	movigl gr3 ffffffff <XintfaRegs+0xdfffffff>
   31a9c:	84 44 02 09 	sl gr4 gr16 gr2
   31aa0:	84 31 03 04 	and gr3 gr4 gr3
   31aa4:	90 40 c0 44 	not gr4 gr3
   31aa8:	98 41 00 08 	addi gr4 gr4 1 <Cla1Task1+0x1>
   31aac:	84 31 03 05 	or gr3 gr4 gr3
   31ab0:	98 30 fe 15 	bfextu gr3 gr3 ffffffff <XintfaRegs+0xdfffffff> 1 <Cla1Task1+0x1>
   31ab4:	94 00 c0 06 	neqi gr3 0 <Cla1Task1>
   31ab8:	80 00 02 89 	jnc 31b0c <.L0 +0xdc>
   31abc:	80 00 00 00 	nop
   31ac0:	80 00 00 00 	nop
   31ac4:	94 3f f8 01 	movigh gr3 ffffff80 <XintfaRegs+0xdfffff80>
   31ac8:	94 30 00 05 	movigl gr3 0 <Cla1Task1>
   31acc:	94 4b f8 01 	movigh gr4 ffffbf80 <XintfaRegs+0xdfffbf80>
   31ad0:	84 20 c2 0a 	sra gr2 gr3 gr2
   31ad4:	94 40 00 05 	movigl gr4 0 <Cla1Task1>
   31ad8:	84 20 90 04 	and gr2 gr2 gr16
   31adc:	05 01 02 9a ┌	fsmac gr16 gr4 gr2
   31ae0:	ec 21 40 02 └	store32 gr2 gr5 0 <Cla1Task1>
   31ae4:	80 00 01 a1 	jmp 31b1c <.L0 +0xec>
   31ae8:	80 00 00 00 	nop
   31aec:	80 00 00 00 	nop
   31af0:	94 23 f8 01 	movigh gr2 3f80 <$line_table_start0+0x108f>
   31af4:	94 20 00 05 	movigl gr2 0 <Cla1Task1>
   31af8:	85 00 90 9a 	fsmac gr16 gr2 gr16
   31afc:	ed 04 40 02 	store32 gr16 gr17 0 <Cla1Task1>
   31b00:	80 00 00 c1 	jmp 31b1c <.L0 +0xec>
   31b04:	80 00 00 00 	nop
   31b08:	80 00 00 00 	nop
   31b0c:	94 28 00 01 	movigh gr2 ffff8000 <XintfaRegs+0xdfff8000>
   31b10:	14 20 00 05 ┌	movigl gr2 0 <Cla1Task1>
   31b14:	ed 01 40 02 └	store32 gr16 gr5 0 <Cla1Task1>
   31b18:	85 04 02 04 	and gr16 gr16 gr2
   31b1c:	90 24 00 80 	movg2g gr2 gr16
   31b20:	a9 f7 80 a2 	load32 gr31 gr30 5 <Cla1Task1+0x5>
   31b24:	a9 07 80 62 	load32 gr16 gr30 3 <Cla1Task1+0x3>
   31b28:	a9 17 80 82 	load32 gr17 gr30 4 <Cla1Task1+0x4>
   31b2c:	99 e7 80 c0 	addi gr30 gr30 18 <_core0_exp_start+0x12>
   31b30:	80 00 00 04 	ret
   31b34:	80 00 00 00 	nop
   31b38:	80 00 00 00 	nop
   31b3c:	80 00 00 00 	nop

00031b40 <__fpclassifyf>:
   31b40:	94 20 00 11 	movigh gr2 1 <Cla1Task1+0x1>
   31b44:	94 20 03 45 	movigl gr2 34 <.L0 >
   31b48:	a8 20 80 02 	load32 gr2 gr2 0 <Cla1Task1>
   31b4c:	84 01 02 72 	fseq gr4 gr2
   31b50:	80 00 00 c9 	jnc 31b6c <__fpclassifyf+0x2c>
   31b54:	80 00 00 00 	nop
   31b58:	80 00 00 00 	nop
   31b5c:	94 20 00 29 	moviglz gr2 2 <Cla1Task1+0x2>
   31b60:	80 00 00 04 	ret
   31b64:	80 00 00 00 	nop
   31b68:	80 00 00 00 	nop
   31b6c:	90 31 00 80 	movg2g gr3 gr4
   31b70:	94 2f f8 01 	movigh gr2 ffffff80 <XintfaRegs+0xdfffff80>
   31b74:	94 20 00 05 	movigl gr2 0 <Cla1Task1>
   31b78:	94 30 3e 07 	bclr gr3 ffffffff <XintfaRegs+0xdfffffff>
   31b7c:	94 57 f0 01 	movigh gr5 7f00 <__cla_text_end__+0x18e0>
   31b80:	94 50 00 05 	movigl gr5 0 <Cla1Task1>
   31b84:	84 20 c2 00 	add gr2 gr3 gr2
   31b88:	90 00 85 0b 	ltu gr2 gr5
   31b8c:	80 00 00 c9 	jnc 31ba8 <__fpclassifyf+0x68>
   31b90:	80 00 00 00 	nop
   31b94:	80 00 00 00 	nop
   31b98:	94 20 00 49 	moviglz gr2 4 <Cla1Task1+0x4>
   31b9c:	80 00 00 04 	ret
   31ba0:	80 00 00 00 	nop
   31ba4:	80 00 00 00 	nop
   31ba8:	94 20 08 01 	movigh gr2 80 <.L0 >
   31bac:	94 20 00 05 	movigl gr2 0 <Cla1Task1>
   31bb0:	90 01 02 0b 	ltu gr4 gr2
   31bb4:	94 20 00 39 	moviglz gr2 3 <Cla1Task1+0x3>
   31bb8:	80 00 01 e5 	jc 31bf8 <__fpclassifyf+0xb8>
   31bbc:	80 00 00 00 	nop
   31bc0:	80 00 00 00 	nop
   31bc4:	94 57 ff f1 	movigh gr5 7fff <__cla_text_end__+0x19df>
   31bc8:	94 5f ff f5 	movigl gr5 ffffffff <XintfaRegs+0xdfffffff>
   31bcc:	94 60 07 f1 	movigh gr6 7f <.L0 +0x4>
   31bd0:	94 6f ff f5 	movigl gr6 ffffffff <XintfaRegs+0xdfffffff>
   31bd4:	84 41 05 00 	add gr4 gr4 gr5
   31bd8:	90 01 06 0b 	ltu gr4 gr6
   31bdc:	80 00 00 c5 	jc 31bf8 <__fpclassifyf+0xb8>
   31be0:	80 00 00 00 	nop
   31be4:	80 00 00 00 	nop
   31be8:	94 27 f8 01 	movigh gr2 7f80 <__cla_text_end__+0x1960>
   31bec:	94 20 00 05 	movigl gr2 0 <Cla1Task1>
   31bf0:	90 00 c2 00 	eq gr3 gr2
   31bf4:	90 20 00 43 	setc gr2
   31bf8:	80 00 00 04 	ret
   31bfc:	80 00 00 00 	nop
   31c00:	80 00 00 00 	nop
   31c04:	80 00 00 00 	nop
   31c08:	80 00 00 00 	nop
   31c0c:	80 00 00 00 	nop

00031c10 <__udivsi3>:
   31c10:	94 85 55 51 	movigh gr8 5555 <$line_table_start0+0x2664>
   31c14:	94 20 02 09 	moviglz gr2 20 <.L0 >
   31c18:	94 01 40 02 	eqi gr5 0 <Cla1Task1>
   31c1c:	94 85 55 55 	movigl gr8 5555 <$line_table_start0+0x2664>
   31c20:	94 73 33 31 	movigh gr7 3333 <$line_table_start0+0x442>
   31c24:	94 73 33 35 	movigl gr7 3333 <$line_table_start0+0x442>
   31c28:	94 30 f0 f1 	movigh gr3 f0f <$line_table_start0+0xd6>
   31c2c:	94 30 f0 f5 	movigl gr3 f0f <$line_table_start0+0xd6>
   31c30:	94 60 10 11 	movigh gr6 101 <.L0 +0x2c>
   31c34:	94 60 10 15 	movigl gr6 101 <.L0 +0x2c>
   31c38:	90 90 80 80 	movg2g gr9 gr2
   31c3c:	80 00 03 25 	jc 31ca4 <__udivsi3+0x94>
   31c40:	80 00 00 00 	nop
   31c44:	80 00 00 00 	nop
   31c48:	98 91 41 0e 	srli gr9 gr5 1 <Cla1Task1+0x1>
   31c4c:	84 91 49 05 	or gr9 gr5 gr9
   31c50:	98 a2 42 0e 	srli gr10 gr9 2 <Cla1Task1+0x2>
   31c54:	84 92 4a 05 	or gr9 gr9 gr10
   31c58:	98 a2 44 0e 	srli gr10 gr9 4 <Cla1Task1+0x4>
   31c5c:	84 92 4a 05 	or gr9 gr9 gr10
   31c60:	98 a2 48 0e 	srli gr10 gr9 8 <_core0_exp_start+0x2>
   31c64:	84 92 4a 05 	or gr9 gr9 gr10
   31c68:	98 a2 50 0e 	srli gr10 gr9 10 <_core0_exp_start+0xa>
   31c6c:	84 92 4a 05 	or gr9 gr9 gr10
   31c70:	90 92 40 44 	not gr9 gr9
   31c74:	98 a2 41 0e 	srli gr10 gr9 1 <Cla1Task1+0x1>
   31c78:	84 a2 88 04 	and gr10 gr10 gr8
   31c7c:	84 92 4a 02 	sub gr9 gr9 gr10
   31c80:	84 a2 47 04 	and gr10 gr9 gr7
   31c84:	98 92 42 0e 	srli gr9 gr9 2 <Cla1Task1+0x2>
   31c88:	84 92 47 04 	and gr9 gr9 gr7
   31c8c:	84 92 89 00 	add gr9 gr10 gr9
   31c90:	98 a2 44 0e 	srli gr10 gr9 4 <Cla1Task1+0x4>
   31c94:	84 92 4a 00 	add gr9 gr9 gr10
   31c98:	84 92 43 04 	and gr9 gr9 gr3
   31c9c:	84 92 46 0c 	mul32 gr9 gr9 gr6
   31ca0:	98 92 58 0e 	srli gr9 gr9 18 <_core0_exp_start+0x12>
   31ca4:	94 01 00 02 	eqi gr4 0 <Cla1Task1>
   31ca8:	80 00 03 25 	jc 31d10 <__udivsi3+0x100>
   31cac:	80 00 00 00 	nop
   31cb0:	80 00 00 00 	nop
   31cb4:	98 21 01 0e 	srli gr2 gr4 1 <Cla1Task1+0x1>
   31cb8:	84 21 02 05 	or gr2 gr4 gr2
   31cbc:	98 a0 82 0e 	srli gr10 gr2 2 <Cla1Task1+0x2>
   31cc0:	84 20 8a 05 	or gr2 gr2 gr10
   31cc4:	98 a0 84 0e 	srli gr10 gr2 4 <Cla1Task1+0x4>
   31cc8:	84 20 8a 05 	or gr2 gr2 gr10
   31ccc:	98 a0 88 0e 	srli gr10 gr2 8 <_core0_exp_start+0x2>
   31cd0:	84 20 8a 05 	or gr2 gr2 gr10
   31cd4:	98 a0 90 0e 	srli gr10 gr2 10 <_core0_exp_start+0xa>
   31cd8:	84 20 8a 05 	or gr2 gr2 gr10
   31cdc:	90 20 80 44 	not gr2 gr2
   31ce0:	98 a0 81 0e 	srli gr10 gr2 1 <Cla1Task1+0x1>
   31ce4:	84 82 88 04 	and gr8 gr10 gr8
   31ce8:	84 20 88 02 	sub gr2 gr2 gr8
   31cec:	84 80 87 04 	and gr8 gr2 gr7
   31cf0:	98 20 82 0e 	srli gr2 gr2 2 <Cla1Task1+0x2>
   31cf4:	84 20 87 04 	and gr2 gr2 gr7
   31cf8:	84 22 02 00 	add gr2 gr8 gr2
   31cfc:	98 70 84 0e 	srli gr7 gr2 4 <Cla1Task1+0x4>
   31d00:	84 20 87 00 	add gr2 gr2 gr7
   31d04:	84 20 83 04 	and gr2 gr2 gr3
   31d08:	84 20 86 0c 	mul32 gr2 gr2 gr6
   31d0c:	98 20 98 0e 	srli gr2 gr2 18 <_core0_exp_start+0x12>
   31d10:	84 32 42 02 	sub gr3 gr9 gr2
   31d14:	94 00 c3 f3 	gtiu gr3 1f <_core0_exp_start+0x19>
   31d18:	80 00 00 e9 	jnc 31d38 <__udivsi3+0x128>
   31d1c:	80 00 00 00 	nop
   31d20:	80 00 00 00 	nop
   31d24:	94 40 00 09 	moviglz gr4 0 <Cla1Task1>
   31d28:	90 21 00 80 	movg2g gr2 gr4
   31d2c:	80 00 00 04 	ret
   31d30:	80 00 00 00 	nop
   31d34:	80 00 00 00 	nop
   31d38:	94 00 c3 e2 	eqi gr3 1f <_core0_exp_start+0x19>
   31d3c:	80 00 03 85 	jc 31db0 <__udivsi3+0x1a0>
   31d40:	80 00 00 00 	nop
   31d44:	80 00 00 00 	nop
   31d48:	94 60 01 f9 	moviglz gr6 1f <_core0_exp_start+0x19>
   31d4c:	98 70 c0 08 	addi gr7 gr3 1 <Cla1Task1+0x1>
   31d50:	90 92 40 44 	not gr9 gr9
   31d54:	84 80 c6 06 	xor gr8 gr3 gr6
   31d58:	94 30 00 09 	moviglz gr3 0 <Cla1Task1>
   31d5c:	84 61 07 0b 	srl gr6 gr4 gr7
   31d60:	84 22 42 00 	add gr2 gr9 gr2
   31d64:	84 41 08 09 	sl gr4 gr4 gr8
   31d68:	98 71 1f 0e 	srli gr7 gr4 1f <_core0_exp_start+0x19>
   31d6c:	98 61 81 06 	sli gr6 gr6 1 <Cla1Task1+0x1>
   31d70:	98 41 01 06 	sli gr4 gr4 1 <Cla1Task1+0x1>
   31d74:	84 61 87 05 	or gr6 gr6 gr7
   31d78:	98 20 80 08 	addi gr2 gr2 1 <Cla1Task1+0x1>
   31d7c:	84 41 03 05 	or gr4 gr4 gr3
   31d80:	90 71 80 44 	not gr7 gr6
   31d84:	94 00 80 06 	neqi gr2 0 <Cla1Task1>
   31d88:	84 71 c5 00 	add gr7 gr7 gr5
   31d8c:	98 81 df 0a 	srai gr8 gr7 1f <_core0_exp_start+0x19>
   31d90:	98 31 df 0e 	srli gr3 gr7 1f <_core0_exp_start+0x19>
   31d94:	84 72 05 04 	and gr7 gr8 gr5
   31d98:	84 61 87 02 	sub gr6 gr6 gr7
   31d9c:	83 ff fe 45 	jc 31d68 <__udivsi3+0x158>
   31da0:	80 00 00 00 	nop
   31da4:	80 00 00 00 	nop
   31da8:	98 21 01 06 	sli gr2 gr4 1 <Cla1Task1+0x1>
   31dac:	84 40 c2 05 	or gr4 gr3 gr2
   31db0:	90 21 00 80 	movg2g gr2 gr4
   31db4:	80 00 00 04 	ret
   31db8:	80 00 00 00 	nop
   31dbc:	80 00 00 00 	nop

00031dc0 <bgtask_notinterrupt>:
   31dc0:	99 e7 bf 80 	addi gr30 gr30 fffffff0 <XintfaRegs+0xdffffff0>
   31dc4:	ed f7 80 62 	store32 gr31 gr30 3 <Cla1Task1+0x3>
   31dc8:	ec 47 80 42 	store32 gr4 gr30 2 <Cla1Task1+0x2>
   31dcc:	80 00 00 10 	eallow
   31dd0:	14 20 00 01 ┌	movigh gr2 0 <Cla1Task1>
   31dd4:	a8 37 80 42 └	load32 gr3 gr30 2 <Cla1Task1+0x2>
   31dd8:	94 20 3e c5 	movigl gr2 3ec <Cla1Task8>
   31ddc:	ec 20 c1 a2 	store32 gr2 gr3 d <_core0_exp_start+0x7>
   31de0:	14 28 00 09 ┌	moviglz gr2 ffff8000 <XintfaRegs+0xdfff8000>
   31de4:	a8 37 80 42 └	load32 gr3 gr30 2 <Cla1Task1+0x2>
   31de8:	14 40 00 11 ┌	movigh gr4 1 <Cla1Task1+0x1>
   31dec:	ec 20 c1 82 └	store32 gr2 gr3 c <_core0_exp_start+0x6>
   31df0:	94 40 00 05 	movigl gr4 0 <Cla1Task1>
   31df4:	80 00 fd cd 	call 33db0 <puts>
   31df8:	80 00 00 00 	nop
   31dfc:	80 00 00 00 	nop
   31e00:	80 00 00 00 	nop
   31e04:	14 28 00 19 ┌	moviglz gr2 ffff8001 <XintfaRegs+0xdfff8001>
   31e08:	a8 37 80 42 └	load32 gr3 gr30 2 <Cla1Task1+0x2>
   31e0c:	ec 20 c1 82 	store32 gr2 gr3 c <_core0_exp_start+0x6>
   31e10:	80 00 00 41 	jmp 31e1c <bgtask_notinterrupt+0x5c>
   31e14:	80 00 00 00 	nop
   31e18:	80 00 00 00 	nop
   31e1c:	a8 27 80 42 	load32 gr2 gr30 2 <Cla1Task1+0x2>
   31e20:	a8 20 82 82 	load32 gr2 gr2 14 <_core0_exp_start+0xe>
   31e24:	94 00 80 02 	eqi gr2 0 <Cla1Task1>
   31e28:	80 00 01 05 	jc 31e4c <bgtask_notinterrupt+0x8c>
   31e2c:	80 00 00 00 	nop
   31e30:	80 00 00 00 	nop
   31e34:	80 00 00 41 	jmp 31e40 <bgtask_notinterrupt+0x80>
   31e38:	80 00 00 00 	nop
   31e3c:	80 00 00 00 	nop
   31e40:	83 ff fe c1 	jmp 31e1c <bgtask_notinterrupt+0x5c>
   31e44:	80 00 00 00 	nop
   31e48:	80 00 00 00 	nop
   31e4c:	a9 f7 80 62 	load32 gr31 gr30 3 <Cla1Task1+0x3>
   31e50:	99 e7 80 80 	addi gr30 gr30 10 <_core0_exp_start+0xa>
   31e54:	80 00 00 04 	ret
   31e58:	80 00 00 00 	nop
   31e5c:	80 00 00 00 	nop

00031e60 <tests_core0>:
   31e60:	99 e7 bf 80 	addi gr30 gr30 fffffff0 <XintfaRegs+0xdffffff0>
   31e64:	ed f7 80 62 	store32 gr31 gr30 3 <Cla1Task1+0x3>
   31e68:	94 40 00 09 	moviglz gr4 0 <Cla1Task1>
   31e6c:	80 00 03 0d 	call 31ed0 <SysCtl_enablePeripheral>
   31e70:	80 00 00 00 	nop
   31e74:	80 00 00 00 	nop
   31e78:	80 00 00 00 	nop
   31e7c:	80 00 06 0d 	call 31f40 <cla_interrupt_init>
   31e80:	80 00 00 00 	nop
   31e84:	80 00 00 00 	nop
   31e88:	80 00 00 00 	nop
   31e8c:	94 30 10 01 	movigh gr3 100 <.L0 +0x2b>
   31e90:	94 31 32 05 	movigl gr3 1320 <$line_table_start0+0x4e7>
   31e94:	94 20 00 39 	moviglz gr2 3 <Cla1Task1+0x3>
   31e98:	14 40 07 f1 ┌	movigh gr4 7f <.L0 +0x4>
   31e9c:	ec 20 c0 02 └	store32 gr2 gr3 0 <Cla1Task1>
   31ea0:	94 41 c0 05 	movigl gr4 1c00 <$line_table_start0+0xd>
   31ea4:	83 ff f8 cd 	call 31dc0 <bgtask_notinterrupt>
   31ea8:	80 00 00 00 	nop
   31eac:	80 00 00 00 	nop
   31eb0:	80 00 00 00 	nop
   31eb4:	a9 f7 80 62 	load32 gr31 gr30 3 <Cla1Task1+0x3>
   31eb8:	99 e7 80 80 	addi gr30 gr30 10 <_core0_exp_start+0xa>
   31ebc:	80 00 00 04 	ret
   31ec0:	80 00 00 00 	nop
   31ec4:	80 00 00 00 	nop
   31ec8:	80 00 00 00 	nop
   31ecc:	80 00 00 00 	nop

00031ed0 <SysCtl_enablePeripheral>:
   31ed0:	99 e7 bf c0 	addi gr30 gr30 fffffff8 <XintfaRegs+0xdffffff8>
   31ed4:	ec 47 80 22 	store32 gr4 gr30 1 <Cla1Task1+0x1>
   31ed8:	14 30 01 f9 ┌	moviglz gr3 1f <_core0_exp_start+0x19>
   31edc:	a8 27 80 22 └	load32 gr2 gr30 1 <Cla1Task1+0x1>
   31ee0:	84 20 83 04 	and gr2 gr2 gr3
   31ee4:	98 20 82 06 	sli gr2 gr2 2 <Cla1Task1+0x2>
   31ee8:	ec 27 80 21 	store16 gr2 gr30 1 <Cla1Task1+0x1>
   31eec:	14 31 f0 09 ┌	moviglz gr3 1f00 <$line_table_start0+0xbf>
   31ef0:	a8 27 80 22 └	load32 gr2 gr30 1 <Cla1Task1+0x1>
   31ef4:	84 20 83 04 	and gr2 gr2 gr3
   31ef8:	98 20 88 0e 	srli gr2 gr2 8 <_core0_exp_start+0x2>
   31efc:	ec 27 80 01 	store16 gr2 gr30 0 <Cla1Task1>
   31f00:	80 00 00 10 	eallow
   31f04:	14 20 00 19 ┌	moviglz gr2 1 <Cla1Task1+0x1>
   31f08:	a8 37 80 01 └	load16 gr3 gr30 0 <Cla1Task1>
   31f0c:	84 40 83 09 	sl gr4 gr2 gr3
   31f10:	14 30 10 01 ┌	movigh gr3 100 <.L0 +0x2b>
   31f14:	a8 27 80 21 └	load16 gr2 gr30 1 <Cla1Task1+0x1>
   31f18:	94 31 00 05 	movigl gr3 1000 <$line_table_start0+0x1c7>
   31f1c:	84 30 83 00 	add gr3 gr2 gr3
   31f20:	a8 20 c0 02 	load32 gr2 gr3 0 <Cla1Task1>
   31f24:	84 20 84 05 	or gr2 gr2 gr4
   31f28:	ec 20 c0 02 	store32 gr2 gr3 0 <Cla1Task1>
   31f2c:	80 00 00 14 	edis
   31f30:	99 e7 80 40 	addi gr30 gr30 8 <_core0_exp_start+0x2>
   31f34:	80 00 00 04 	ret
   31f38:	80 00 00 00 	nop
   31f3c:	80 00 00 00 	nop

00031f40 <cla_interrupt_init>:
   31f40:	99 e7 be 80 	addi gr30 gr30 ffffffd0 <XintfaRegs+0xdfffffd0>
   31f44:	ed f7 81 62 	store32 gr31 gr30 b <_core0_exp_start+0x5>
   31f48:	94 50 00 31 	movigh gr5 3 <Cla1Task1+0x3>
   31f4c:	94 50 f2 05 	movigl gr5 f20 <$line_table_start0+0xe7>
   31f50:	94 40 b0 19 	moviglz gr4 b01 <$line_table_start0+0xf9>
   31f54:	ec 47 80 62 	store32 gr4 gr30 3 <Cla1Task1+0x3>
   31f58:	80 00 0d 2d 	call 32100 <Interrupt_register>
   31f5c:	80 00 00 00 	nop
   31f60:	80 00 00 00 	nop
   31f64:	80 00 00 00 	nop
   31f68:	94 50 00 31 	movigh gr5 3 <Cla1Task1+0x3>
   31f6c:	94 51 03 05 	movigl gr5 1030 <$line_table_start0+0x1f7>
   31f70:	94 40 b0 29 	moviglz gr4 b02 <$line_table_start0+0xfa>
   31f74:	ec 47 80 82 	store32 gr4 gr30 4 <Cla1Task1+0x4>
   31f78:	80 00 0c 2d 	call 32100 <Interrupt_register>
   31f7c:	80 00 00 00 	nop
   31f80:	80 00 00 00 	nop
   31f84:	80 00 00 00 	nop
   31f88:	94 50 00 31 	movigh gr5 3 <Cla1Task1+0x3>
   31f8c:	94 51 14 05 	movigl gr5 1140 <$line_table_start0+0x307>
   31f90:	94 40 b0 39 	moviglz gr4 b03 <$line_table_start0+0xfb>
   31f94:	ec 47 80 a2 	store32 gr4 gr30 5 <Cla1Task1+0x5>
   31f98:	80 00 0b 2d 	call 32100 <Interrupt_register>
   31f9c:	80 00 00 00 	nop
   31fa0:	80 00 00 00 	nop
   31fa4:	80 00 00 00 	nop
   31fa8:	94 50 00 31 	movigh gr5 3 <Cla1Task1+0x3>
   31fac:	94 51 25 05 	movigl gr5 1250 <$line_table_start0+0x417>
   31fb0:	94 40 b0 49 	moviglz gr4 b04 <$line_table_start0+0xfc>
   31fb4:	ec 47 80 c2 	store32 gr4 gr30 6 <_core0_exp_start>
   31fb8:	80 00 0a 2d 	call 32100 <Interrupt_register>
   31fbc:	80 00 00 00 	nop
   31fc0:	80 00 00 00 	nop
   31fc4:	80 00 00 00 	nop
   31fc8:	94 50 00 31 	movigh gr5 3 <Cla1Task1+0x3>
   31fcc:	94 51 36 05 	movigl gr5 1360 <$line_table_start0+0x527>
   31fd0:	94 40 b0 59 	moviglz gr4 b05 <$line_table_start0+0xfd>
   31fd4:	ec 47 80 e2 	store32 gr4 gr30 7 <_core0_exp_start+0x1>
   31fd8:	80 00 09 2d 	call 32100 <Interrupt_register>
   31fdc:	80 00 00 00 	nop
   31fe0:	80 00 00 00 	nop
   31fe4:	80 00 00 00 	nop
   31fe8:	94 50 00 31 	movigh gr5 3 <Cla1Task1+0x3>
   31fec:	94 51 47 05 	movigl gr5 1470 <$line_table_start0+0x637>
   31ff0:	94 40 b0 69 	moviglz gr4 b06 <$line_table_start0+0xfe>
   31ff4:	ec 47 81 02 	store32 gr4 gr30 8 <_core0_exp_start+0x2>
   31ff8:	80 00 08 2d 	call 32100 <Interrupt_register>
   31ffc:	80 00 00 00 	nop
   32000:	80 00 00 00 	nop
   32004:	80 00 00 00 	nop
   32008:	94 50 00 31 	movigh gr5 3 <Cla1Task1+0x3>
   3200c:	94 51 58 05 	movigl gr5 1580 <$line_table_start0+0x747>
   32010:	94 40 b0 79 	moviglz gr4 b07 <$line_table_start0+0xff>
   32014:	ec 47 81 22 	store32 gr4 gr30 9 <_core0_exp_start+0x3>
   32018:	80 00 07 2d 	call 32100 <Interrupt_register>
   3201c:	80 00 00 00 	nop
   32020:	80 00 00 00 	nop
   32024:	80 00 00 00 	nop
   32028:	94 50 00 31 	movigh gr5 3 <Cla1Task1+0x3>
   3202c:	94 51 69 05 	movigl gr5 1690 <$line_table_start0+0x9e>
   32030:	94 40 b0 89 	moviglz gr4 b08 <$line_table_start0+0x100>
   32034:	ec 47 81 42 	store32 gr4 gr30 a <_core0_exp_start+0x4>
   32038:	80 00 06 2d 	call 32100 <Interrupt_register>
   3203c:	80 00 00 00 	nop
   32040:	80 00 00 00 	nop
   32044:	80 00 00 00 	nop
   32048:	a8 47 80 62 	load32 gr4 gr30 3 <Cla1Task1+0x3>
   3204c:	80 00 5c 0d 	call 32bd0 <Interrupt_enable>
   32050:	80 00 00 00 	nop
   32054:	80 00 00 00 	nop
   32058:	80 00 00 00 	nop
   3205c:	a8 47 80 82 	load32 gr4 gr30 4 <Cla1Task1+0x4>
   32060:	80 00 5b 6d 	call 32bd0 <Interrupt_enable>
   32064:	80 00 00 00 	nop
   32068:	80 00 00 00 	nop
   3206c:	80 00 00 00 	nop
   32070:	a8 47 80 a2 	load32 gr4 gr30 5 <Cla1Task1+0x5>
   32074:	80 00 5a cd 	call 32bd0 <Interrupt_enable>
   32078:	80 00 00 00 	nop
   3207c:	80 00 00 00 	nop
   32080:	80 00 00 00 	nop
   32084:	a8 47 80 c2 	load32 gr4 gr30 6 <_core0_exp_start>
   32088:	80 00 5a 2d 	call 32bd0 <Interrupt_enable>
   3208c:	80 00 00 00 	nop
   32090:	80 00 00 00 	nop
   32094:	80 00 00 00 	nop
   32098:	a8 47 80 e2 	load32 gr4 gr30 7 <_core0_exp_start+0x1>
   3209c:	80 00 59 8d 	call 32bd0 <Interrupt_enable>
   320a0:	80 00 00 00 	nop
   320a4:	80 00 00 00 	nop
   320a8:	80 00 00 00 	nop
   320ac:	a8 47 81 02 	load32 gr4 gr30 8 <_core0_exp_start+0x2>
   320b0:	80 00 58 ed 	call 32bd0 <Interrupt_enable>
   320b4:	80 00 00 00 	nop
   320b8:	80 00 00 00 	nop
   320bc:	80 00 00 00 	nop
   320c0:	a8 47 81 22 	load32 gr4 gr30 9 <_core0_exp_start+0x3>
   320c4:	80 00 58 4d 	call 32bd0 <Interrupt_enable>
   320c8:	80 00 00 00 	nop
   320cc:	80 00 00 00 	nop
   320d0:	80 00 00 00 	nop
   320d4:	a8 47 81 42 	load32 gr4 gr30 a <_core0_exp_start+0x4>
   320d8:	80 00 57 ad 	call 32bd0 <Interrupt_enable>
   320dc:	80 00 00 00 	nop
   320e0:	80 00 00 00 	nop
   320e4:	80 00 00 00 	nop
   320e8:	a9 f7 81 62 	load32 gr31 gr30 b <_core0_exp_start+0x5>
   320ec:	99 e7 81 80 	addi gr30 gr30 30 <.L0 +0x10>
   320f0:	80 00 00 04 	ret
   320f4:	80 00 00 00 	nop
   320f8:	80 00 00 00 	nop
   320fc:	80 00 00 00 	nop

00032100 <Interrupt_register>:
   32100:	99 e7 bf 80 	addi gr30 gr30 fffffff0 <XintfaRegs+0xdffffff0>
   32104:	ec 47 80 62 	store32 gr4 gr30 3 <Cla1Task1+0x3>
   32108:	ec 57 80 42 	store32 gr5 gr30 2 <Cla1Task1+0x2>
   3210c:	a8 27 80 62 	load32 gr2 gr30 3 <Cla1Task1+0x3>
   32110:	98 30 84 0e 	srli gr3 gr2 4 <Cla1Task1+0x4>
   32114:	94 40 ff 09 	moviglz gr4 ff0 <$line_table_start0+0x1b7>
   32118:	84 30 c4 04 	and gr3 gr3 gr4
   3211c:	94 40 0f f9 	moviglz gr4 ff <.L0 +0x2a>
   32120:	84 20 84 04 	and gr2 gr2 gr4
   32124:	84 20 83 00 	add gr2 gr2 gr3
   32128:	98 20 bf f8 	addi gr2 gr2 ffffffff <XintfaRegs+0xdfffffff>
   3212c:	ec 27 80 22 	store32 gr2 gr30 1 <Cla1Task1+0x1>
   32130:	a8 27 80 22 	load32 gr2 gr30 1 <Cla1Task1+0x1>
   32134:	98 30 82 06 	sli gr3 gr2 2 <Cla1Task1+0x2>
   32138:	94 20 00 21 	movigh gr2 2 <Cla1Task1+0x2>
   3213c:	94 2f c0 05 	movigl gr2 fffffc00 <XintfaRegs+0xdffffc00>
   32140:	84 20 83 00 	add gr2 gr2 gr3
   32144:	ec 27 80 02 	store32 gr2 gr30 0 <Cla1Task1>
   32148:	80 00 00 10 	eallow
   3214c:	a8 27 80 42 	load32 gr2 gr30 2 <Cla1Task1+0x2>
   32150:	a8 37 80 02 	load32 gr3 gr30 0 <Cla1Task1>
   32154:	ec 20 c0 02 	store32 gr2 gr3 0 <Cla1Task1>
   32158:	80 00 00 14 	edis
   3215c:	99 e7 80 80 	addi gr30 gr30 10 <_core0_exp_start+0xa>
   32160:	80 00 00 04 	ret
   32164:	80 00 00 00 	nop
   32168:	80 00 00 00 	nop
   3216c:	80 00 00 00 	nop

00032170 <cla1_ISR>:
   32170:	99 e7 bf 80 	addi gr30 gr30 fffffff0 <XintfaRegs+0xdffffff0>
   32174:	ed f7 80 62 	store32 gr31 gr30 3 <Cla1Task1+0x3>
   32178:	94 20 02 01 	movigh gr2 20 <.L0 >
   3217c:	94 23 00 05 	movigl gr2 3000 <$line_table_start0+0x10f>
   32180:	14 40 00 11 ┌	movigh gr4 1 <Cla1Task1+0x1>
   32184:	a8 50 80 02 └	load32 gr5 gr2 0 <Cla1Task1>
   32188:	94 40 00 25 	movigl gr4 2 <Cla1Task1+0x2>
   3218c:	80 00 e4 8d 	call 33e20 <printf>
   32190:	80 00 00 00 	nop
   32194:	80 00 00 00 	nop
   32198:	80 00 00 00 	nop
   3219c:	a9 f7 80 62 	load32 gr31 gr30 3 <Cla1Task1+0x3>
   321a0:	99 e7 80 80 	addi gr30 gr30 10 <_core0_exp_start+0xa>
   321a4:	80 00 00 04 	ret
   321a8:	80 00 00 00 	nop
   321ac:	80 00 00 00 	nop

000321b0 <cla2_ISR>:
   321b0:	99 e7 bf 80 	addi gr30 gr30 fffffff0 <XintfaRegs+0xdffffff0>
   321b4:	ed f7 80 62 	store32 gr31 gr30 3 <Cla1Task1+0x3>
   321b8:	94 20 02 01 	movigh gr2 20 <.L0 >
   321bc:	94 23 00 45 	movigl gr2 3004 <$line_table_start0+0x113>
   321c0:	14 40 00 11 ┌	movigh gr4 1 <Cla1Task1+0x1>
   321c4:	a8 50 80 02 └	load32 gr5 gr2 0 <Cla1Task1>
   321c8:	94 40 00 b5 	movigl gr4 b <_core0_exp_start+0x5>
   321cc:	80 00 e2 8d 	call 33e20 <printf>
   321d0:	80 00 00 00 	nop
   321d4:	80 00 00 00 	nop
   321d8:	80 00 00 00 	nop
   321dc:	a9 f7 80 62 	load32 gr31 gr30 3 <Cla1Task1+0x3>
   321e0:	99 e7 80 80 	addi gr30 gr30 10 <_core0_exp_start+0xa>
   321e4:	80 00 00 04 	ret
   321e8:	80 00 00 00 	nop
   321ec:	80 00 00 00 	nop

000321f0 <cla3_ISR>:
   321f0:	99 e7 bf 80 	addi gr30 gr30 fffffff0 <XintfaRegs+0xdffffff0>
   321f4:	ed f7 80 62 	store32 gr31 gr30 3 <Cla1Task1+0x3>
   321f8:	94 20 02 01 	movigh gr2 20 <.L0 >
   321fc:	94 23 00 85 	movigl gr2 3008 <$line_table_start0+0x117>
   32200:	14 40 00 11 ┌	movigh gr4 1 <Cla1Task1+0x1>
   32204:	a8 50 80 02 └	load32 gr5 gr2 0 <Cla1Task1>
   32208:	94 40 01 45 	movigl gr4 14 <_core0_exp_start+0xe>
   3220c:	80 00 e0 8d 	call 33e20 <printf>
   32210:	80 00 00 00 	nop
   32214:	80 00 00 00 	nop
   32218:	80 00 00 00 	nop
   3221c:	a9 f7 80 62 	load32 gr31 gr30 3 <Cla1Task1+0x3>
   32220:	99 e7 80 80 	addi gr30 gr30 10 <_core0_exp_start+0xa>
   32224:	80 00 00 04 	ret
   32228:	80 00 00 00 	nop
   3222c:	80 00 00 00 	nop

00032230 <cla4_ISR>:
   32230:	99 e7 bf 80 	addi gr30 gr30 fffffff0 <XintfaRegs+0xdffffff0>
   32234:	ed f7 80 62 	store32 gr31 gr30 3 <Cla1Task1+0x3>
   32238:	94 20 02 01 	movigh gr2 20 <.L0 >
   3223c:	94 23 02 05 	movigl gr2 3020 <$line_table_start0+0x12f>
   32240:	14 40 00 11 ┌	movigh gr4 1 <Cla1Task1+0x1>
   32244:	a8 50 80 02 └	load32 gr5 gr2 0 <Cla1Task1>
   32248:	94 40 00 75 	movigl gr4 7 <_core0_exp_start+0x1>
   3224c:	80 00 de 8d 	call 33e20 <printf>
   32250:	80 00 00 00 	nop
   32254:	80 00 00 00 	nop
   32258:	80 00 00 00 	nop
   3225c:	a9 f7 80 62 	load32 gr31 gr30 3 <Cla1Task1+0x3>
   32260:	99 e7 80 80 	addi gr30 gr30 10 <_core0_exp_start+0xa>
   32264:	80 00 00 04 	ret
   32268:	80 00 00 00 	nop
   3226c:	80 00 00 00 	nop

00032270 <cla5_ISR>:
   32270:	99 e7 bf 80 	addi gr30 gr30 fffffff0 <XintfaRegs+0xdffffff0>
   32274:	ed f7 80 62 	store32 gr31 gr30 3 <Cla1Task1+0x3>
   32278:	94 20 02 01 	movigh gr2 20 <.L0 >
   3227c:	94 23 02 05 	movigl gr2 3020 <$line_table_start0+0x12f>
   32280:	14 40 00 11 ┌	movigh gr4 1 <Cla1Task1+0x1>
   32284:	a8 50 80 02 └	load32 gr5 gr2 0 <Cla1Task1>
   32288:	94 40 00 75 	movigl gr4 7 <_core0_exp_start+0x1>
   3228c:	80 00 dc 8d 	call 33e20 <printf>
   32290:	80 00 00 00 	nop
   32294:	80 00 00 00 	nop
   32298:	80 00 00 00 	nop
   3229c:	a9 f7 80 62 	load32 gr31 gr30 3 <Cla1Task1+0x3>
   322a0:	99 e7 80 80 	addi gr30 gr30 10 <_core0_exp_start+0xa>
   322a4:	80 00 00 04 	ret
   322a8:	80 00 00 00 	nop
   322ac:	80 00 00 00 	nop

000322b0 <cla6_ISR>:
   322b0:	99 e7 bf 80 	addi gr30 gr30 fffffff0 <XintfaRegs+0xdffffff0>
   322b4:	ed f7 80 62 	store32 gr31 gr30 3 <Cla1Task1+0x3>
   322b8:	94 20 02 01 	movigh gr2 20 <.L0 >
   322bc:	94 23 02 05 	movigl gr2 3020 <$line_table_start0+0x12f>
   322c0:	14 40 00 11 ┌	movigh gr4 1 <Cla1Task1+0x1>
   322c4:	a8 50 80 02 └	load32 gr5 gr2 0 <Cla1Task1>
   322c8:	94 40 00 75 	movigl gr4 7 <_core0_exp_start+0x1>
   322cc:	80 00 da 8d 	call 33e20 <printf>
   322d0:	80 00 00 00 	nop
   322d4:	80 00 00 00 	nop
   322d8:	80 00 00 00 	nop
   322dc:	a9 f7 80 62 	load32 gr31 gr30 3 <Cla1Task1+0x3>
   322e0:	99 e7 80 80 	addi gr30 gr30 10 <_core0_exp_start+0xa>
   322e4:	80 00 00 04 	ret
   322e8:	80 00 00 00 	nop
   322ec:	80 00 00 00 	nop

000322f0 <cla7_ISR>:
   322f0:	99 e7 bf 80 	addi gr30 gr30 fffffff0 <XintfaRegs+0xdffffff0>
   322f4:	ed f7 80 62 	store32 gr31 gr30 3 <Cla1Task1+0x3>
   322f8:	94 20 02 01 	movigh gr2 20 <.L0 >
   322fc:	94 23 02 05 	movigl gr2 3020 <$line_table_start0+0x12f>
   32300:	14 40 00 11 ┌	movigh gr4 1 <Cla1Task1+0x1>
   32304:	a8 50 80 02 └	load32 gr5 gr2 0 <Cla1Task1>
   32308:	94 40 00 75 	movigl gr4 7 <_core0_exp_start+0x1>
   3230c:	80 00 d8 8d 	call 33e20 <printf>
   32310:	80 00 00 00 	nop
   32314:	80 00 00 00 	nop
   32318:	80 00 00 00 	nop
   3231c:	a9 f7 80 62 	load32 gr31 gr30 3 <Cla1Task1+0x3>
   32320:	99 e7 80 80 	addi gr30 gr30 10 <_core0_exp_start+0xa>
   32324:	80 00 00 04 	ret
   32328:	80 00 00 00 	nop
   3232c:	80 00 00 00 	nop

00032330 <cla8_ISR>:
   32330:	99 e7 bf 80 	addi gr30 gr30 fffffff0 <XintfaRegs+0xdffffff0>
   32334:	ed f7 80 62 	store32 gr31 gr30 3 <Cla1Task1+0x3>
   32338:	94 20 02 01 	movigh gr2 20 <.L0 >
   3233c:	94 23 02 c5 	movigl gr2 302c <$line_table_start0+0x13b>
   32340:	14 40 00 11 ┌	movigh gr4 1 <Cla1Task1+0x1>
   32344:	a8 50 80 02 └	load32 gr5 gr2 0 <Cla1Task1>
   32348:	94 40 01 c5 	movigl gr4 1c <_core0_exp_start+0x16>
   3234c:	80 00 d6 8d 	call 33e20 <printf>
   32350:	80 00 00 00 	nop
   32354:	80 00 00 00 	nop
   32358:	80 00 00 00 	nop
   3235c:	a9 f7 80 62 	load32 gr31 gr30 3 <Cla1Task1+0x3>
   32360:	99 e7 80 80 	addi gr30 gr30 10 <_core0_exp_start+0xa>
   32364:	80 00 00 04 	ret
   32368:	80 00 00 00 	nop
   3236c:	80 00 00 00 	nop

00032370 <putchar>:
   32370:	99 e7 bf c0 	addi gr30 gr30 fffffff8 <XintfaRegs+0xdffffff8>
   32374:	ec 47 80 22 	store32 gr4 gr30 1 <Cla1Task1+0x1>
   32378:	80 00 00 41 	jmp 32384 <putchar+0x14>
   3237c:	80 00 00 00 	nop
   32380:	80 00 00 00 	nop
   32384:	94 20 00 11 	movigh gr2 1 <Cla1Task1+0x1>
   32388:	94 20 0f 85 	movigl gr2 f8 <.L0 +0x23>
   3238c:	a8 20 80 02 	load32 gr2 gr2 0 <Cla1Task1>
   32390:	a8 20 81 01 	load16 gr2 gr2 8 <_core0_exp_start+0x2>
   32394:	98 20 86 0e 	srli gr2 gr2 6 <_core0_exp_start>
   32398:	94 30 00 19 	moviglz gr3 1 <Cla1Task1+0x1>
   3239c:	84 20 83 04 	and gr2 gr2 gr3
   323a0:	94 00 80 06 	neqi gr2 0 <Cla1Task1>
   323a4:	80 00 01 05 	jc 323c8 <putchar+0x58>
   323a8:	80 00 00 00 	nop
   323ac:	80 00 00 00 	nop
   323b0:	80 00 00 41 	jmp 323bc <putchar+0x4c>
   323b4:	80 00 00 00 	nop
   323b8:	80 00 00 00 	nop
   323bc:	83 ff fe 21 	jmp 32384 <putchar+0x14>
   323c0:	80 00 00 00 	nop
   323c4:	80 00 00 00 	nop
   323c8:	94 30 00 11 	movigh gr3 1 <Cla1Task1+0x1>
   323cc:	a8 27 80 22 	load32 gr2 gr30 1 <Cla1Task1+0x1>
   323d0:	94 30 0f 85 	movigl gr3 f8 <.L0 +0x23>
   323d4:	a8 30 c0 02 	load32 gr3 gr3 0 <Cla1Task1>
   323d8:	ec 20 c1 22 	store32 gr2 gr3 9 <_core0_exp_start+0x3>
   323dc:	80 00 00 41 	jmp 323e8 <putchar+0x78>
   323e0:	80 00 00 00 	nop
   323e4:	80 00 00 00 	nop
   323e8:	94 20 00 11 	movigh gr2 1 <Cla1Task1+0x1>
   323ec:	94 20 0f 85 	movigl gr2 f8 <.L0 +0x23>
   323f0:	a8 20 80 02 	load32 gr2 gr2 0 <Cla1Task1>
   323f4:	a8 20 81 01 	load16 gr2 gr2 8 <_core0_exp_start+0x2>
   323f8:	98 20 86 0e 	srli gr2 gr2 6 <_core0_exp_start>
   323fc:	94 30 00 19 	moviglz gr3 1 <Cla1Task1+0x1>
   32400:	84 20 83 04 	and gr2 gr2 gr3
   32404:	94 00 80 06 	neqi gr2 0 <Cla1Task1>
   32408:	80 00 01 05 	jc 3242c <putchar+0xbc>
   3240c:	80 00 00 00 	nop
   32410:	80 00 00 00 	nop
   32414:	80 00 00 41 	jmp 32420 <putchar+0xb0>
   32418:	80 00 00 00 	nop
   3241c:	80 00 00 00 	nop
   32420:	83 ff fe 21 	jmp 323e8 <putchar+0x78>
   32424:	80 00 00 00 	nop
   32428:	80 00 00 00 	nop
   3242c:	a8 27 80 22 	load32 gr2 gr30 1 <Cla1Task1+0x1>
   32430:	99 e7 80 40 	addi gr30 gr30 8 <_core0_exp_start+0x2>
   32434:	80 00 00 04 	ret
   32438:	80 00 00 00 	nop
   3243c:	80 00 00 00 	nop

00032440 <StdOutInit>:
   32440:	99 e7 be c0 	addi gr30 gr30 ffffffd8 <XintfaRegs+0xdfffffd8>
   32444:	ed f7 81 22 	store32 gr31 gr30 9 <_core0_exp_start+0x3>
   32448:	ec 47 81 02 	store32 gr4 gr30 8 <_core0_exp_start+0x2>
   3244c:	ec 57 80 e2 	store32 gr5 gr30 7 <_core0_exp_start+0x1>
   32450:	ec 67 80 c2 	store32 gr6 gr30 6 <_core0_exp_start>
   32454:	ec 77 80 a2 	store32 gr7 gr30 5 <Cla1Task1+0x5>
   32458:	14 30 00 11 ┌	movigh gr3 1 <Cla1Task1+0x1>
   3245c:	a8 27 81 02 └	load32 gr2 gr30 8 <_core0_exp_start+0x2>
   32460:	94 30 0f 85 	movigl gr3 f8 <.L0 +0x23>
   32464:	ec 20 c0 02 	store32 gr2 gr3 0 <Cla1Task1>
   32468:	80 00 00 10 	eallow
   3246c:	14 30 10 81 ┌	movigh gr3 108 <.L0 +0x33>
   32470:	a8 27 81 02 └	load32 gr2 gr30 8 <_core0_exp_start+0x2>
   32474:	94 30 00 05 	movigl gr3 0 <Cla1Task1>
   32478:	90 00 83 01 	neq gr2 gr3
   3247c:	80 00 01 a5 	jc 324b4 <StdOutInit+0x74>
   32480:	80 00 00 00 	nop
   32484:	80 00 00 00 	nop
   32488:	80 00 00 41 	jmp 32494 <StdOutInit+0x54>
   3248c:	80 00 00 00 	nop
   32490:	80 00 00 00 	nop
   32494:	94 30 10 01 	movigh gr3 100 <.L0 +0x2b>
   32498:	94 31 00 05 	movigl gr3 1000 <$line_table_start0+0x1c7>
   3249c:	a8 20 c2 80 	load8 gr2 gr3 14 <_core0_exp_start+0xe>
   324a0:	94 20 00 03 	bst gr2 0 <Cla1Task1>
   324a4:	ec 20 c2 80 	store8 gr2 gr3 14 <_core0_exp_start+0xe>
   324a8:	80 00 01 41 	jmp 324d4 <StdOutInit+0x94>
   324ac:	80 00 00 00 	nop
   324b0:	80 00 00 00 	nop
   324b4:	94 30 10 01 	movigh gr3 100 <.L0 +0x2b>
   324b8:	94 31 00 05 	movigl gr3 1000 <$line_table_start0+0x1c7>
   324bc:	a8 20 c2 80 	load8 gr2 gr3 14 <_core0_exp_start+0xe>
   324c0:	94 20 02 03 	bst gr2 1 <Cla1Task1+0x1>
   324c4:	ec 20 c2 80 	store8 gr2 gr3 14 <_core0_exp_start+0xe>
   324c8:	80 00 00 41 	jmp 324d4 <StdOutInit+0x94>
   324cc:	80 00 00 00 	nop
   324d0:	80 00 00 00 	nop
   324d4:	94 20 00 11 	movigh gr2 1 <Cla1Task1+0x1>
   324d8:	94 20 0f 45 	movigl gr2 f4 <.L0 +0x1f>
   324dc:	a8 20 80 00 	load8 gr2 gr2 0 <Cla1Task1>
   324e0:	94 00 80 02 	eqi gr2 0 <Cla1Task1>
   324e4:	80 00 03 05 	jc 32548 <StdOutInit+0x108>
   324e8:	80 00 00 00 	nop
   324ec:	80 00 00 00 	nop
   324f0:	80 00 00 41 	jmp 324fc <StdOutInit+0xbc>
   324f4:	80 00 00 00 	nop
   324f8:	80 00 00 00 	nop
   324fc:	a8 37 81 02 	load32 gr3 gr30 8 <_core0_exp_start+0x2>
   32500:	14 40 00 79 ┌	moviglz gr4 7 <_core0_exp_start+0x1>
   32504:	a8 20 c0 01 └	load16 gr2 gr3 0 <Cla1Task1>
   32508:	84 20 84 05 	or gr2 gr2 gr4
   3250c:	ec 20 c0 01 	store16 gr2 gr3 0 <Cla1Task1>
   32510:	14 20 00 39 ┌	moviglz gr2 3 <Cla1Task1+0x3>
   32514:	a8 37 81 02 └	load32 gr3 gr30 8 <_core0_exp_start+0x2>
   32518:	ec 20 c0 62 	store32 gr2 gr3 3 <Cla1Task1+0x3>
   3251c:	a8 37 81 02 	load32 gr3 gr30 8 <_core0_exp_start+0x2>
   32520:	a8 20 c0 41 	load16 gr2 gr3 2 <Cla1Task1+0x2>
   32524:	94 20 0a 03 	bst gr2 5 <Cla1Task1+0x5>
   32528:	ec 20 c0 41 	store16 gr2 gr3 2 <Cla1Task1+0x2>
   3252c:	a8 37 81 02 	load32 gr3 gr30 8 <_core0_exp_start+0x2>
   32530:	a8 20 c0 41 	load16 gr2 gr3 2 <Cla1Task1+0x2>
   32534:	94 20 02 03 	bst gr2 1 <Cla1Task1+0x1>
   32538:	ec 20 c0 41 	store16 gr2 gr3 2 <Cla1Task1+0x2>
   3253c:	80 00 0b 81 	jmp 326b0 <.L0 >
   32540:	80 00 00 00 	nop
   32544:	80 00 00 00 	nop
   32548:	94 40 09 81 	movigh gr4 98 <Cla1Task2+0xc>
   3254c:	94 49 68 05 	movigl gr4 ffff9680 <XintfaRegs+0xdfff9680>

00032550 <.L0 >:
   32550:	80 00 39 6d 	call 32c80 <SysCtl_getClock>
   32554:	80 00 00 00 	nop
   32558:	80 00 00 00 	nop
   3255c:	80 00 00 00 	nop
   32560:	90 20 80 95 	fcvtus gr2 gr2
   32564:	94 30 00 11 	movigh gr3 1 <Cla1Task1+0x1>
   32568:	94 30 02 85 	movigl gr3 28 <.L0 +0x8>
   3256c:	a8 30 c0 02 	load32 gr3 gr3 0 <Cla1Task1>
   32570:	84 20 83 8a 	fsmul gr2 gr2 gr3
   32574:	a8 37 80 e2 	load32 gr3 gr30 7 <_core0_exp_start+0x1>
   32578:	90 30 c0 94 	fcvtfs gr3 gr3
   3257c:	84 20 83 6e 	fsdiv gr2 gr2 gr3
   32580:	ec 27 80 82 	store32 gr2 gr30 4 <Cla1Task1+0x4>
   32584:	a8 27 80 82 	load32 gr2 gr30 4 <Cla1Task1+0x4>
   32588:	90 30 80 90 	fcvtsf gr3 gr2
   3258c:	90 40 c0 94 	fcvtfs gr4 gr3
   32590:	94 3b f8 01 	movigh gr3 ffffbf80 <XintfaRegs+0xdfffbf80>
   32594:	94 30 00 05 	movigl gr3 0 <Cla1Task1>
   32598:	84 20 c4 9a 	fsmac gr2 gr3 gr4
   3259c:	94 30 00 11 	movigh gr3 1 <Cla1Task1+0x1>
   325a0:	94 30 02 c5 	movigl gr3 2c <.L0 +0xc>
   325a4:	a8 30 c0 02 	load32 gr3 gr3 0 <Cla1Task1>
   325a8:	84 00 83 7e 	fsge gr2 gr3
   325ac:	90 20 00 43 	setc gr2
   325b0:	94 30 00 19 	moviglz gr3 1 <Cla1Task1+0x1>
   325b4:	84 20 83 06 	xor gr2 gr2 gr3
   325b8:	94 00 80 06 	neqi gr2 0 <Cla1Task1>
   325bc:	80 00 02 05 	jc 32600 <.L0 +0xb0>
   325c0:	80 00 00 00 	nop
   325c4:	80 00 00 00 	nop
   325c8:	80 00 00 41 	jmp 325d4 <.L0 +0x84>
   325cc:	80 00 00 00 	nop
   325d0:	80 00 00 00 	nop
   325d4:	14 30 00 11 ┌	movigh gr3 1 <Cla1Task1+0x1>
   325d8:	a8 27 80 82 └	load32 gr2 gr30 4 <Cla1Task1+0x4>
   325dc:	94 30 03 05 	movigl gr3 30 <.L0 +0x10>
   325e0:	a8 40 c0 02 	load32 gr4 gr3 0 <Cla1Task1>
   325e4:	94 33 f8 01 	movigh gr3 3f80 <$line_table_start0+0x108f>
   325e8:	94 30 00 05 	movigl gr3 0 <Cla1Task1>
   325ec:	84 20 c4 9a 	fsmac gr2 gr3 gr4
   325f0:	ec 27 80 82 	store32 gr2 gr30 4 <Cla1Task1+0x4>
   325f4:	80 00 00 41 	jmp 32600 <.L0 +0xb0>
   325f8:	80 00 00 00 	nop
   325fc:	80 00 00 00 	nop
   32600:	a8 27 80 82 	load32 gr2 gr30 4 <Cla1Task1+0x4>
   32604:	90 20 80 90 	fcvtsf gr2 gr2
   32608:	98 20 bf f8 	addi gr2 gr2 ffffffff <XintfaRegs+0xdfffffff>
   3260c:	ec 27 80 62 	store32 gr2 gr30 3 <Cla1Task1+0x3>
   32610:	a8 37 81 02 	load32 gr3 gr30 8 <_core0_exp_start+0x2>
   32614:	14 40 00 79 ┌	moviglz gr4 7 <_core0_exp_start+0x1>
   32618:	a8 20 c0 01 └	load16 gr2 gr3 0 <Cla1Task1>
   3261c:	84 20 84 05 	or gr2 gr2 gr4
   32620:	ec 20 c0 01 	store16 gr2 gr3 0 <Cla1Task1>
   32624:	a8 27 81 80 	load8 gr2 gr30 c <_core0_exp_start+0x6>
   32628:	a8 37 81 02 	load32 gr3 gr30 8 <_core0_exp_start+0x2>
   3262c:	ec 20 c0 62 	store32 gr2 gr3 3 <Cla1Task1+0x3>
   32630:	a8 27 80 62 	load32 gr2 gr30 3 <Cla1Task1+0x3>
   32634:	18 20 88 0a ┌	srai gr2 gr2 8 <_core0_exp_start+0x2>
   32638:	a8 37 81 02 └	load32 gr3 gr30 8 <_core0_exp_start+0x2>
   3263c:	ec 20 c0 42 	store32 gr2 gr3 2 <Cla1Task1+0x2>
   32640:	a8 37 81 02 	load32 gr3 gr30 8 <_core0_exp_start+0x2>
   32644:	a8 20 c0 41 	load16 gr2 gr3 2 <Cla1Task1+0x2>
   32648:	94 20 0a 03 	bst gr2 5 <Cla1Task1+0x5>
   3264c:	ec 20 c0 41 	store16 gr2 gr3 2 <Cla1Task1+0x2>
   32650:	a8 37 81 02 	load32 gr3 gr30 8 <_core0_exp_start+0x2>
   32654:	a8 20 c0 41 	load16 gr2 gr3 2 <Cla1Task1+0x2>
   32658:	94 20 02 03 	bst gr2 1 <Cla1Task1+0x1>
   3265c:	ec 20 c0 41 	store16 gr2 gr3 2 <Cla1Task1+0x2>
   32660:	a8 47 80 a2 	load32 gr4 gr30 5 <Cla1Task1+0x5>
   32664:	80 00 20 cd 	call 32a80 <GPIO_setPinConfig>
   32668:	80 00 00 00 	nop
   3266c:	80 00 00 00 	nop
   32670:	80 00 00 00 	nop
   32674:	14 50 00 19 ┌	moviglz gr5 1 <Cla1Task1+0x1>
   32678:	a8 47 80 c2 └	load32 gr4 gr30 6 <_core0_exp_start>
   3267c:	80 00 0d 0d 	call 32820 <GPIO_setDirectionMode>
   32680:	80 00 00 00 	nop
   32684:	80 00 00 00 	nop
   32688:	80 00 00 00 	nop
   3268c:	14 50 00 09 ┌	moviglz gr5 0 <Cla1Task1>
   32690:	a8 47 80 c2 └	load32 gr4 gr30 6 <_core0_exp_start>
   32694:	80 00 12 4d 	call 328e0 <GPIO_setPadConfig>
   32698:	80 00 00 00 	nop
   3269c:	80 00 00 00 	nop
   326a0:	80 00 00 00 	nop
   326a4:	80 00 00 41 	jmp 326b0 <.L0 >
   326a8:	80 00 00 00 	nop
   326ac:	80 00 00 00 	nop

000326b0 <.L0 >:
   326b0:	a9 f7 81 22 	load32 gr31 gr30 9 <_core0_exp_start+0x3>
   326b4:	99 e7 81 40 	addi gr30 gr30 28 <.L0 +0x8>
   326b8:	80 00 00 04 	ret
   326bc:	80 00 00 00 	nop
   326c0:	80 00 00 00 	nop
   326c4:	80 00 00 00 	nop
   326c8:	80 00 00 00 	nop
   326cc:	80 00 00 00 	nop

000326d0 <EndSimulation>:
   326d0:	99 e7 bf 80 	addi gr30 gr30 fffffff0 <XintfaRegs+0xdffffff0>
   326d4:	ed f7 80 62 	store32 gr31 gr30 3 <Cla1Task1+0x3>
   326d8:	94 40 00 49 	moviglz gr4 4 <Cla1Task1+0x4>
   326dc:	83 ff e4 8d 	call 32370 <putchar>
   326e0:	80 00 00 00 	nop
   326e4:	80 00 00 00 	nop
   326e8:	80 00 00 00 	nop
   326ec:	a9 f7 80 62 	load32 gr31 gr30 3 <Cla1Task1+0x3>
   326f0:	99 e7 80 80 	addi gr30 gr30 10 <_core0_exp_start+0xa>
   326f4:	80 00 00 04 	ret
   326f8:	80 00 00 00 	nop
   326fc:	80 00 00 00 	nop

00032700 <Device_init>:
   32700:	99 e7 bf 80 	addi gr30 gr30 fffffff0 <XintfaRegs+0xdffffff0>
   32704:	ed f7 80 62 	store32 gr31 gr30 3 <Cla1Task1+0x3>
   32708:	94 48 00 21 	movigh gr4 ffff8002 <XintfaRegs+0xdfff8002>
   3270c:	94 41 40 15 	movigl gr4 1401 <$line_table_start0+0x5c8>
   32710:	80 00 58 6d 	call 33220 <SysCtl_setClock>
   32714:	80 00 00 00 	nop
   32718:	80 00 00 00 	nop
   3271c:	80 00 00 00 	nop
   32720:	94 40 00 09 	moviglz gr4 0 <Cla1Task1>
   32724:	80 00 04 4d 	call 327b0 <SysCtl_setLowSpeedClock>
   32728:	80 00 00 00 	nop
   3272c:	80 00 00 00 	nop
   32730:	80 00 00 00 	nop
   32734:	94 40 09 81 	movigh gr4 98 <Cla1Task2+0xc>
   32738:	94 49 68 05 	movigl gr4 ffff9680 <XintfaRegs+0xdfff9680>
   3273c:	80 00 2a 0d 	call 32c80 <SysCtl_getClock>
   32740:	80 00 00 00 	nop
   32744:	80 00 00 00 	nop
   32748:	80 00 00 00 	nop
   3274c:	94 30 5f 51 	movigh gr3 5f5 <.L0 +0x11>
   32750:	94 3e 10 15 	movigl gr3 ffffe101 <XintfaRegs+0xdfffe101>
   32754:	90 00 83 0b 	ltu gr2 gr3
   32758:	80 00 01 a5 	jc 32790 <Device_init+0x90>
   3275c:	80 00 00 00 	nop
   32760:	80 00 00 00 	nop
   32764:	80 00 00 41 	jmp 32770 <Device_init+0x70>
   32768:	80 00 00 00 	nop
   3276c:	80 00 00 00 	nop
   32770:	94 40 00 a9 	moviglz gr4 a <_core0_exp_start+0x4>
   32774:	80 00 03 cd 	call 327f0 <Flash_setClkDiv>
   32778:	80 00 00 00 	nop
   3277c:	80 00 00 00 	nop
   32780:	80 00 00 00 	nop
   32784:	80 00 00 41 	jmp 32790 <Device_init+0x90>
   32788:	80 00 00 00 	nop
   3278c:	80 00 00 00 	nop
   32790:	a9 f7 80 62 	load32 gr31 gr30 3 <Cla1Task1+0x3>
   32794:	99 e7 80 80 	addi gr30 gr30 10 <_core0_exp_start+0xa>
   32798:	80 00 00 04 	ret
   3279c:	80 00 00 00 	nop
   327a0:	80 00 00 00 	nop
   327a4:	80 00 00 00 	nop
   327a8:	80 00 00 00 	nop
   327ac:	80 00 00 00 	nop

000327b0 <SysCtl_setLowSpeedClock>:
   327b0:	99 e7 bf c0 	addi gr30 gr30 fffffff8 <XintfaRegs+0xdffffff8>
   327b4:	ec 47 80 22 	store32 gr4 gr30 1 <Cla1Task1+0x1>
   327b8:	80 00 00 10 	eallow
   327bc:	94 30 10 01 	movigh gr3 100 <.L0 +0x2b>
   327c0:	94 30 03 45 	movigl gr3 34 <.L0 >
   327c4:	14 4f ff 8d ┌	moviglx gr4 fffffff8 <XintfaRegs+0xdffffff8>
   327c8:	a8 20 c0 02 └	load32 gr2 gr3 0 <Cla1Task1>
   327cc:	84 20 84 04 	and gr2 gr2 gr4
   327d0:	a8 47 80 22 	load32 gr4 gr30 1 <Cla1Task1+0x1>
   327d4:	84 20 84 05 	or gr2 gr2 gr4
   327d8:	ec 20 c0 02 	store32 gr2 gr3 0 <Cla1Task1>
   327dc:	80 00 00 14 	edis
   327e0:	99 e7 80 40 	addi gr30 gr30 8 <_core0_exp_start+0x2>
   327e4:	80 00 00 04 	ret
   327e8:	80 00 00 00 	nop
   327ec:	80 00 00 00 	nop

000327f0 <Flash_setClkDiv>:
   327f0:	99 e7 bf c0 	addi gr30 gr30 fffffff8 <XintfaRegs+0xdffffff8>
   327f4:	ec 47 80 22 	store32 gr4 gr30 1 <Cla1Task1+0x1>
   327f8:	14 30 10 01 ┌	movigh gr3 100 <.L0 +0x2b>
   327fc:	a8 27 80 22 └	load32 gr2 gr30 1 <Cla1Task1+0x1>
   32800:	94 31 00 05 	movigl gr3 1000 <$line_table_start0+0x1c7>
   32804:	19 e7 80 40 ┌	addi gr30 gr30 8 <_core0_exp_start+0x2>
   32808:	ec 20 da 01 └	store16 gr2 gr3 d0 <.L0 +0xe>
   3280c:	80 00 00 04 	ret
   32810:	80 00 00 00 	nop
   32814:	80 00 00 00 	nop
   32818:	80 00 00 00 	nop
   3281c:	80 00 00 00 	nop

00032820 <GPIO_setDirectionMode>:
   32820:	99 e7 bf 80 	addi gr30 gr30 fffffff0 <XintfaRegs+0xdffffff0>
   32824:	ec 47 80 62 	store32 gr4 gr30 3 <Cla1Task1+0x3>
   32828:	ec 57 80 42 	store32 gr5 gr30 2 <Cla1Task1+0x2>
   3282c:	a8 27 80 62 	load32 gr2 gr30 3 <Cla1Task1+0x3>
   32830:	98 30 85 0e 	srli gr3 gr2 5 <Cla1Task1+0x5>
   32834:	94 40 05 09 	moviglz gr4 50 <.L0 +0x1c>
   32838:	94 20 10 41 	movigh gr2 104 <.L0 +0x2f>
   3283c:	94 27 00 05 	movigl gr2 7000 <__cla_text_end__+0x9e0>
   32840:	84 20 c4 85 	mac32 gr2 gr3 gr4
   32844:	ec 27 80 22 	store32 gr2 gr30 1 <Cla1Task1+0x1>
   32848:	14 30 01 f9 ┌	moviglz gr3 1f <_core0_exp_start+0x19>
   3284c:	a8 27 80 62 └	load32 gr2 gr30 3 <Cla1Task1+0x3>
   32850:	84 30 83 04 	and gr3 gr2 gr3
   32854:	94 20 00 19 	moviglz gr2 1 <Cla1Task1+0x1>
   32858:	84 20 83 09 	sl gr2 gr2 gr3
   3285c:	ec 27 80 02 	store32 gr2 gr30 0 <Cla1Task1>
   32860:	80 00 00 10 	eallow
   32864:	a8 27 80 42 	load32 gr2 gr30 2 <Cla1Task1+0x2>
   32868:	94 00 80 26 	neqi gr2 1 <Cla1Task1+0x1>
   3286c:	80 00 01 a5 	jc 328a4 <GPIO_setDirectionMode+0x84>
   32870:	80 00 00 00 	nop
   32874:	80 00 00 00 	nop
   32878:	80 00 00 41 	jmp 32884 <GPIO_setDirectionMode+0x64>
   3287c:	80 00 00 00 	nop
   32880:	80 00 00 00 	nop
   32884:	a8 47 80 02 	load32 gr4 gr30 0 <Cla1Task1>
   32888:	a8 37 80 22 	load32 gr3 gr30 1 <Cla1Task1+0x1>
   3288c:	a8 20 c0 a2 	load32 gr2 gr3 5 <Cla1Task1+0x5>
   32890:	84 20 84 05 	or gr2 gr2 gr4
   32894:	ec 20 c0 a2 	store32 gr2 gr3 5 <Cla1Task1+0x5>
   32898:	80 00 01 61 	jmp 328c8 <GPIO_setDirectionMode+0xa8>
   3289c:	80 00 00 00 	nop
   328a0:	80 00 00 00 	nop
   328a4:	a8 27 80 02 	load32 gr2 gr30 0 <Cla1Task1>
   328a8:	10 40 80 44 ┌	not gr4 gr2
   328ac:	a8 37 80 22 └	load32 gr3 gr30 1 <Cla1Task1+0x1>
   328b0:	a8 20 c0 a2 	load32 gr2 gr3 5 <Cla1Task1+0x5>
   328b4:	84 20 84 04 	and gr2 gr2 gr4
   328b8:	ec 20 c0 a2 	store32 gr2 gr3 5 <Cla1Task1+0x5>
   328bc:	80 00 00 41 	jmp 328c8 <GPIO_setDirectionMode+0xa8>
   328c0:	80 00 00 00 	nop
   328c4:	80 00 00 00 	nop
   328c8:	80 00 00 14 	edis
   328cc:	99 e7 80 80 	addi gr30 gr30 10 <_core0_exp_start+0xa>
   328d0:	80 00 00 04 	ret
   328d4:	80 00 00 00 	nop
   328d8:	80 00 00 00 	nop
   328dc:	80 00 00 00 	nop

000328e0 <GPIO_setPadConfig>:
   328e0:	99 e7 bf 80 	addi gr30 gr30 fffffff0 <XintfaRegs+0xdffffff0>
   328e4:	ec 47 80 62 	store32 gr4 gr30 3 <Cla1Task1+0x3>
   328e8:	ec 57 80 42 	store32 gr5 gr30 2 <Cla1Task1+0x2>
   328ec:	a8 27 80 62 	load32 gr2 gr30 3 <Cla1Task1+0x3>
   328f0:	98 30 85 0e 	srli gr3 gr2 5 <Cla1Task1+0x5>
   328f4:	94 40 05 09 	moviglz gr4 50 <.L0 +0x1c>
   328f8:	94 20 10 41 	movigh gr2 104 <.L0 +0x2f>
   328fc:	94 27 00 05 	movigl gr2 7000 <__cla_text_end__+0x9e0>
   32900:	84 20 c4 85 	mac32 gr2 gr3 gr4
   32904:	ec 27 80 22 	store32 gr2 gr30 1 <Cla1Task1+0x1>
   32908:	14 30 01 f9 ┌	moviglz gr3 1f <_core0_exp_start+0x19>
   3290c:	a8 27 80 62 └	load32 gr2 gr30 3 <Cla1Task1+0x3>
   32910:	84 30 83 04 	and gr3 gr2 gr3
   32914:	94 20 00 19 	moviglz gr2 1 <Cla1Task1+0x1>
   32918:	84 20 83 09 	sl gr2 gr2 gr3
   3291c:	ec 27 80 02 	store32 gr2 gr30 0 <Cla1Task1>
   32920:	80 00 00 10 	eallow
   32924:	14 30 00 49 ┌	moviglz gr3 4 <Cla1Task1+0x4>
   32928:	a8 27 81 00 └	load8 gr2 gr30 8 <_core0_exp_start+0x2>
   3292c:	84 20 83 04 	and gr2 gr2 gr3
   32930:	94 00 80 02 	eqi gr2 0 <Cla1Task1>
   32934:	80 00 01 a5 	jc 3296c <GPIO_setPadConfig+0x8c>
   32938:	80 00 00 00 	nop
   3293c:	80 00 00 00 	nop
   32940:	80 00 00 41 	jmp 3294c <GPIO_setPadConfig+0x6c>
   32944:	80 00 00 00 	nop
   32948:	80 00 00 00 	nop
   3294c:	a8 47 80 02 	load32 gr4 gr30 0 <Cla1Task1>
   32950:	a8 37 80 22 	load32 gr3 gr30 1 <Cla1Task1+0x1>
   32954:	a8 20 c1 02 	load32 gr2 gr3 8 <_core0_exp_start+0x2>
   32958:	84 20 84 05 	or gr2 gr2 gr4
   3295c:	ec 20 c1 02 	store32 gr2 gr3 8 <_core0_exp_start+0x2>
   32960:	80 00 01 61 	jmp 32990 <GPIO_setPadConfig+0xb0>
   32964:	80 00 00 00 	nop
   32968:	80 00 00 00 	nop
   3296c:	a8 27 80 02 	load32 gr2 gr30 0 <Cla1Task1>
   32970:	10 40 80 44 ┌	not gr4 gr2
   32974:	a8 37 80 22 └	load32 gr3 gr30 1 <Cla1Task1+0x1>
   32978:	a8 20 c1 02 	load32 gr2 gr3 8 <_core0_exp_start+0x2>
   3297c:	84 20 84 04 	and gr2 gr2 gr4
   32980:	ec 20 c1 02 	store32 gr2 gr3 8 <_core0_exp_start+0x2>
   32984:	80 00 00 41 	jmp 32990 <GPIO_setPadConfig+0xb0>
   32988:	80 00 00 00 	nop
   3298c:	80 00 00 00 	nop
   32990:	14 30 00 19 ┌	moviglz gr3 1 <Cla1Task1+0x1>
   32994:	a8 27 81 00 └	load8 gr2 gr30 8 <_core0_exp_start+0x2>
   32998:	84 20 83 04 	and gr2 gr2 gr3
   3299c:	94 00 80 02 	eqi gr2 0 <Cla1Task1>
   329a0:	80 00 01 c5 	jc 329dc <GPIO_setPadConfig+0xfc>
   329a4:	80 00 00 00 	nop
   329a8:	80 00 00 00 	nop
   329ac:	80 00 00 41 	jmp 329b8 <GPIO_setPadConfig+0xd8>
   329b0:	80 00 00 00 	nop
   329b4:	80 00 00 00 	nop
   329b8:	a8 27 80 02 	load32 gr2 gr30 0 <Cla1Task1>
   329bc:	10 40 80 44 ┌	not gr4 gr2
   329c0:	a8 37 80 22 └	load32 gr3 gr30 1 <Cla1Task1+0x1>
   329c4:	a8 20 c0 c2 	load32 gr2 gr3 6 <_core0_exp_start>
   329c8:	84 20 84 04 	and gr2 gr2 gr4
   329cc:	ec 20 c0 c2 	store32 gr2 gr3 6 <_core0_exp_start>
   329d0:	80 00 01 41 	jmp 329fc <GPIO_setPadConfig+0x11c>
   329d4:	80 00 00 00 	nop
   329d8:	80 00 00 00 	nop
   329dc:	a8 47 80 02 	load32 gr4 gr30 0 <Cla1Task1>
   329e0:	a8 37 80 22 	load32 gr3 gr30 1 <Cla1Task1+0x1>
   329e4:	a8 20 c0 c2 	load32 gr2 gr3 6 <_core0_exp_start>
   329e8:	84 20 84 05 	or gr2 gr2 gr4
   329ec:	ec 20 c0 c2 	store32 gr2 gr3 6 <_core0_exp_start>
   329f0:	80 00 00 41 	jmp 329fc <GPIO_setPadConfig+0x11c>
   329f4:	80 00 00 00 	nop
   329f8:	80 00 00 00 	nop
   329fc:	94 30 00 29 	moviglz gr3 2 <Cla1Task1+0x2>
   32a00:	a8 27 81 00 	load8 gr2 gr30 8 <_core0_exp_start+0x2>
   32a04:	84 20 83 04 	and gr2 gr2 gr3
   32a08:	94 00 80 02 	eqi gr2 0 <Cla1Task1>
   32a0c:	80 00 01 a5 	jc 32a44 <GPIO_setPadConfig+0x164>
   32a10:	80 00 00 00 	nop
   32a14:	80 00 00 00 	nop
   32a18:	80 00 00 41 	jmp 32a24 <GPIO_setPadConfig+0x144>
   32a1c:	80 00 00 00 	nop
   32a20:	80 00 00 00 	nop
   32a24:	a8 47 80 02 	load32 gr4 gr30 0 <Cla1Task1>
   32a28:	a8 37 80 22 	load32 gr3 gr30 1 <Cla1Task1+0x1>
   32a2c:	a8 20 c0 e2 	load32 gr2 gr3 7 <_core0_exp_start+0x1>
   32a30:	84 20 84 05 	or gr2 gr2 gr4
   32a34:	ec 20 c0 e2 	store32 gr2 gr3 7 <_core0_exp_start+0x1>
   32a38:	80 00 01 61 	jmp 32a68 <GPIO_setPadConfig+0x188>
   32a3c:	80 00 00 00 	nop
   32a40:	80 00 00 00 	nop
   32a44:	a8 27 80 02 	load32 gr2 gr30 0 <Cla1Task1>
   32a48:	10 40 80 44 ┌	not gr4 gr2
   32a4c:	a8 37 80 22 └	load32 gr3 gr30 1 <Cla1Task1+0x1>
   32a50:	a8 20 c0 e2 	load32 gr2 gr3 7 <_core0_exp_start+0x1>
   32a54:	84 20 84 04 	and gr2 gr2 gr4
   32a58:	ec 20 c0 e2 	store32 gr2 gr3 7 <_core0_exp_start+0x1>
   32a5c:	80 00 00 41 	jmp 32a68 <GPIO_setPadConfig+0x188>
   32a60:	80 00 00 00 	nop
   32a64:	80 00 00 00 	nop
   32a68:	80 00 00 14 	edis
   32a6c:	99 e7 80 80 	addi gr30 gr30 10 <_core0_exp_start+0xa>
   32a70:	80 00 00 04 	ret
   32a74:	80 00 00 00 	nop
   32a78:	80 00 00 00 	nop
   32a7c:	80 00 00 00 	nop

00032a80 <GPIO_setPinConfig>:
   32a80:	99 e7 bf 80 	addi gr30 gr30 fffffff0 <XintfaRegs+0xdffffff0>
   32a84:	ec 47 80 62 	store32 gr4 gr30 3 <Cla1Task1+0x3>
   32a88:	14 30 10 41 ┌	movigh gr3 104 <.L0 +0x2f>
   32a8c:	a8 27 80 e1 └	load16 gr2 gr30 7 <_core0_exp_start+0x1>
   32a90:	94 37 00 05 	movigl gr3 7000 <__cla_text_end__+0x9e0>
   32a94:	84 20 83 00 	add gr2 gr2 gr3
   32a98:	ec 27 80 42 	store32 gr2 gr30 2 <Cla1Task1+0x2>
   32a9c:	a8 27 81 a0 	load8 gr2 gr30 d <_core0_exp_start+0x7>
   32aa0:	ec 27 80 02 	store32 gr2 gr30 0 <Cla1Task1>
   32aa4:	14 30 00 39 ┌	moviglz gr3 3 <Cla1Task1+0x3>
   32aa8:	a8 27 80 02 └	load32 gr2 gr30 0 <Cla1Task1>
   32aac:	84 20 c2 09 	sl gr2 gr3 gr2
   32ab0:	ec 27 80 22 	store32 gr2 gr30 1 <Cla1Task1+0x1>
   32ab4:	80 00 00 10 	eallow
   32ab8:	a8 27 80 22 	load32 gr2 gr30 1 <Cla1Task1+0x1>
   32abc:	10 50 80 44 ┌	not gr5 gr2
   32ac0:	a8 47 80 42 └	load32 gr4 gr30 2 <Cla1Task1+0x2>
   32ac4:	a8 21 00 02 	load32 gr2 gr4 0 <Cla1Task1>
   32ac8:	84 20 85 04 	and gr2 gr2 gr5
   32acc:	ec 21 00 02 	store32 gr2 gr4 0 <Cla1Task1>
   32ad0:	a8 27 80 42 	load32 gr2 gr30 2 <Cla1Task1+0x2>
   32ad4:	a8 20 80 e2 	load32 gr2 gr2 7 <_core0_exp_start+0x1>
   32ad8:	a8 47 80 22 	load32 gr4 gr30 1 <Cla1Task1+0x1>
   32adc:	90 41 00 44 	not gr4 gr4
   32ae0:	84 20 84 04 	and gr2 gr2 gr4
   32ae4:	a8 47 80 62 	load32 gr4 gr30 3 <Cla1Task1+0x3>
   32ae8:	98 41 02 0e 	srli gr4 gr4 2 <Cla1Task1+0x2>
   32aec:	04 41 03 04 ┌	and gr4 gr4 gr3
   32af0:	a8 57 80 02 └	load32 gr5 gr30 0 <Cla1Task1>
   32af4:	84 41 05 09 	sl gr4 gr4 gr5
   32af8:	84 20 84 05 	or gr2 gr2 gr4
   32afc:	a8 47 80 42 	load32 gr4 gr30 2 <Cla1Task1+0x2>
   32b00:	ec 21 00 e2 	store32 gr2 gr4 7 <_core0_exp_start+0x1>
   32b04:	a8 27 80 62 	load32 gr2 gr30 3 <Cla1Task1+0x3>
   32b08:	84 20 83 04 	and gr2 gr2 gr3
   32b0c:	a8 37 80 02 	load32 gr3 gr30 0 <Cla1Task1>
   32b10:	84 40 83 09 	sl gr4 gr2 gr3
   32b14:	a8 37 80 42 	load32 gr3 gr30 2 <Cla1Task1+0x2>
   32b18:	a8 20 c0 02 	load32 gr2 gr3 0 <Cla1Task1>
   32b1c:	84 20 84 05 	or gr2 gr2 gr4
   32b20:	ec 20 c0 02 	store32 gr2 gr3 0 <Cla1Task1>
   32b24:	80 00 00 14 	edis
   32b28:	99 e7 80 80 	addi gr30 gr30 10 <_core0_exp_start+0xa>
   32b2c:	80 00 00 04 	ret
   32b30:	80 00 00 00 	nop
   32b34:	80 00 00 00 	nop
   32b38:	80 00 00 00 	nop
   32b3c:	80 00 00 00 	nop

00032b40 <Interrupt_initVectorTable>:
   32b40:	99 e7 bf c0 	addi gr30 gr30 fffffff8 <XintfaRegs+0xdffffff8>
   32b44:	94 20 00 09 	moviglz gr2 0 <Cla1Task1>

00032b48 <.L0 >:
   32b48:	ec 27 80 22 	store32 gr2 gr30 1 <Cla1Task1+0x1>
   32b4c:	80 00 00 41 	jmp 32b58 <.L0 +0x10>
   32b50:	80 00 00 00 	nop
   32b54:	80 00 00 00 	nop
   32b58:	a8 27 80 22 	load32 gr2 gr30 1 <Cla1Task1+0x1>
   32b5c:	94 00 9f ea 	gti gr2 ff <.L0 +0x2a>
   32b60:	80 00 02 c5 	jc 32bbc <.L0 >
   32b64:	80 00 00 00 	nop
   32b68:	80 00 00 00 	nop
   32b6c:	80 00 00 41 	jmp 32b78 <.L0 +0x30>
   32b70:	80 00 00 00 	nop
   32b74:	80 00 00 00 	nop
   32b78:	a8 27 80 22 	load32 gr2 gr30 1 <Cla1Task1+0x1>
   32b7c:	98 30 82 06 	sli gr3 gr2 2 <Cla1Task1+0x2>
   32b80:	94 20 00 21 	movigh gr2 2 <Cla1Task1+0x2>
   32b84:	94 2f c0 05 	movigl gr2 fffffc00 <XintfaRegs+0xdffffc00>
   32b88:	84 30 83 00 	add gr3 gr2 gr3
   32b8c:	94 20 00 31 	movigh gr2 3 <Cla1Task1+0x3>
   32b90:	94 21 7a 05 	movigl gr2 17a0 <$line_table_start0+0x1ae>
   32b94:	ec 20 c0 02 	store32 gr2 gr3 0 <Cla1Task1>
   32b98:	80 00 00 41 	jmp 32ba4 <.L0 +0x5c>
   32b9c:	80 00 00 00 	nop
   32ba0:	80 00 00 00 	nop
   32ba4:	a8 27 80 22 	load32 gr2 gr30 1 <Cla1Task1+0x1>
   32ba8:	98 20 80 08 	addi gr2 gr2 1 <Cla1Task1+0x1>
   32bac:	ec 27 80 22 	store32 gr2 gr30 1 <Cla1Task1+0x1>
   32bb0:	83 ff fd 21 	jmp 32b58 <.L0 +0x10>
   32bb4:	80 00 00 00 	nop
   32bb8:	80 00 00 00 	nop

00032bbc <.L0 >:
   32bbc:	99 e7 80 40 	addi gr30 gr30 8 <_core0_exp_start+0x2>
   32bc0:	80 00 00 04 	ret
   32bc4:	80 00 00 00 	nop
   32bc8:	80 00 00 00 	nop
   32bcc:	80 00 00 00 	nop

00032bd0 <Interrupt_enable>:
   32bd0:	99 e7 bf 80 	addi gr30 gr30 fffffff0 <XintfaRegs+0xdffffff0>
   32bd4:	ec 47 80 62 	store32 gr4 gr30 3 <Cla1Task1+0x3>
   32bd8:	a8 27 81 a0 	load8 gr2 gr30 d <_core0_exp_start+0x7>
   32bdc:	98 20 bf f8 	addi gr2 gr2 ffffffff <XintfaRegs+0xdfffffff>
   32be0:	ec 27 80 42 	store32 gr2 gr30 2 <Cla1Task1+0x2>
   32be4:	14 20 00 19 ┌	moviglz gr2 1 <Cla1Task1+0x1>
   32be8:	a8 37 80 42 └	load32 gr3 gr30 2 <Cla1Task1+0x2>
   32bec:	84 20 83 09 	sl gr2 gr2 gr3
   32bf0:	ec 27 80 22 	store32 gr2 gr30 1 <Cla1Task1+0x1>
   32bf4:	a8 27 80 42 	load32 gr2 gr30 2 <Cla1Task1+0x2>
   32bf8:	94 00 81 8a 	gti gr2 c <_core0_exp_start+0x6>
   32bfc:	80 00 02 85 	jc 32c50 <Interrupt_enable+0x80>
   32c00:	80 00 00 00 	nop
   32c04:	80 00 00 00 	nop
   32c08:	80 00 00 41 	jmp 32c14 <Interrupt_enable+0x44>
   32c0c:	80 00 00 00 	nop
   32c10:	80 00 00 00 	nop
   32c14:	a8 27 81 80 	load8 gr2 gr30 c <_core0_exp_start+0x6>
   32c18:	98 30 bf f8 	addi gr3 gr2 ffffffff <XintfaRegs+0xdfffffff>
   32c1c:	94 20 00 19 	moviglz gr2 1 <Cla1Task1+0x1>
   32c20:	84 40 83 09 	sl gr4 gr2 gr3
   32c24:	a8 27 80 42 	load32 gr2 gr30 2 <Cla1Task1+0x2>
   32c28:	98 20 83 06 	sli gr2 gr2 3 <Cla1Task1+0x3>
   32c2c:	94 30 07 f1 	movigh gr3 7f <.L0 +0x4>
   32c30:	94 30 10 c5 	movigl gr3 10c <.L0 +0x3>
   32c34:	84 30 83 00 	add gr3 gr2 gr3
   32c38:	a8 20 c0 01 	load16 gr2 gr3 0 <Cla1Task1>
   32c3c:	84 20 84 05 	or gr2 gr2 gr4
   32c40:	ec 20 c0 01 	store16 gr2 gr3 0 <Cla1Task1>
   32c44:	80 00 00 41 	jmp 32c50 <Interrupt_enable+0x80>
   32c48:	80 00 00 00 	nop
   32c4c:	80 00 00 00 	nop
   32c50:	14 20 00 19 ┌	moviglz gr2 1 <Cla1Task1+0x1>
   32c54:	a8 37 80 42 └	load32 gr3 gr30 2 <Cla1Task1+0x2>
   32c58:	84 40 83 09 	sl gr4 gr2 gr3
   32c5c:	94 30 07 f1 	movigh gr3 7f <.L0 +0x4>
   32c60:	94 30 10 45 	movigl gr3 104 <.L0 +0x2f>
   32c64:	a8 20 c0 01 	load16 gr2 gr3 0 <Cla1Task1>
   32c68:	84 20 84 05 	or gr2 gr2 gr4
   32c6c:	19 e7 80 80 ┌	addi gr30 gr30 10 <_core0_exp_start+0xa>
   32c70:	ec 20 c0 01 └	store16 gr2 gr3 0 <Cla1Task1>
   32c74:	80 00 00 04 	ret
   32c78:	80 00 00 00 	nop
   32c7c:	80 00 00 00 	nop

00032c80 <SysCtl_getClock>:
   32c80:	99 e7 be 80 	addi gr30 gr30 ffffffd0 <XintfaRegs+0xdfffffd0>
   32c84:	ed f7 81 62 	store32 gr31 gr30 b <_core0_exp_start+0x5>
   32c88:	14 20 00 09 ┌	moviglz gr2 0 <Cla1Task1>
   32c8c:	ec 47 81 42 └	store32 gr4 gr30 a <_core0_exp_start+0x4>
   32c90:	ec 27 81 22 	store32 gr2 gr30 9 <_core0_exp_start+0x3>
   32c94:	ec 27 81 02 	store32 gr2 gr30 8 <_core0_exp_start+0x2>
   32c98:	ec 27 80 e2 	store32 gr2 gr30 7 <_core0_exp_start+0x1>
   32c9c:	ec 27 80 c2 	store32 gr2 gr30 6 <_core0_exp_start>
   32ca0:	ec 27 80 a2 	store32 gr2 gr30 5 <Cla1Task1+0x5>
   32ca4:	80 00 2a 4d 	call 331f0 <SysCtl_isMCDClockFailureDetected>
   32ca8:	80 00 00 00 	nop
   32cac:	80 00 00 00 	nop
   32cb0:	80 00 00 00 	nop
   32cb4:	94 00 80 02 	eqi gr2 0 <Cla1Task1>
   32cb8:	80 00 01 65 	jc 32ce8 <SysCtl_getClock+0x68>
   32cbc:	80 00 00 00 	nop
   32cc0:	80 00 00 00 	nop
   32cc4:	80 00 00 41 	jmp 32cd0 <SysCtl_getClock+0x50>
   32cc8:	80 00 00 00 	nop
   32ccc:	80 00 00 00 	nop
   32cd0:	94 20 09 81 	movigh gr2 98 <Cla1Task2+0xc>
   32cd4:	94 29 68 05 	movigl gr2 ffff9680 <XintfaRegs+0xdfff9680>
   32cd8:	ec 27 80 62 	store32 gr2 gr30 3 <Cla1Task1+0x3>
   32cdc:	80 00 27 c1 	jmp 331d8 <SysCtl_getClock+0x558>
   32ce0:	80 00 00 00 	nop
   32ce4:	80 00 00 00 	nop
   32ce8:	94 20 10 01 	movigh gr2 100 <.L0 +0x2b>
   32cec:	94 20 00 05 	movigl gr2 0 <Cla1Task1>
   32cf0:	14 30 00 39 ┌	moviglz gr3 3 <Cla1Task1+0x3>
   32cf4:	a8 20 80 02 └	load32 gr2 gr2 0 <Cla1Task1>
   32cf8:	84 20 83 04 	and gr2 gr2 gr3
   32cfc:	ec 27 80 82 	store32 gr2 gr30 4 <Cla1Task1+0x4>
   32d00:	a8 27 80 82 	load32 gr2 gr30 4 <Cla1Task1+0x4>
   32d04:	94 00 80 02 	eqi gr2 0 <Cla1Task1>
   32d08:	80 00 01 a5 	jc 32d40 <SysCtl_getClock+0xc0>
   32d0c:	80 00 00 00 	nop
   32d10:	80 00 00 00 	nop
   32d14:	80 00 00 41 	jmp 32d20 <SysCtl_getClock+0xa0>
   32d18:	80 00 00 00 	nop
   32d1c:	80 00 00 00 	nop
   32d20:	a8 27 80 82 	load32 gr2 gr30 4 <Cla1Task1+0x4>
   32d24:	94 00 80 46 	neqi gr2 2 <Cla1Task1+0x2>
   32d28:	80 00 01 65 	jc 32d58 <SysCtl_getClock+0xd8>
   32d2c:	80 00 00 00 	nop
   32d30:	80 00 00 00 	nop
   32d34:	80 00 00 41 	jmp 32d40 <SysCtl_getClock+0xc0>
   32d38:	80 00 00 00 	nop
   32d3c:	80 00 00 00 	nop
   32d40:	94 20 09 81 	movigh gr2 98 <Cla1Task2+0xc>
   32d44:	94 29 68 05 	movigl gr2 ffff9680 <XintfaRegs+0xdfff9680>
   32d48:	ec 27 80 62 	store32 gr2 gr30 3 <Cla1Task1+0x3>
   32d4c:	80 00 00 e1 	jmp 32d6c <SysCtl_getClock+0xec>
   32d50:	80 00 00 00 	nop
   32d54:	80 00 00 00 	nop
   32d58:	a8 27 81 42 	load32 gr2 gr30 a <_core0_exp_start+0x4>
   32d5c:	ec 27 80 62 	store32 gr2 gr30 3 <Cla1Task1+0x3>
   32d60:	80 00 00 41 	jmp 32d6c <SysCtl_getClock+0xec>
   32d64:	80 00 00 00 	nop
   32d68:	80 00 00 00 	nop
   32d6c:	94 20 10 01 	movigh gr2 100 <.L0 +0x2b>
   32d70:	94 20 00 05 	movigl gr2 0 <Cla1Task1>
   32d74:	a8 20 80 62 	load32 gr2 gr2 3 <Cla1Task1+0x3>
   32d78:	98 20 81 0e 	srli gr2 gr2 1 <Cla1Task1+0x1>
   32d7c:	94 30 00 19 	moviglz gr3 1 <Cla1Task1+0x1>
   32d80:	84 20 83 04 	and gr2 gr2 gr3
   32d84:	94 00 80 02 	eqi gr2 0 <Cla1Task1>
   32d88:	80 00 1e e5 	jc 33168 <SysCtl_getClock+0x4e8>
   32d8c:	80 00 00 00 	nop
   32d90:	80 00 00 00 	nop
   32d94:	80 00 00 41 	jmp 32da0 <SysCtl_getClock+0x120>
   32d98:	80 00 00 00 	nop
   32d9c:	80 00 00 00 	nop
   32da0:	94 20 10 01 	movigh gr2 100 <.L0 +0x2b>
   32da4:	94 20 00 05 	movigl gr2 0 <Cla1Task1>
   32da8:	14 30 00 19 ┌	moviglz gr3 1 <Cla1Task1+0x1>
   32dac:	a8 20 80 62 └	load32 gr2 gr2 3 <Cla1Task1+0x3>
   32db0:	84 20 83 04 	and gr2 gr2 gr3
   32db4:	94 00 80 02 	eqi gr2 0 <Cla1Task1>
   32db8:	80 00 1d 65 	jc 33168 <SysCtl_getClock+0x4e8>
   32dbc:	80 00 00 00 	nop
   32dc0:	80 00 00 00 	nop
   32dc4:	80 00 00 41 	jmp 32dd0 <SysCtl_getClock+0x150>
   32dc8:	80 00 00 00 	nop
   32dcc:	80 00 00 00 	nop
   32dd0:	94 20 10 01 	movigh gr2 100 <.L0 +0x2b>
   32dd4:	94 20 00 05 	movigl gr2 0 <Cla1Task1>
   32dd8:	a8 20 80 a2 	load32 gr2 gr2 5 <Cla1Task1+0x5>
   32ddc:	ec 27 81 02 	store32 gr2 gr30 8 <_core0_exp_start+0x2>
   32de0:	a8 27 81 02 	load32 gr2 gr30 8 <_core0_exp_start+0x2>
   32de4:	94 00 80 02 	eqi gr2 0 <Cla1Task1>
   32de8:	80 00 06 05 	jc 32eac <SysCtl_getClock+0x22c>
   32dec:	80 00 00 00 	nop
   32df0:	80 00 00 00 	nop
   32df4:	80 00 00 41 	jmp 32e00 <SysCtl_getClock+0x180>
   32df8:	80 00 00 00 	nop
   32dfc:	80 00 00 00 	nop
   32e00:	94 20 00 09 	moviglz gr2 0 <Cla1Task1>
   32e04:	ec 27 81 22 	store32 gr2 gr30 9 <_core0_exp_start+0x3>
   32e08:	80 00 00 41 	jmp 32e14 <SysCtl_getClock+0x194>
   32e0c:	80 00 00 00 	nop
   32e10:	80 00 00 00 	nop
   32e14:	a8 27 81 22 	load32 gr2 gr30 9 <_core0_exp_start+0x3>
   32e18:	94 00 83 f3 	gtiu gr2 1f <_core0_exp_start+0x19>
   32e1c:	80 00 04 05 	jc 32ea0 <SysCtl_getClock+0x220>
   32e20:	80 00 00 00 	nop
   32e24:	80 00 00 00 	nop
   32e28:	80 00 00 41 	jmp 32e34 <SysCtl_getClock+0x1b4>
   32e2c:	80 00 00 00 	nop
   32e30:	80 00 00 00 	nop
   32e34:	a8 27 81 02 	load32 gr2 gr30 8 <_core0_exp_start+0x2>
   32e38:	a8 37 81 22 	load32 gr3 gr30 9 <_core0_exp_start+0x3>
   32e3c:	80 00 00 00 	nop
   32e40:	84 20 83 0b 	srl gr2 gr2 gr3
   32e44:	94 30 00 19 	moviglz gr3 1 <Cla1Task1+0x1>
   32e48:	84 20 83 04 	and gr2 gr2 gr3
   32e4c:	94 00 80 02 	eqi gr2 0 <Cla1Task1>
   32e50:	80 00 01 45 	jc 32e7c <SysCtl_getClock+0x1fc>
   32e54:	80 00 00 00 	nop
   32e58:	80 00 00 00 	nop
   32e5c:	80 00 00 41 	jmp 32e68 <SysCtl_getClock+0x1e8>
   32e60:	80 00 00 00 	nop
   32e64:	80 00 00 00 	nop
   32e68:	a8 27 81 22 	load32 gr2 gr30 9 <_core0_exp_start+0x3>
   32e6c:	ec 27 80 e2 	store32 gr2 gr30 7 <_core0_exp_start+0x1>
   32e70:	80 00 01 61 	jmp 32ea0 <SysCtl_getClock+0x220>
   32e74:	80 00 00 00 	nop
   32e78:	80 00 00 00 	nop
   32e7c:	80 00 00 41 	jmp 32e88 <SysCtl_getClock+0x208>
   32e80:	80 00 00 00 	nop
   32e84:	80 00 00 00 	nop
   32e88:	a8 27 81 22 	load32 gr2 gr30 9 <_core0_exp_start+0x3>
   32e8c:	98 20 80 08 	addi gr2 gr2 1 <Cla1Task1+0x1>
   32e90:	ec 27 81 22 	store32 gr2 gr30 9 <_core0_exp_start+0x3>
   32e94:	83 ff fb e1 	jmp 32e14 <SysCtl_getClock+0x194>
   32e98:	80 00 00 00 	nop
   32e9c:	80 00 00 00 	nop
   32ea0:	80 00 07 a1 	jmp 32f98 <SysCtl_getClock+0x318>
   32ea4:	80 00 00 00 	nop
   32ea8:	80 00 00 00 	nop
   32eac:	94 20 10 01 	movigh gr2 100 <.L0 +0x2b>
   32eb0:	94 20 00 05 	movigl gr2 0 <Cla1Task1>
   32eb4:	a8 20 80 c2 	load32 gr2 gr2 6 <_core0_exp_start>
   32eb8:	ec 27 81 02 	store32 gr2 gr30 8 <_core0_exp_start+0x2>
   32ebc:	a8 27 81 02 	load32 gr2 gr30 8 <_core0_exp_start+0x2>
   32ec0:	94 00 80 02 	eqi gr2 0 <Cla1Task1>
   32ec4:	80 00 06 25 	jc 32f8c <SysCtl_getClock+0x30c>
   32ec8:	80 00 00 00 	nop
   32ecc:	80 00 00 00 	nop
   32ed0:	80 00 00 41 	jmp 32edc <SysCtl_getClock+0x25c>
   32ed4:	80 00 00 00 	nop
   32ed8:	80 00 00 00 	nop
   32edc:	94 20 00 09 	moviglz gr2 0 <Cla1Task1>
   32ee0:	ec 27 81 22 	store32 gr2 gr30 9 <_core0_exp_start+0x3>
   32ee4:	80 00 00 41 	jmp 32ef0 <SysCtl_getClock+0x270>
   32ee8:	80 00 00 00 	nop
   32eec:	80 00 00 00 	nop
   32ef0:	a8 27 81 22 	load32 gr2 gr30 9 <_core0_exp_start+0x3>
   32ef4:	94 00 83 f3 	gtiu gr2 1f <_core0_exp_start+0x19>
   32ef8:	80 00 04 25 	jc 32f80 <SysCtl_getClock+0x300>
   32efc:	80 00 00 00 	nop
   32f00:	80 00 00 00 	nop
   32f04:	80 00 00 41 	jmp 32f10 <SysCtl_getClock+0x290>
   32f08:	80 00 00 00 	nop
   32f0c:	80 00 00 00 	nop
   32f10:	a8 27 81 02 	load32 gr2 gr30 8 <_core0_exp_start+0x2>
   32f14:	a8 37 81 22 	load32 gr3 gr30 9 <_core0_exp_start+0x3>
   32f18:	80 00 00 00 	nop
   32f1c:	84 20 83 0b 	srl gr2 gr2 gr3
   32f20:	94 30 00 19 	moviglz gr3 1 <Cla1Task1+0x1>
   32f24:	84 20 83 04 	and gr2 gr2 gr3
   32f28:	94 00 80 02 	eqi gr2 0 <Cla1Task1>
   32f2c:	80 00 01 65 	jc 32f5c <SysCtl_getClock+0x2dc>
   32f30:	80 00 00 00 	nop
   32f34:	80 00 00 00 	nop
   32f38:	80 00 00 41 	jmp 32f44 <SysCtl_getClock+0x2c4>
   32f3c:	80 00 00 00 	nop
   32f40:	80 00 00 00 	nop
   32f44:	a8 27 81 22 	load32 gr2 gr30 9 <_core0_exp_start+0x3>
   32f48:	98 20 81 00 	addi gr2 gr2 20 <.L0 >
   32f4c:	ec 27 80 e2 	store32 gr2 gr30 7 <_core0_exp_start+0x1>
   32f50:	80 00 01 61 	jmp 32f80 <SysCtl_getClock+0x300>
   32f54:	80 00 00 00 	nop
   32f58:	80 00 00 00 	nop
   32f5c:	80 00 00 41 	jmp 32f68 <SysCtl_getClock+0x2e8>
   32f60:	80 00 00 00 	nop
   32f64:	80 00 00 00 	nop
   32f68:	a8 27 81 22 	load32 gr2 gr30 9 <_core0_exp_start+0x3>
   32f6c:	98 20 80 08 	addi gr2 gr2 1 <Cla1Task1+0x1>
   32f70:	ec 27 81 22 	store32 gr2 gr30 9 <_core0_exp_start+0x3>
   32f74:	83 ff fb c1 	jmp 32ef0 <SysCtl_getClock+0x270>
   32f78:	80 00 00 00 	nop
   32f7c:	80 00 00 00 	nop
   32f80:	80 00 00 41 	jmp 32f8c <SysCtl_getClock+0x30c>
   32f84:	80 00 00 00 	nop
   32f88:	80 00 00 00 	nop
   32f8c:	80 00 00 41 	jmp 32f98 <SysCtl_getClock+0x318>
   32f90:	80 00 00 00 	nop
   32f94:	80 00 00 00 	nop
   32f98:	a8 27 80 e2 	load32 gr2 gr30 7 <_core0_exp_start+0x1>
   32f9c:	94 00 80 02 	eqi gr2 0 <Cla1Task1>
   32fa0:	80 00 01 a5 	jc 32fd8 <SysCtl_getClock+0x358>
   32fa4:	80 00 00 00 	nop
   32fa8:	80 00 00 00 	nop
   32fac:	80 00 00 41 	jmp 32fb8 <SysCtl_getClock+0x338>
   32fb0:	80 00 00 00 	nop
   32fb4:	80 00 00 00 	nop
   32fb8:	a8 27 80 62 	load32 gr2 gr30 3 <Cla1Task1+0x3>
   32fbc:	a8 37 80 e2 	load32 gr3 gr30 7 <_core0_exp_start+0x1>
   32fc0:	80 00 00 00 	nop
   32fc4:	84 20 83 0c 	mul32 gr2 gr2 gr3
   32fc8:	ec 27 80 62 	store32 gr2 gr30 3 <Cla1Task1+0x3>
   32fcc:	80 00 00 41 	jmp 32fd8 <SysCtl_getClock+0x358>
   32fd0:	80 00 00 00 	nop
   32fd4:	80 00 00 00 	nop
   32fd8:	94 20 10 01 	movigh gr2 100 <.L0 +0x2b>
   32fdc:	94 20 00 05 	movigl gr2 0 <Cla1Task1>
   32fe0:	14 30 00 f9 ┌	moviglz gr3 f <_core0_exp_start+0x9>
   32fe4:	a8 20 80 82 └	load32 gr2 gr2 4 <Cla1Task1+0x4>
   32fe8:	84 20 83 04 	and gr2 gr2 gr3
   32fec:	ec 27 80 c2 	store32 gr2 gr30 6 <_core0_exp_start>
   32ff0:	a8 27 80 c2 	load32 gr2 gr30 6 <_core0_exp_start>
   32ff4:	94 00 80 02 	eqi gr2 0 <Cla1Task1>
   32ff8:	80 00 01 e5 	jc 33038 <SysCtl_getClock+0x3b8>
   32ffc:	80 00 00 00 	nop
   33000:	80 00 00 00 	nop
   33004:	80 00 00 41 	jmp 33010 <SysCtl_getClock+0x390>
   33008:	80 00 00 00 	nop
   3300c:	80 00 00 00 	nop
   33010:	a8 57 80 c2 	load32 gr5 gr30 6 <_core0_exp_start>
   33014:	a8 47 80 62 	load32 gr4 gr30 3 <Cla1Task1+0x3>
   33018:	83 ff 5f ad 	call 31c10 <__udivsi3>
   3301c:	80 00 00 00 	nop
   33020:	80 00 00 00 	nop
   33024:	80 00 00 00 	nop
   33028:	ec 27 80 62 	store32 gr2 gr30 3 <Cla1Task1+0x3>
   3302c:	80 00 00 41 	jmp 33038 <SysCtl_getClock+0x3b8>
   33030:	80 00 00 00 	nop
   33034:	80 00 00 00 	nop
   33038:	94 20 10 01 	movigh gr2 100 <.L0 +0x2b>
   3303c:	94 20 00 05 	movigl gr2 0 <Cla1Task1>
   33040:	a8 20 80 e2 	load32 gr2 gr2 7 <_core0_exp_start+0x1>
   33044:	ec 27 81 02 	store32 gr2 gr30 8 <_core0_exp_start+0x2>
   33048:	a8 27 81 02 	load32 gr2 gr30 8 <_core0_exp_start+0x2>
   3304c:	94 00 80 02 	eqi gr2 0 <Cla1Task1>
   33050:	80 00 06 05 	jc 33114 <SysCtl_getClock+0x494>
   33054:	80 00 00 00 	nop
   33058:	80 00 00 00 	nop
   3305c:	80 00 00 41 	jmp 33068 <SysCtl_getClock+0x3e8>
   33060:	80 00 00 00 	nop
   33064:	80 00 00 00 	nop
   33068:	94 20 00 09 	moviglz gr2 0 <Cla1Task1>
   3306c:	ec 27 81 22 	store32 gr2 gr30 9 <_core0_exp_start+0x3>
   33070:	80 00 00 41 	jmp 3307c <SysCtl_getClock+0x3fc>
   33074:	80 00 00 00 	nop
   33078:	80 00 00 00 	nop
   3307c:	a8 27 81 22 	load32 gr2 gr30 9 <_core0_exp_start+0x3>
   33080:	94 00 83 f3 	gtiu gr2 1f <_core0_exp_start+0x19>
   33084:	80 00 04 05 	jc 33108 <SysCtl_getClock+0x488>
   33088:	80 00 00 00 	nop
   3308c:	80 00 00 00 	nop
   33090:	80 00 00 41 	jmp 3309c <SysCtl_getClock+0x41c>
   33094:	80 00 00 00 	nop
   33098:	80 00 00 00 	nop
   3309c:	a8 27 81 02 	load32 gr2 gr30 8 <_core0_exp_start+0x2>
   330a0:	a8 37 81 22 	load32 gr3 gr30 9 <_core0_exp_start+0x3>
   330a4:	80 00 00 00 	nop
   330a8:	84 20 83 0b 	srl gr2 gr2 gr3
   330ac:	94 30 00 19 	moviglz gr3 1 <Cla1Task1+0x1>
   330b0:	84 20 83 04 	and gr2 gr2 gr3
   330b4:	94 00 80 02 	eqi gr2 0 <Cla1Task1>
   330b8:	80 00 01 45 	jc 330e4 <SysCtl_getClock+0x464>
   330bc:	80 00 00 00 	nop
   330c0:	80 00 00 00 	nop
   330c4:	80 00 00 41 	jmp 330d0 <SysCtl_getClock+0x450>
   330c8:	80 00 00 00 	nop
   330cc:	80 00 00 00 	nop
   330d0:	a8 27 81 22 	load32 gr2 gr30 9 <_core0_exp_start+0x3>
   330d4:	ec 27 80 a2 	store32 gr2 gr30 5 <Cla1Task1+0x5>
   330d8:	80 00 01 61 	jmp 33108 <SysCtl_getClock+0x488>
   330dc:	80 00 00 00 	nop
   330e0:	80 00 00 00 	nop
   330e4:	80 00 00 41 	jmp 330f0 <SysCtl_getClock+0x470>
   330e8:	80 00 00 00 	nop
   330ec:	80 00 00 00 	nop
   330f0:	a8 27 81 22 	load32 gr2 gr30 9 <_core0_exp_start+0x3>
   330f4:	98 20 80 08 	addi gr2 gr2 1 <Cla1Task1+0x1>
   330f8:	ec 27 81 22 	store32 gr2 gr30 9 <_core0_exp_start+0x3>
   330fc:	83 ff fb e1 	jmp 3307c <SysCtl_getClock+0x3fc>
   33100:	80 00 00 00 	nop
   33104:	80 00 00 00 	nop
   33108:	80 00 00 41 	jmp 33114 <SysCtl_getClock+0x494>
   3310c:	80 00 00 00 	nop
   33110:	80 00 00 00 	nop
   33114:	a8 27 80 a2 	load32 gr2 gr30 5 <Cla1Task1+0x5>
   33118:	94 00 80 02 	eqi gr2 0 <Cla1Task1>
   3311c:	80 00 01 e5 	jc 3315c <SysCtl_getClock+0x4dc>
   33120:	80 00 00 00 	nop
   33124:	80 00 00 00 	nop
   33128:	80 00 00 41 	jmp 33134 <SysCtl_getClock+0x4b4>
   3312c:	80 00 00 00 	nop
   33130:	80 00 00 00 	nop
   33134:	a8 57 80 a2 	load32 gr5 gr30 5 <Cla1Task1+0x5>
   33138:	a8 47 80 62 	load32 gr4 gr30 3 <Cla1Task1+0x3>
   3313c:	83 ff 56 8d 	call 31c10 <__udivsi3>
   33140:	80 00 00 00 	nop
   33144:	80 00 00 00 	nop
   33148:	80 00 00 00 	nop
   3314c:	ec 27 80 62 	store32 gr2 gr30 3 <Cla1Task1+0x3>
   33150:	80 00 00 41 	jmp 3315c <SysCtl_getClock+0x4dc>
   33154:	80 00 00 00 	nop
   33158:	80 00 00 00 	nop
   3315c:	80 00 00 41 	jmp 33168 <SysCtl_getClock+0x4e8>
   33160:	80 00 00 00 	nop
   33164:	80 00 00 00 	nop
   33168:	94 20 10 01 	movigh gr2 100 <.L0 +0x2b>
   3316c:	94 20 00 05 	movigl gr2 0 <Cla1Task1>
   33170:	14 30 03 f9 ┌	moviglz gr3 3f <.L0 +0xb>
   33174:	a8 20 82 41 └	load16 gr2 gr2 12 <_core0_exp_start+0xc>
   33178:	84 20 83 04 	and gr2 gr2 gr3
   3317c:	ec 27 81 02 	store32 gr2 gr30 8 <_core0_exp_start+0x2>
   33180:	a8 27 81 02 	load32 gr2 gr30 8 <_core0_exp_start+0x2>
   33184:	94 00 80 02 	eqi gr2 0 <Cla1Task1>
   33188:	80 00 02 05 	jc 331cc <SysCtl_getClock+0x54c>
   3318c:	80 00 00 00 	nop
   33190:	80 00 00 00 	nop
   33194:	80 00 00 41 	jmp 331a0 <SysCtl_getClock+0x520>
   33198:	80 00 00 00 	nop
   3319c:	80 00 00 00 	nop
   331a0:	a8 27 81 02 	load32 gr2 gr30 8 <_core0_exp_start+0x2>
   331a4:	18 50 81 06 ┌	sli gr5 gr2 1 <Cla1Task1+0x1>
   331a8:	a8 47 80 62 └	load32 gr4 gr30 3 <Cla1Task1+0x3>
   331ac:	83 ff 53 0d 	call 31c10 <__udivsi3>
   331b0:	80 00 00 00 	nop
   331b4:	80 00 00 00 	nop
   331b8:	80 00 00 00 	nop
   331bc:	ec 27 80 62 	store32 gr2 gr30 3 <Cla1Task1+0x3>
   331c0:	80 00 00 41 	jmp 331cc <SysCtl_getClock+0x54c>
   331c4:	80 00 00 00 	nop
   331c8:	80 00 00 00 	nop
   331cc:	80 00 00 41 	jmp 331d8 <SysCtl_getClock+0x558>
   331d0:	80 00 00 00 	nop
   331d4:	80 00 00 00 	nop
   331d8:	a8 27 80 62 	load32 gr2 gr30 3 <Cla1Task1+0x3>
   331dc:	a9 f7 81 62 	load32 gr31 gr30 b <_core0_exp_start+0x5>
   331e0:	99 e7 81 80 	addi gr30 gr30 30 <.L0 +0x10>
   331e4:	80 00 00 04 	ret
   331e8:	80 00 00 00 	nop
   331ec:	80 00 00 00 	nop

000331f0 <SysCtl_isMCDClockFailureDetected>:
   331f0:	80 00 00 00 	nop
   331f4:	94 20 10 01 	movigh gr2 100 <.L0 +0x2b>
   331f8:	94 20 03 85 	movigl gr2 38 <.L0 +0x4>
   331fc:	14 30 00 19 ┌	moviglz gr3 1 <Cla1Task1+0x1>
   33200:	a8 20 80 01 └	load16 gr2 gr2 0 <Cla1Task1>
   33204:	84 20 83 04 	and gr2 gr2 gr3
   33208:	80 00 00 04 	ret
   3320c:	80 00 00 00 	nop
   33210:	80 00 00 00 	nop
   33214:	80 00 00 00 	nop
   33218:	80 00 00 00 	nop
   3321c:	80 00 00 00 	nop

00033220 <SysCtl_setClock>:
   33220:	99 e7 be 80 	addi gr30 gr30 ffffffd0 <XintfaRegs+0xdfffffd0>
   33224:	ed f7 81 62 	store32 gr31 gr30 b <_core0_exp_start+0x5>
   33228:	ec 47 81 22 	store32 gr4 gr30 9 <_core0_exp_start+0x3>
   3322c:	83 ff fe 0d 	call 331f0 <SysCtl_isMCDClockFailureDetected>
   33230:	80 00 00 00 	nop
   33234:	80 00 00 00 	nop
   33238:	80 00 00 00 	nop
   3323c:	94 00 80 02 	eqi gr2 0 <Cla1Task1>
   33240:	80 00 01 45 	jc 3326c <SysCtl_setClock+0x4c>
   33244:	80 00 00 00 	nop
   33248:	80 00 00 00 	nop
   3324c:	80 00 00 41 	jmp 33258 <SysCtl_setClock+0x38>
   33250:	80 00 00 00 	nop
   33254:	80 00 00 00 	nop
   33258:	94 20 00 09 	moviglz gr2 0 <Cla1Task1>
   3325c:	ec 27 85 60 	store8 gr2 gr30 2b <.L0 +0xb>
   33260:	80 00 19 41 	jmp 3358c <SysCtl_setClock+0x36c>
   33264:	80 00 00 00 	nop
   33268:	80 00 00 00 	nop
   3326c:	80 00 00 10 	eallow
   33270:	94 30 10 01 	movigh gr3 100 <.L0 +0x2b>
   33274:	94 30 00 05 	movigl gr3 0 <Cla1Task1>
   33278:	a8 20 c0 62 	load32 gr2 gr3 3 <Cla1Task1+0x3>
   3327c:	94 20 02 07 	bclr gr2 1 <Cla1Task1+0x1>
   33280:	ec 20 c0 62 	store32 gr2 gr3 3 <Cla1Task1+0x3>
   33284:	14 33 00 01 ┌	movigh gr3 3000 <$line_table_start0+0x10f>
   33288:	a8 27 81 22 └	load32 gr2 gr30 9 <_core0_exp_start+0x3>
   3328c:	94 30 00 05 	movigl gr3 0 <Cla1Task1>
   33290:	84 20 83 04 	and gr2 gr2 gr3
   33294:	ec 27 80 e2 	store32 gr2 gr30 7 <_core0_exp_start+0x1>
   33298:	a8 47 80 e2 	load32 gr4 gr30 7 <_core0_exp_start+0x1>
   3329c:	80 00 18 8d 	call 335b0 <SysCtl_selectOscSource>
   332a0:	80 00 00 00 	nop
   332a4:	80 00 00 00 	nop
   332a8:	80 00 00 00 	nop
   332ac:	14 30 08 09 ┌	moviglz gr3 80 <.L0 >
   332b0:	a8 27 84 e0 └	load8 gr2 gr30 27 <.L0 +0x7>
   332b4:	84 20 83 04 	and gr2 gr2 gr3
   332b8:	94 00 80 02 	eqi gr2 0 <Cla1Task1>
   332bc:	80 00 12 25 	jc 33504 <SysCtl_setClock+0x2e4>
   332c0:	80 00 00 00 	nop
   332c4:	80 00 00 00 	nop
   332c8:	80 00 00 41 	jmp 332d4 <SysCtl_setClock+0xb4>
   332cc:	80 00 00 00 	nop
   332d0:	80 00 00 00 	nop
   332d4:	80 00 00 10 	eallow
   332d8:	94 30 10 01 	movigh gr3 100 <.L0 +0x2b>
   332dc:	94 30 00 05 	movigl gr3 0 <Cla1Task1>
   332e0:	a8 20 c0 62 	load32 gr2 gr3 3 <Cla1Task1+0x3>
   332e4:	94 20 00 03 	bst gr2 0 <Cla1Task1>
   332e8:	ec 20 c0 62 	store32 gr2 gr3 3 <Cla1Task1+0x3>
   332ec:	a8 20 c0 82 	load32 gr2 gr3 4 <Cla1Task1+0x4>
   332f0:	94 20 36 07 	bclr gr2 fffffffb <XintfaRegs+0xdffffffb>
   332f4:	ec 20 c0 82 	store32 gr2 gr3 4 <Cla1Task1+0x4>
   332f8:	14 40 00 f9 ┌	moviglz gr4 f <_core0_exp_start+0x9>
   332fc:	a8 27 81 22 └	load32 gr2 gr30 9 <_core0_exp_start+0x3>
   33300:	84 40 84 04 	and gr4 gr2 gr4
   33304:	14 5f ff 0d ┌	moviglx gr5 fffffff0 <XintfaRegs+0xdffffff0>
   33308:	a8 20 c0 82 └	load32 gr2 gr3 4 <Cla1Task1+0x4>
   3330c:	84 20 85 04 	and gr2 gr2 gr5
   33310:	84 20 84 05 	or gr2 gr2 gr4
   33314:	ec 20 c0 82 	store32 gr2 gr3 4 <Cla1Task1+0x4>
   33318:	14 33 f0 09 ┌	moviglz gr3 3f00 <$line_table_start0+0x100f>
   3331c:	a8 27 81 22 └	load32 gr2 gr30 9 <_core0_exp_start+0x3>
   33320:	84 20 83 04 	and gr2 gr2 gr3
   33324:	98 20 88 0e 	srli gr2 gr2 8 <_core0_exp_start+0x2>
   33328:	ec 27 82 01 	store16 gr2 gr30 10 <_core0_exp_start+0xa>
   3332c:	a8 27 82 01 	load16 gr2 gr30 10 <_core0_exp_start+0xa>
   33330:	94 00 83 ea 	gti gr2 1f <_core0_exp_start+0x19>
   33334:	80 00 02 05 	jc 33378 <SysCtl_setClock+0x158>
   33338:	80 00 00 00 	nop
   3333c:	80 00 00 00 	nop
   33340:	80 00 00 41 	jmp 3334c <SysCtl_setClock+0x12c>
   33344:	80 00 00 00 	nop
   33348:	80 00 00 00 	nop
   3334c:	94 20 00 19 	moviglz gr2 1 <Cla1Task1+0x1>
   33350:	a8 37 82 01 	load16 gr3 gr30 10 <_core0_exp_start+0xa>
   33354:	84 20 83 09 	sl gr2 gr2 gr3
   33358:	94 30 10 01 	movigh gr3 100 <.L0 +0x2b>
   3335c:	94 30 00 05 	movigl gr3 0 <Cla1Task1>
   33360:	ec 20 c0 a2 	store32 gr2 gr3 5 <Cla1Task1+0x5>
   33364:	94 20 00 09 	moviglz gr2 0 <Cla1Task1>
   33368:	ec 20 c0 c2 	store32 gr2 gr3 6 <_core0_exp_start>
   3336c:	80 00 01 c1 	jmp 333a8 <SysCtl_setClock+0x188>
   33370:	80 00 00 00 	nop
   33374:	80 00 00 00 	nop
   33378:	94 30 10 01 	movigh gr3 100 <.L0 +0x2b>
   3337c:	94 30 00 05 	movigl gr3 0 <Cla1Task1>
   33380:	94 20 00 09 	moviglz gr2 0 <Cla1Task1>
   33384:	ec 20 c0 a2 	store32 gr2 gr3 5 <Cla1Task1+0x5>
   33388:	a8 27 82 01 	load16 gr2 gr30 10 <_core0_exp_start+0xa>
   3338c:	98 40 bf 00 	addi gr4 gr2 ffffffe0 <XintfaRegs+0xdfffffe0>
   33390:	94 20 00 19 	moviglz gr2 1 <Cla1Task1+0x1>
   33394:	84 20 84 09 	sl gr2 gr2 gr4
   33398:	ec 20 c0 c2 	store32 gr2 gr3 6 <_core0_exp_start>
   3339c:	80 00 00 41 	jmp 333a8 <SysCtl_setClock+0x188>
   333a0:	80 00 00 00 	nop
   333a4:	80 00 00 00 	nop
   333a8:	94 30 00 f1 	movigh gr3 f <_core0_exp_start+0x9>
   333ac:	a8 27 81 22 	load32 gr2 gr30 9 <_core0_exp_start+0x3>
   333b0:	94 30 00 05 	movigl gr3 0 <Cla1Task1>
   333b4:	84 20 83 04 	and gr2 gr2 gr3
   333b8:	98 20 90 0e 	srli gr2 gr2 10 <_core0_exp_start+0xa>
   333bc:	94 30 00 19 	moviglz gr3 1 <Cla1Task1+0x1>
   333c0:	84 40 c2 09 	sl gr4 gr3 gr2
   333c4:	94 20 10 01 	movigh gr2 100 <.L0 +0x2b>
   333c8:	94 20 00 05 	movigl gr2 0 <Cla1Task1>
   333cc:	ec 40 80 e2 	store32 gr4 gr2 7 <_core0_exp_start+0x1>
   333d0:	a8 40 80 82 	load32 gr4 gr2 4 <Cla1Task1+0x4>
   333d4:	94 40 36 03 	bst gr4 fffffffb <XintfaRegs+0xdffffffb>
   333d8:	ec 40 80 82 	store32 gr4 gr2 4 <Cla1Task1+0x4>
   333dc:	94 40 7d 09 	moviglz gr4 7d0 <.L0 +0x34>
   333e0:	ec 47 80 c2 	store32 gr4 gr30 6 <_core0_exp_start>
   333e4:	a8 20 81 02 	load32 gr2 gr2 8 <_core0_exp_start+0x2>
   333e8:	84 20 83 04 	and gr2 gr2 gr3
   333ec:	ec 27 82 21 	store16 gr2 gr30 11 <_core0_exp_start+0xb>
   333f0:	80 00 00 41 	jmp 333fc <SysCtl_setClock+0x1dc>
   333f4:	80 00 00 00 	nop
   333f8:	80 00 00 00 	nop
   333fc:	94 20 00 09 	moviglz gr2 0 <Cla1Task1>
   33400:	a8 37 82 21 	load16 gr3 gr30 11 <_core0_exp_start+0xb>
   33404:	14 00 c0 22 ┌	eqi gr3 1 <Cla1Task1+0x1>
   33408:	ec 27 80 a2 └	store32 gr2 gr30 5 <Cla1Task1+0x5>
   3340c:	80 00 01 c5 	jc 33448 <SysCtl_setClock+0x228>
   33410:	80 00 00 00 	nop
   33414:	80 00 00 00 	nop
   33418:	80 00 00 41 	jmp 33424 <SysCtl_setClock+0x204>
   3341c:	80 00 00 00 	nop
   33420:	80 00 00 00 	nop
   33424:	a8 37 80 c2 	load32 gr3 gr30 6 <_core0_exp_start>
   33428:	90 20 c0 44 	not gr2 gr3
   3342c:	98 20 80 08 	addi gr2 gr2 1 <Cla1Task1+0x1>
   33430:	84 20 83 05 	or gr2 gr2 gr3
   33434:	98 20 be 15 	bfextu gr2 gr2 ffffffff <XintfaRegs+0xdfffffff> 1 <Cla1Task1+0x1>
   33438:	ec 27 80 a2 	store32 gr2 gr30 5 <Cla1Task1+0x5>
   3343c:	80 00 00 41 	jmp 33448 <SysCtl_setClock+0x228>
   33440:	80 00 00 00 	nop
   33444:	80 00 00 00 	nop
   33448:	94 30 00 19 	moviglz gr3 1 <Cla1Task1+0x1>
   3344c:	a8 27 80 a2 	load32 gr2 gr30 5 <Cla1Task1+0x5>
   33450:	84 20 83 04 	and gr2 gr2 gr3
   33454:	94 00 80 02 	eqi gr2 0 <Cla1Task1>
   33458:	80 00 02 25 	jc 334a0 <SysCtl_setClock+0x280>
   3345c:	80 00 00 00 	nop
   33460:	80 00 00 00 	nop
   33464:	80 00 00 41 	jmp 33470 <SysCtl_setClock+0x250>
   33468:	80 00 00 00 	nop
   3346c:	80 00 00 00 	nop
   33470:	94 20 10 01 	movigh gr2 100 <.L0 +0x2b>
   33474:	94 20 00 05 	movigl gr2 0 <Cla1Task1>
   33478:	14 30 00 19 ┌	moviglz gr3 1 <Cla1Task1+0x1>
   3347c:	a8 20 81 02 └	load32 gr2 gr2 8 <_core0_exp_start+0x2>
   33480:	84 20 83 04 	and gr2 gr2 gr3
   33484:	ec 27 82 21 	store16 gr2 gr30 11 <_core0_exp_start+0xb>
   33488:	a8 27 80 c2 	load32 gr2 gr30 6 <_core0_exp_start>
   3348c:	98 20 bf f8 	addi gr2 gr2 ffffffff <XintfaRegs+0xdfffffff>
   33490:	ec 27 80 c2 	store32 gr2 gr30 6 <_core0_exp_start>
   33494:	83 ff fb 21 	jmp 333fc <SysCtl_setClock+0x1dc>
   33498:	80 00 00 00 	nop
   3349c:	80 00 00 00 	nop
   334a0:	94 30 10 01 	movigh gr3 100 <.L0 +0x2b>
   334a4:	94 30 00 05 	movigl gr3 0 <Cla1Task1>
   334a8:	ec 37 80 82 	store32 gr3 gr30 4 <Cla1Task1+0x4>
   334ac:	a8 20 c0 62 	load32 gr2 gr3 3 <Cla1Task1+0x3>
   334b0:	94 20 02 03 	bst gr2 1 <Cla1Task1+0x1>
   334b4:	14 40 06 49 ┌	moviglz gr4 64 <.L0 +0x4>
   334b8:	ec 20 c0 62 └	store32 gr2 gr3 3 <Cla1Task1+0x3>
   334bc:	80 00 13 8d 	call 33730 <SysCtl_delay>
   334c0:	80 00 00 00 	nop
   334c4:	80 00 00 00 	nop
   334c8:	80 00 00 00 	nop
   334cc:	a8 37 80 82 	load32 gr3 gr30 4 <Cla1Task1+0x4>
   334d0:	14 40 3f 01 ┌	movigh gr4 3f0 <Cla1Task8+0x4>
   334d4:	a8 27 81 22 └	load32 gr2 gr30 9 <_core0_exp_start+0x3>
   334d8:	94 40 00 05 	movigl gr4 0 <Cla1Task1>
   334dc:	84 20 84 04 	and gr2 gr2 gr4
   334e0:	98 40 94 0e 	srli gr4 gr2 14 <_core0_exp_start+0xe>
   334e4:	14 5f fc 09 ┌	moviglz gr5 ffffffc0 <XintfaRegs+0xdfffffc0>
   334e8:	a8 20 c2 41 └	load16 gr2 gr3 12 <_core0_exp_start+0xc>
   334ec:	84 20 85 04 	and gr2 gr2 gr5
   334f0:	84 20 84 05 	or gr2 gr2 gr4
   334f4:	ec 20 c2 41 	store16 gr2 gr3 12 <_core0_exp_start+0xc>
   334f8:	80 00 03 e1 	jmp 33578 <SysCtl_setClock+0x358>
   334fc:	80 00 00 00 	nop
   33500:	80 00 00 00 	nop
   33504:	80 00 00 10 	eallow
   33508:	94 30 10 01 	movigh gr3 100 <.L0 +0x2b>
   3350c:	94 30 00 05 	movigl gr3 0 <Cla1Task1>
   33510:	ec 37 80 62 	store32 gr3 gr30 3 <Cla1Task1+0x3>
   33514:	a8 20 c0 62 	load32 gr2 gr3 3 <Cla1Task1+0x3>
   33518:	94 20 02 07 	bclr gr2 1 <Cla1Task1+0x1>
   3351c:	ec 20 c0 62 	store32 gr2 gr3 3 <Cla1Task1+0x3>
   33520:	a8 20 c0 62 	load32 gr2 gr3 3 <Cla1Task1+0x3>
   33524:	94 20 00 07 	bclr gr2 0 <Cla1Task1>
   33528:	14 40 06 49 ┌	moviglz gr4 64 <.L0 +0x4>
   3352c:	ec 20 c0 62 └	store32 gr2 gr3 3 <Cla1Task1+0x3>
   33530:	80 00 0f ed 	call 33730 <SysCtl_delay>
   33534:	80 00 00 00 	nop
   33538:	80 00 00 00 	nop
   3353c:	80 00 00 00 	nop
   33540:	a8 37 80 62 	load32 gr3 gr30 3 <Cla1Task1+0x3>
   33544:	14 40 3f 01 ┌	movigh gr4 3f0 <Cla1Task8+0x4>
   33548:	a8 27 81 22 └	load32 gr2 gr30 9 <_core0_exp_start+0x3>
   3354c:	94 40 00 05 	movigl gr4 0 <Cla1Task1>
   33550:	84 20 84 04 	and gr2 gr2 gr4
   33554:	98 40 94 0e 	srli gr4 gr2 14 <_core0_exp_start+0xe>
   33558:	14 5f fc 09 ┌	moviglz gr5 ffffffc0 <XintfaRegs+0xdfffffc0>
   3355c:	a8 20 c2 41 └	load16 gr2 gr3 12 <_core0_exp_start+0xc>
   33560:	84 20 85 04 	and gr2 gr2 gr5
   33564:	84 20 84 05 	or gr2 gr2 gr4
   33568:	ec 20 c2 41 	store16 gr2 gr3 12 <_core0_exp_start+0xc>
   3356c:	80 00 00 41 	jmp 33578 <SysCtl_setClock+0x358>
   33570:	80 00 00 00 	nop
   33574:	80 00 00 00 	nop
   33578:	94 20 00 19 	moviglz gr2 1 <Cla1Task1+0x1>
   3357c:	ec 27 85 60 	store8 gr2 gr30 2b <.L0 +0xb>
   33580:	80 00 00 41 	jmp 3358c <SysCtl_setClock+0x36c>
   33584:	80 00 00 00 	nop
   33588:	80 00 00 00 	nop
   3358c:	a8 27 85 60 	load8 gr2 gr30 2b <.L0 +0xb>
   33590:	a9 f7 81 62 	load32 gr31 gr30 b <_core0_exp_start+0x5>
   33594:	99 e7 81 80 	addi gr30 gr30 30 <.L0 +0x10>
   33598:	80 00 00 04 	ret
   3359c:	80 00 00 00 	nop
   335a0:	80 00 00 00 	nop
   335a4:	80 00 00 00 	nop
   335a8:	80 00 00 00 	nop
   335ac:	80 00 00 00 	nop

000335b0 <SysCtl_selectOscSource>:
   335b0:	99 e7 bf 40 	addi gr30 gr30 ffffffe8 <XintfaRegs+0xdfffffe8>
   335b4:	ed f7 80 a2 	store32 gr31 gr30 5 <Cla1Task1+0x5>
   335b8:	ec 47 80 82 	store32 gr4 gr30 4 <Cla1Task1+0x4>
   335bc:	80 00 00 10 	eallow
   335c0:	a8 27 80 82 	load32 gr2 gr30 4 <Cla1Task1+0x4>
   335c4:	14 00 80 02 ┌	eqi gr2 0 <Cla1Task1>
   335c8:	ec 27 80 62 └	store32 gr2 gr30 3 <Cla1Task1+0x3>
   335cc:	80 00 04 65 	jc 3365c <SysCtl_selectOscSource+0xac>
   335d0:	80 00 00 00 	nop
   335d4:	80 00 00 00 	nop
   335d8:	80 00 00 41 	jmp 335e4 <SysCtl_selectOscSource+0x34>
   335dc:	80 00 00 00 	nop
   335e0:	80 00 00 00 	nop
   335e4:	14 31 00 01 ┌	movigh gr3 1000 <$line_table_start0+0x1c7>
   335e8:	a8 27 80 62 └	load32 gr2 gr30 3 <Cla1Task1+0x3>
   335ec:	94 30 00 05 	movigl gr3 0 <Cla1Task1>
   335f0:	90 00 83 00 	eq gr2 gr3
   335f4:	80 00 05 e5 	jc 336b4 <SysCtl_selectOscSource+0x104>
   335f8:	80 00 00 00 	nop
   335fc:	80 00 00 00 	nop
   33600:	80 00 00 41 	jmp 3360c <SysCtl_selectOscSource+0x5c>
   33604:	80 00 00 00 	nop
   33608:	80 00 00 00 	nop
   3360c:	94 32 00 01 	movigh gr3 2000 <$line_table_start0+0x1bf>
   33610:	a8 27 80 62 	load32 gr2 gr30 3 <Cla1Task1+0x3>
   33614:	94 30 00 05 	movigl gr3 0 <Cla1Task1>
   33618:	90 00 83 00 	eq gr2 gr3
   3361c:	80 00 05 85 	jc 336d0 <SysCtl_selectOscSource+0x120>
   33620:	80 00 00 00 	nop
   33624:	80 00 00 00 	nop
   33628:	80 00 00 41 	jmp 33634 <SysCtl_selectOscSource+0x84>
   3362c:	80 00 00 00 	nop
   33630:	80 00 00 00 	nop
   33634:	14 33 00 01 ┌	movigh gr3 3000 <$line_table_start0+0x10f>
   33638:	a8 27 80 62 └	load32 gr2 gr30 3 <Cla1Task1+0x3>
   3363c:	94 30 00 05 	movigl gr3 0 <Cla1Task1>
   33640:	90 00 83 00 	eq gr2 gr3
   33644:	80 00 03 65 	jc 336b4 <SysCtl_selectOscSource+0x104>
   33648:	80 00 00 00 	nop
   3364c:	80 00 00 00 	nop
   33650:	80 00 05 81 	jmp 33704 <SysCtl_selectOscSource+0x154>
   33654:	80 00 00 00 	nop
   33658:	80 00 00 00 	nop
   3365c:	94 30 10 01 	movigh gr3 100 <.L0 +0x2b>
   33660:	94 30 00 05 	movigl gr3 0 <Cla1Task1>
   33664:	ec 37 80 42 	store32 gr3 gr30 2 <Cla1Task1+0x2>
   33668:	a8 20 c0 02 	load32 gr2 gr3 0 <Cla1Task1>
   3366c:	94 20 06 07 	bclr gr2 3 <Cla1Task1+0x3>
   33670:	14 40 07 89 ┌	moviglz gr4 78 <.L0 +0x18>
   33674:	ec 20 c0 02 └	store32 gr2 gr3 0 <Cla1Task1>
   33678:	80 00 05 ad 	call 33730 <SysCtl_delay>
   3367c:	80 00 00 00 	nop
   33680:	80 00 00 00 	nop
   33684:	80 00 00 00 	nop
   33688:	a8 37 80 42 	load32 gr3 gr30 2 <Cla1Task1+0x2>
   3368c:	14 4f ff cd ┌	moviglx gr4 fffffffc <XintfaRegs+0xdffffffc>
   33690:	a8 20 c0 02 └	load32 gr2 gr3 0 <Cla1Task1>
   33694:	84 20 84 04 	and gr2 gr2 gr4
   33698:	ec 20 c0 02 	store32 gr2 gr3 0 <Cla1Task1>
   3369c:	a8 20 c2 02 	load32 gr2 gr3 10 <_core0_exp_start+0xa>
   336a0:	94 20 00 03 	bst gr2 0 <Cla1Task1>
   336a4:	ec 20 c2 02 	store32 gr2 gr3 10 <_core0_exp_start+0xa>
   336a8:	80 00 03 21 	jmp 33710 <SysCtl_selectOscSource+0x160>
   336ac:	80 00 00 00 	nop
   336b0:	80 00 00 00 	nop
   336b4:	80 00 05 cd 	call 33770 <SysCtl_selectXTAL>
   336b8:	80 00 00 00 	nop
   336bc:	80 00 00 00 	nop
   336c0:	80 00 00 00 	nop
   336c4:	80 00 02 41 	jmp 33710 <SysCtl_selectOscSource+0x160>
   336c8:	80 00 00 00 	nop
   336cc:	80 00 00 00 	nop
   336d0:	94 30 10 01 	movigh gr3 100 <.L0 +0x2b>
   336d4:	94 30 00 05 	movigl gr3 0 <Cla1Task1>
   336d8:	14 4f ff cd ┌	moviglx gr4 fffffffc <XintfaRegs+0xdffffffc>
   336dc:	a8 20 c0 02 └	load32 gr2 gr3 0 <Cla1Task1>
   336e0:	84 20 84 04 	and gr2 gr2 gr4
   336e4:	94 20 02 03 	bst gr2 1 <Cla1Task1+0x1>
   336e8:	ec 20 c0 02 	store32 gr2 gr3 0 <Cla1Task1>
   336ec:	a8 20 c2 02 	load32 gr2 gr3 10 <_core0_exp_start+0xa>
   336f0:	94 20 00 03 	bst gr2 0 <Cla1Task1>
   336f4:	ec 20 c2 02 	store32 gr2 gr3 10 <_core0_exp_start+0xa>
   336f8:	80 00 00 a1 	jmp 33710 <SysCtl_selectOscSource+0x160>
   336fc:	80 00 00 00 	nop
   33700:	80 00 00 00 	nop
   33704:	80 00 00 41 	jmp 33710 <SysCtl_selectOscSource+0x160>
   33708:	80 00 00 00 	nop
   3370c:	80 00 00 00 	nop
   33710:	80 00 00 14 	edis
   33714:	a9 f7 80 a2 	load32 gr31 gr30 5 <Cla1Task1+0x5>
   33718:	99 e7 80 c0 	addi gr30 gr30 18 <_core0_exp_start+0x12>
   3371c:	80 00 00 04 	ret
   33720:	80 00 00 00 	nop
   33724:	80 00 00 00 	nop
   33728:	80 00 00 00 	nop
   3372c:	80 00 00 00 	nop

00033730 <SysCtl_delay>:
   33730:	99 e7 bf 80 	addi gr30 gr30 fffffff0 <XintfaRegs+0xdffffff0>
   33734:	ed f7 80 62 	store32 gr31 gr30 3 <Cla1Task1+0x3>
   33738:	ec 47 80 42 	store32 gr4 gr30 2 <Cla1Task1+0x2>
   3373c:	a8 47 80 42 	load32 gr4 gr30 2 <Cla1Task1+0x2>
   33740:	83 fe bb ad 	call 30eb8 <qx_precise_delay>
   33744:	80 00 00 00 	nop
   33748:	80 00 00 00 	nop
   3374c:	80 00 00 00 	nop
   33750:	a9 f7 80 62 	load32 gr31 gr30 3 <Cla1Task1+0x3>
   33754:	99 e7 80 80 	addi gr30 gr30 10 <_core0_exp_start+0xa>
   33758:	80 00 00 04 	ret
   3375c:	80 00 00 00 	nop
   33760:	80 00 00 00 	nop
   33764:	80 00 00 00 	nop
   33768:	80 00 00 00 	nop
   3376c:	80 00 00 00 	nop

00033770 <SysCtl_selectXTAL>:
   33770:	99 e7 bf 00 	addi gr30 gr30 ffffffe0 <XintfaRegs+0xdfffffe0>
   33774:	ed f7 80 e2 	store32 gr31 gr30 7 <_core0_exp_start+0x1>
   33778:	94 20 00 09 	moviglz gr2 0 <Cla1Task1>
   3377c:	ec 27 83 60 	store8 gr2 gr30 1b <_core0_exp_start+0x15>
   33780:	ec 27 81 81 	store16 gr2 gr30 c <_core0_exp_start+0x6>
   33784:	80 00 00 10 	eallow
   33788:	94 30 10 01 	movigh gr3 100 <.L0 +0x2b>
   3378c:	94 30 00 05 	movigl gr3 0 <Cla1Task1>
   33790:	ec 37 80 82 	store32 gr3 gr30 4 <Cla1Task1+0x4>
   33794:	a8 20 c2 02 	load32 gr2 gr3 10 <_core0_exp_start+0xa>
   33798:	94 20 00 07 	bclr gr2 0 <Cla1Task1>
   3379c:	14 40 06 49 ┌	moviglz gr4 64 <.L0 +0x4>
   337a0:	ec 20 c2 02 └	store32 gr2 gr3 10 <_core0_exp_start+0xa>
   337a4:	ec 47 80 a2 	store32 gr4 gr30 5 <Cla1Task1+0x5>
   337a8:	83 ff fc 2d 	call 33730 <SysCtl_delay>
   337ac:	80 00 00 00 	nop
   337b0:	80 00 00 00 	nop
   337b4:	80 00 00 00 	nop
   337b8:	a8 37 80 82 	load32 gr3 gr30 4 <Cla1Task1+0x4>
   337bc:	a8 47 80 a2 	load32 gr4 gr30 5 <Cla1Task1+0x5>
   337c0:	a8 20 c2 02 	load32 gr2 gr3 10 <_core0_exp_start+0xa>
   337c4:	94 20 02 07 	bclr gr2 1 <Cla1Task1+0x1>
   337c8:	ec 20 c2 02 	store32 gr2 gr3 10 <_core0_exp_start+0xa>
   337cc:	83 ff fb 0d 	call 33730 <SysCtl_delay>
   337d0:	80 00 00 00 	nop
   337d4:	80 00 00 00 	nop
   337d8:	80 00 00 00 	nop
   337dc:	80 00 00 14 	edis
   337e0:	80 00 00 41 	jmp 337ec <SysCtl_selectXTAL+0x7c>
   337e4:	80 00 00 00 	nop
   337e8:	80 00 00 00 	nop
   337ec:	94 20 10 01 	movigh gr2 100 <.L0 +0x2b>
   337f0:	94 20 00 05 	movigl gr2 0 <Cla1Task1>
   337f4:	a8 20 89 80 	load8 gr2 gr2 4c <.L0 +0x18>
   337f8:	98 20 82 0e 	srli gr2 gr2 2 <Cla1Task1+0x2>
   337fc:	94 30 00 19 	moviglz gr3 1 <Cla1Task1+0x1>
   33800:	84 20 83 04 	and gr2 gr2 gr3
   33804:	94 00 80 02 	eqi gr2 0 <Cla1Task1>
   33808:	80 00 01 05 	jc 3382c <SysCtl_selectXTAL+0xbc>
   3380c:	80 00 00 00 	nop
   33810:	80 00 00 00 	nop
   33814:	80 00 00 41 	jmp 33820 <SysCtl_selectXTAL+0xb0>
   33818:	80 00 00 00 	nop
   3381c:	80 00 00 00 	nop
   33820:	80 00 00 a1 	jmp 33838 <SysCtl_selectXTAL+0xc8>
   33824:	80 00 00 00 	nop
   33828:	80 00 00 00 	nop
   3382c:	83 ff fd e1 	jmp 337ec <SysCtl_selectXTAL+0x7c>
   33830:	80 00 00 00 	nop
   33834:	80 00 00 00 	nop
   33838:	80 00 0e ad 	call 33a10 <SysCtl_pollX1Counter>
   3383c:	80 00 00 00 	nop
   33840:	80 00 00 00 	nop
   33844:	80 00 00 00 	nop
   33848:	ec 27 83 60 	store8 gr2 gr30 1b <_core0_exp_start+0x15>
   3384c:	80 00 00 10 	eallow
   33850:	94 30 10 01 	movigh gr3 100 <.L0 +0x2b>
   33854:	94 30 00 05 	movigl gr3 0 <Cla1Task1>
   33858:	14 4f ff cd ┌	moviglx gr4 fffffffc <XintfaRegs+0xdffffffc>
   3385c:	a8 20 c0 02 └	load32 gr2 gr3 0 <Cla1Task1>
   33860:	84 20 84 04 	and gr2 gr2 gr4
   33864:	94 20 00 03 	bst gr2 0 <Cla1Task1>
   33868:	14 40 06 49 ┌	moviglz gr4 64 <.L0 +0x4>
   3386c:	ec 20 c0 02 └	store32 gr2 gr3 0 <Cla1Task1>
   33870:	83 ff f5 ed 	call 33730 <SysCtl_delay>
   33874:	80 00 00 00 	nop
   33878:	80 00 00 00 	nop
   3387c:	80 00 00 00 	nop
   33880:	80 00 00 14 	edis
   33884:	80 00 00 41 	jmp 33890 <SysCtl_selectXTAL+0x120>
   33888:	80 00 00 00 	nop
   3388c:	80 00 00 00 	nop
   33890:	94 20 00 09 	moviglz gr2 0 <Cla1Task1>
   33894:	ec 27 80 42 	store32 gr2 gr30 2 <Cla1Task1+0x2>
   33898:	83 ff ca ad 	call 331f0 <SysCtl_isMCDClockFailureDetected>
   3389c:	80 00 00 00 	nop
   338a0:	80 00 00 00 	nop
   338a4:	80 00 00 00 	nop
   338a8:	90 30 80 80 	movg2g gr3 gr2
   338ac:	14 00 c0 02 ┌	eqi gr3 0 <Cla1Task1>
   338b0:	a8 27 80 42 └	load32 gr2 gr30 2 <Cla1Task1+0x2>
   338b4:	ec 27 80 62 	store32 gr2 gr30 3 <Cla1Task1+0x3>
   338b8:	80 00 03 05 	jc 3391c <SysCtl_selectXTAL+0x1ac>
   338bc:	80 00 00 00 	nop
   338c0:	80 00 00 00 	nop
   338c4:	80 00 00 41 	jmp 338d0 <SysCtl_selectXTAL+0x160>
   338c8:	80 00 00 00 	nop
   338cc:	80 00 00 00 	nop
   338d0:	14 30 00 19 ┌	moviglz gr3 1 <Cla1Task1+0x1>
   338d4:	a8 27 83 60 └	load8 gr2 gr30 1b <_core0_exp_start+0x15>
   338d8:	84 30 83 04 	and gr3 gr2 gr3
   338dc:	94 20 00 09 	moviglz gr2 0 <Cla1Task1>
   338e0:	14 00 c0 06 ┌	neqi gr3 0 <Cla1Task1>
   338e4:	ec 27 80 62 └	store32 gr2 gr30 3 <Cla1Task1+0x3>
   338e8:	80 00 01 85 	jc 3391c <SysCtl_selectXTAL+0x1ac>
   338ec:	80 00 00 00 	nop
   338f0:	80 00 00 00 	nop
   338f4:	80 00 00 41 	jmp 33900 <SysCtl_selectXTAL+0x190>
   338f8:	80 00 00 00 	nop
   338fc:	80 00 00 00 	nop
   33900:	a8 27 81 81 	load16 gr2 gr30 c <_core0_exp_start+0x6>
   33904:	94 00 80 97 	ltiu gr2 4 <Cla1Task1+0x4>
   33908:	90 20 00 43 	setc gr2
   3390c:	ec 27 80 62 	store32 gr2 gr30 3 <Cla1Task1+0x3>
   33910:	80 00 00 41 	jmp 3391c <SysCtl_selectXTAL+0x1ac>
   33914:	80 00 00 00 	nop
   33918:	80 00 00 00 	nop
   3391c:	94 30 00 19 	moviglz gr3 1 <Cla1Task1+0x1>
   33920:	a8 27 80 62 	load32 gr2 gr30 3 <Cla1Task1+0x3>
   33924:	84 20 83 04 	and gr2 gr2 gr3
   33928:	94 00 80 02 	eqi gr2 0 <Cla1Task1>
   3392c:	80 00 03 a5 	jc 339a4 <SysCtl_selectXTAL+0x234>
   33930:	80 00 00 00 	nop
   33934:	80 00 00 00 	nop
   33938:	80 00 00 41 	jmp 33944 <SysCtl_selectXTAL+0x1d4>
   3393c:	80 00 00 00 	nop
   33940:	80 00 00 00 	nop
   33944:	80 00 16 cd 	call 33c20 <SysCtl_resetMCD>
   33948:	80 00 00 00 	nop
   3394c:	80 00 00 00 	nop
   33950:	80 00 00 00 	nop
   33954:	80 00 05 cd 	call 33a10 <SysCtl_pollX1Counter>
   33958:	80 00 00 00 	nop
   3395c:	80 00 00 00 	nop
   33960:	80 00 00 00 	nop
   33964:	ec 27 83 60 	store8 gr2 gr30 1b <_core0_exp_start+0x15>
   33968:	80 00 00 10 	eallow
   3396c:	94 30 10 01 	movigh gr3 100 <.L0 +0x2b>
   33970:	94 30 00 05 	movigl gr3 0 <Cla1Task1>
   33974:	14 4f ff c9 ┌	moviglz gr4 fffffffc <XintfaRegs+0xdffffffc>
   33978:	a8 20 c0 01 └	load16 gr2 gr3 0 <Cla1Task1>
   3397c:	84 20 84 04 	and gr2 gr2 gr4
   33980:	94 20 00 03 	bst gr2 0 <Cla1Task1>
   33984:	ec 20 c0 01 	store16 gr2 gr3 0 <Cla1Task1>
   33988:	80 00 00 14 	edis
   3398c:	a8 27 81 81 	load16 gr2 gr30 c <_core0_exp_start+0x6>
   33990:	98 20 80 08 	addi gr2 gr2 1 <Cla1Task1+0x1>
   33994:	ec 27 81 81 	store16 gr2 gr30 c <_core0_exp_start+0x6>
   33998:	83 ff f7 a1 	jmp 33890 <SysCtl_selectXTAL+0x120>
   3399c:	80 00 00 00 	nop
   339a0:	80 00 00 00 	nop
   339a4:	80 00 00 41 	jmp 339b0 <SysCtl_selectXTAL+0x240>
   339a8:	80 00 00 00 	nop
   339ac:	80 00 00 00 	nop
   339b0:	14 30 00 19 ┌	moviglz gr3 1 <Cla1Task1+0x1>
   339b4:	a8 27 83 60 └	load8 gr2 gr30 1b <_core0_exp_start+0x15>
   339b8:	84 20 83 04 	and gr2 gr2 gr3
   339bc:	94 00 80 06 	neqi gr2 0 <Cla1Task1>
   339c0:	80 00 01 65 	jc 339f0 <SysCtl_selectXTAL+0x280>
   339c4:	80 00 00 00 	nop
   339c8:	80 00 00 00 	nop
   339cc:	80 00 00 41 	jmp 339d8 <SysCtl_selectXTAL+0x268>
   339d0:	80 00 00 00 	nop
   339d4:	80 00 00 00 	nop
   339d8:	80 00 00 41 	jmp 339e4 <SysCtl_selectXTAL+0x274>
   339dc:	80 00 00 00 	nop
   339e0:	80 00 00 00 	nop
   339e4:	83 ff ff e1 	jmp 339e4 <SysCtl_selectXTAL+0x274>
   339e8:	80 00 00 00 	nop
   339ec:	80 00 00 00 	nop
   339f0:	a9 f7 80 e2 	load32 gr31 gr30 7 <_core0_exp_start+0x1>
   339f4:	99 e7 81 00 	addi gr30 gr30 20 <.L0 >
   339f8:	80 00 00 04 	ret
   339fc:	80 00 00 00 	nop
   33a00:	80 00 00 00 	nop
   33a04:	80 00 00 00 	nop
   33a08:	80 00 00 00 	nop
   33a0c:	80 00 00 00 	nop

00033a10 <SysCtl_pollX1Counter>:
   33a10:	99 e7 bf 40 	addi gr30 gr30 ffffffe8 <XintfaRegs+0xdfffffe8>
   33a14:	ed f7 80 a2 	store32 gr31 gr30 5 <Cla1Task1+0x5>
   33a18:	94 20 00 09 	moviglz gr2 0 <Cla1Task1>
   33a1c:	ec 27 81 21 	store16 gr2 gr30 9 <_core0_exp_start+0x3>
   33a20:	ec 27 80 62 	store32 gr2 gr30 3 <Cla1Task1+0x3>
   33a24:	14 40 7d 09 ┌	moviglz gr4 7d0 <.L0 +0x34>
   33a28:	ec 27 81 60 └	store8 gr2 gr30 b <_core0_exp_start+0x5>
   33a2c:	83 ff e8 0d 	call 33730 <SysCtl_delay>
   33a30:	80 00 00 00 	nop
   33a34:	80 00 00 00 	nop
   33a38:	80 00 00 00 	nop
   33a3c:	80 00 00 41 	jmp 33a48 <SysCtl_pollX1Counter+0x38>
   33a40:	80 00 00 00 	nop
   33a44:	80 00 00 00 	nop
   33a48:	80 00 00 41 	jmp 33a54 <SysCtl_pollX1Counter+0x44>
   33a4c:	80 00 00 00 	nop
   33a50:	80 00 00 00 	nop
   33a54:	94 20 10 01 	movigh gr2 100 <.L0 +0x2b>
   33a58:	94 20 03 c5 	movigl gr2 3c <.L0 +0x8>
   33a5c:	14 30 20 09 ┌	moviglz gr3 200 <.L0 +0xc>
   33a60:	a8 20 80 02 └	load32 gr2 gr2 0 <Cla1Task1>
   33a64:	90 00 83 0b 	ltu gr2 gr3
   33a68:	80 00 01 a5 	jc 33aa0 <SysCtl_pollX1Counter+0x90>
   33a6c:	80 00 00 00 	nop
   33a70:	80 00 00 00 	nop
   33a74:	80 00 00 41 	jmp 33a80 <SysCtl_pollX1Counter+0x70>
   33a78:	80 00 00 00 	nop
   33a7c:	80 00 00 00 	nop
   33a80:	94 30 10 01 	movigh gr3 100 <.L0 +0x2b>
   33a84:	94 30 03 c5 	movigl gr3 3c <.L0 +0x8>
   33a88:	a8 20 c0 02 	load32 gr2 gr3 0 <Cla1Task1>
   33a8c:	94 20 20 03 	bst gr2 fffffff0 <XintfaRegs+0xdffffff0>
   33a90:	ec 20 c0 02 	store32 gr2 gr3 0 <Cla1Task1>
   33a94:	83 ff fd e1 	jmp 33a54 <SysCtl_pollX1Counter+0x44>
   33a98:	80 00 00 00 	nop
   33a9c:	80 00 00 00 	nop
   33aa0:	80 00 00 41 	jmp 33aac <SysCtl_pollX1Counter+0x9c>
   33aa4:	80 00 00 00 	nop
   33aa8:	80 00 00 00 	nop
   33aac:	94 20 10 01 	movigh gr2 100 <.L0 +0x2b>
   33ab0:	94 20 03 c5 	movigl gr2 3c <.L0 +0x8>
   33ab4:	14 30 3f f9 ┌	moviglz gr3 3ff <Cla1Task8+0x13>
   33ab8:	a8 20 80 01 └	load16 gr2 gr2 0 <Cla1Task1>
   33abc:	90 00 83 00 	eq gr2 gr3
   33ac0:	80 00 04 a5 	jc 33b58 <SysCtl_pollX1Counter+0x148>
   33ac4:	80 00 00 00 	nop
   33ac8:	80 00 00 00 	nop
   33acc:	80 00 00 41 	jmp 33ad8 <SysCtl_pollX1Counter+0xc8>
   33ad0:	80 00 00 00 	nop
   33ad4:	80 00 00 00 	nop
   33ad8:	a8 27 80 62 	load32 gr2 gr30 3 <Cla1Task1+0x3>
   33adc:	98 20 80 08 	addi gr2 gr2 1 <Cla1Task1+0x1>
   33ae0:	ec 27 80 62 	store32 gr2 gr30 3 <Cla1Task1+0x3>
   33ae4:	14 30 02 61 ┌	movigh gr3 26 <.L0 +0x6>
   33ae8:	a8 27 80 62 └	load32 gr2 gr30 3 <Cla1Task1+0x3>
   33aec:	94 32 5a 15 	movigl gr3 25a1 <$line_table_start0+0x760>
   33af0:	90 00 83 0b 	ltu gr2 gr3
   33af4:	80 00 02 a5 	jc 33b4c <SysCtl_pollX1Counter+0x13c>
   33af8:	80 00 00 00 	nop
   33afc:	80 00 00 00 	nop
   33b00:	80 00 00 41 	jmp 33b0c <SysCtl_pollX1Counter+0xfc>
   33b04:	80 00 00 00 	nop
   33b08:	80 00 00 00 	nop
   33b0c:	a8 27 81 21 	load16 gr2 gr30 9 <_core0_exp_start+0x3>
   33b10:	94 00 80 66 	neqi gr2 3 <Cla1Task1+0x3>
   33b14:	80 00 01 45 	jc 33b40 <SysCtl_pollX1Counter+0x130>
   33b18:	80 00 00 00 	nop
   33b1c:	80 00 00 00 	nop
   33b20:	80 00 00 41 	jmp 33b2c <SysCtl_pollX1Counter+0x11c>
   33b24:	80 00 00 00 	nop
   33b28:	80 00 00 00 	nop
   33b2c:	94 20 00 09 	moviglz gr2 0 <Cla1Task1>
   33b30:	ec 27 81 60 	store8 gr2 gr30 b <_core0_exp_start+0x5>
   33b34:	80 00 00 41 	jmp 33b40 <SysCtl_pollX1Counter+0x130>
   33b38:	80 00 00 00 	nop
   33b3c:	80 00 00 00 	nop
   33b40:	80 00 00 a1 	jmp 33b58 <SysCtl_pollX1Counter+0x148>
   33b44:	80 00 00 00 	nop
   33b48:	80 00 00 00 	nop
   33b4c:	83 ff fa e1 	jmp 33aac <SysCtl_pollX1Counter+0x9c>
   33b50:	80 00 00 00 	nop
   33b54:	80 00 00 00 	nop
   33b58:	a8 27 81 21 	load16 gr2 gr30 9 <_core0_exp_start+0x3>
   33b5c:	94 00 80 66 	neqi gr2 3 <Cla1Task1+0x3>
   33b60:	80 00 02 a5 	jc 33bb8 <SysCtl_pollX1Counter+0x1a8>
   33b64:	80 00 00 00 	nop
   33b68:	80 00 00 00 	nop
   33b6c:	80 00 00 41 	jmp 33b78 <SysCtl_pollX1Counter+0x168>
   33b70:	80 00 00 00 	nop
   33b74:	80 00 00 00 	nop
   33b78:	94 20 10 01 	movigh gr2 100 <.L0 +0x2b>
   33b7c:	94 20 03 c5 	movigl gr2 3c <.L0 +0x8>
   33b80:	14 30 3f f9 ┌	moviglz gr3 3ff <Cla1Task8+0x13>
   33b84:	a8 20 80 01 └	load16 gr2 gr2 0 <Cla1Task1>
   33b88:	90 00 83 01 	neq gr2 gr3
   33b8c:	80 00 01 45 	jc 33bb8 <SysCtl_pollX1Counter+0x1a8>
   33b90:	80 00 00 00 	nop
   33b94:	80 00 00 00 	nop
   33b98:	80 00 00 41 	jmp 33ba4 <SysCtl_pollX1Counter+0x194>
   33b9c:	80 00 00 00 	nop
   33ba0:	80 00 00 00 	nop
   33ba4:	94 20 00 19 	moviglz gr2 1 <Cla1Task1+0x1>
   33ba8:	ec 27 81 60 	store8 gr2 gr30 b <_core0_exp_start+0x5>
   33bac:	80 00 00 41 	jmp 33bb8 <SysCtl_pollX1Counter+0x1a8>
   33bb0:	80 00 00 00 	nop
   33bb4:	80 00 00 00 	nop
   33bb8:	a8 27 81 21 	load16 gr2 gr30 9 <_core0_exp_start+0x3>
   33bbc:	98 20 80 08 	addi gr2 gr2 1 <Cla1Task1+0x1>
   33bc0:	ec 27 81 21 	store16 gr2 gr30 9 <_core0_exp_start+0x3>
   33bc4:	94 20 00 09 	moviglz gr2 0 <Cla1Task1>
   33bc8:	ec 27 80 62 	store32 gr2 gr30 3 <Cla1Task1+0x3>
   33bcc:	80 00 00 41 	jmp 33bd8 <SysCtl_pollX1Counter+0x1c8>
   33bd0:	80 00 00 00 	nop
   33bd4:	80 00 00 00 	nop
   33bd8:	a8 27 81 21 	load16 gr2 gr30 9 <_core0_exp_start+0x3>
   33bdc:	94 00 80 97 	ltiu gr2 4 <Cla1Task1+0x4>
   33be0:	83 ff f3 25 	jc 33a48 <SysCtl_pollX1Counter+0x38>
   33be4:	80 00 00 00 	nop
   33be8:	80 00 00 00 	nop
   33bec:	80 00 00 41 	jmp 33bf8 <SysCtl_pollX1Counter+0x1e8>
   33bf0:	80 00 00 00 	nop
   33bf4:	80 00 00 00 	nop
   33bf8:	94 30 00 19 	moviglz gr3 1 <Cla1Task1+0x1>
   33bfc:	a8 27 81 60 	load8 gr2 gr30 b <_core0_exp_start+0x5>
   33c00:	04 20 83 04 ┌	and gr2 gr2 gr3
   33c04:	a9 f7 80 a2 └	load32 gr31 gr30 5 <Cla1Task1+0x5>
   33c08:	99 e7 80 c0 	addi gr30 gr30 18 <_core0_exp_start+0x12>
   33c0c:	80 00 00 04 	ret
   33c10:	80 00 00 00 	nop
   33c14:	80 00 00 00 	nop
   33c18:	80 00 00 00 	nop
   33c1c:	80 00 00 00 	nop

00033c20 <SysCtl_resetMCD>:
   33c20:	80 00 00 00 	nop
   33c24:	80 00 00 10 	eallow
   33c28:	94 30 10 01 	movigh gr3 100 <.L0 +0x2b>
   33c2c:	94 30 03 85 	movigl gr3 38 <.L0 +0x4>
   33c30:	a8 20 c0 01 	load16 gr2 gr3 0 <Cla1Task1>
   33c34:	94 20 02 03 	bst gr2 1 <Cla1Task1+0x1>
   33c38:	ec 20 c0 01 	store16 gr2 gr3 0 <Cla1Task1>
   33c3c:	80 00 00 14 	edis
   33c40:	80 00 00 04 	ret
   33c44:	80 00 00 00 	nop
   33c48:	80 00 00 00 	nop
   33c4c:	80 00 00 00 	nop

00033c50 <set_exp_start>:
   33c50:	80 00 00 00 	nop
   33c54:	94 20 00 31 	movigh gr2 3 <Cla1Task1+0x3>
   33c58:	94 20 00 05 	movigl gr2 0 <Cla1Task1>
   33c5c:	98 20 8f 0e 	srli gr2 gr2 f <_core0_exp_start+0x9>
   33c60:	94 30 00 f9 	moviglz gr3 f <_core0_exp_start+0x9>
   33c64:	84 40 83 04 	and gr4 gr2 gr3
   33c68:	94 30 10 01 	movigh gr3 100 <.L0 +0x2b>
   33c6c:	94 31 00 05 	movigl gr3 1000 <$line_table_start0+0x1c7>
   33c70:	14 50 0f 09 ┌	moviglz gr5 f0 <.L0 +0x1b>
   33c74:	a8 20 cb 00 └	load8 gr2 gr3 58 <.L0 +0x4>
   33c78:	84 20 85 04 	and gr2 gr2 gr5
   33c7c:	84 20 84 05 	or gr2 gr2 gr4
   33c80:	ec 20 cb 00 	store8 gr2 gr3 58 <.L0 +0x4>
   33c84:	80 00 00 04 	ret
   33c88:	80 00 00 00 	nop
   33c8c:	80 00 00 00 	nop

00033c90 <main>:
   33c90:	99 e7 bf 80 	addi gr30 gr30 fffffff0 <XintfaRegs+0xdffffff0>
   33c94:	ed f7 80 62 	store32 gr31 gr30 3 <Cla1Task1+0x3>
   33c98:	94 20 00 09 	moviglz gr2 0 <Cla1Task1>
   33c9c:	14 30 10 01 ┌	movigh gr3 100 <.L0 +0x2b>
   33ca0:	ec 27 80 42 └	store32 gr2 gr30 2 <Cla1Task1+0x2>
   33ca4:	94 31 20 05 	movigl gr3 1200 <$line_table_start0+0x3c7>
   33ca8:	a8 20 c0 01 	load16 gr2 gr3 0 <Cla1Task1>
   33cac:	94 20 00 03 	bst gr2 0 <Cla1Task1>
   33cb0:	ec 20 c0 01 	store16 gr2 gr3 0 <Cla1Task1>
   33cb4:	83 ff fc cd 	call 33c50 <set_exp_start>
   33cb8:	80 00 00 00 	nop
   33cbc:	80 00 00 00 	nop
   33cc0:	80 00 00 00 	nop
   33cc4:	94 20 07 f1 	movigh gr2 7f <.L0 +0x4>
   33cc8:	94 20 30 05 	movigl gr2 300 <Cla1Task6+0x1c>
   33ccc:	a8 20 80 81 	load16 gr2 gr2 4 <Cla1Task1+0x4>
   33cd0:	98 20 8b 0e 	srli gr2 gr2 b <_core0_exp_start+0x5>
   33cd4:	94 30 00 19 	moviglz gr3 1 <Cla1Task1+0x1>
   33cd8:	84 30 83 04 	and gr3 gr2 gr3
   33cdc:	94 20 00 11 	movigh gr2 1 <Cla1Task1+0x1>
   33ce0:	94 20 0f 45 	movigl gr2 f4 <.L0 +0x1f>
   33ce4:	ec 30 80 00 	store8 gr3 gr2 0 <Cla1Task1>
   33ce8:	a8 30 80 00 	load8 gr3 gr2 0 <Cla1Task1>
   33cec:	90 20 c0 44 	not gr2 gr3
   33cf0:	98 20 80 08 	addi gr2 gr2 1 <Cla1Task1+0x1>
   33cf4:	84 20 83 05 	or gr2 gr2 gr3
   33cf8:	98 20 be 15 	bfextu gr2 gr2 ffffffff <XintfaRegs+0xdfffffff> 1 <Cla1Task1+0x1>
   33cfc:	94 00 80 06 	neqi gr2 0 <Cla1Task1>
   33d00:	80 00 01 85 	jc 33d34 <main+0xa4>
   33d04:	80 00 00 00 	nop
   33d08:	80 00 00 00 	nop
   33d0c:	80 00 00 41 	jmp 33d18 <main+0x88>
   33d10:	80 00 00 00 	nop
   33d14:	80 00 00 00 	nop
   33d18:	83 ff 71 2d 	call 32b40 <Interrupt_initVectorTable>
   33d1c:	80 00 00 00 	nop
   33d20:	80 00 00 00 	nop
   33d24:	80 00 00 00 	nop
   33d28:	80 00 00 41 	jmp 33d34 <main+0xa4>
   33d2c:	80 00 00 00 	nop
   33d30:	80 00 00 00 	nop
   33d34:	83 ff 4e 4d 	call 32700 <Device_init>
   33d38:	80 00 00 00 	nop
   33d3c:	80 00 00 00 	nop
   33d40:	80 00 00 00 	nop
   33d44:	94 40 10 81 	movigh gr4 108 <.L0 +0x33>
   33d48:	94 41 00 05 	movigl gr4 1000 <$line_table_start0+0x1c7>
   33d4c:	94 50 00 11 	movigh gr5 1 <Cla1Task1+0x1>
   33d50:	94 5c 20 05 	movigl gr5 ffffc200 <XintfaRegs+0xdfffc200>
   33d54:	94 60 00 c9 	moviglz gr6 c <_core0_exp_start+0x6>
   33d58:	94 70 00 c1 	movigh gr7 c <_core0_exp_start+0x6>
   33d5c:	94 71 80 65 	movigl gr7 1806 <$line_table_start0+0x214>
   33d60:	83 ff 36 ed 	call 32440 <StdOutInit>
   33d64:	80 00 00 00 	nop
   33d68:	80 00 00 00 	nop
   33d6c:	80 00 00 00 	nop
   33d70:	83 ff 07 6d 	call 31e60 <tests_core0>
   33d74:	80 00 00 00 	nop
   33d78:	80 00 00 00 	nop
   33d7c:	80 00 00 00 	nop
   33d80:	83 ff 4a 6d 	call 326d0 <EndSimulation>
   33d84:	80 00 00 00 	nop
   33d88:	80 00 00 00 	nop
   33d8c:	80 00 00 00 	nop
   33d90:	14 20 00 09 ┌	moviglz gr2 0 <Cla1Task1>
   33d94:	a9 f7 80 62 └	load32 gr31 gr30 3 <Cla1Task1+0x3>
   33d98:	99 e7 80 80 	addi gr30 gr30 10 <_core0_exp_start+0xa>
   33d9c:	80 00 00 04 	ret
   33da0:	80 00 00 00 	nop
   33da4:	80 00 00 00 	nop
   33da8:	80 00 00 00 	nop
   33dac:	80 00 00 00 	nop

00033db0 <puts>:
   33db0:	99 e7 bf 80 	addi gr30 gr30 fffffff0 <XintfaRegs+0xdffffff0>
   33db4:	ed f7 80 62 	store32 gr31 gr30 3 <Cla1Task1+0x3>
   33db8:	ed 07 80 42 	store32 gr16 gr30 2 <Cla1Task1+0x2>
   33dbc:	91 01 00 80 	movg2g gr16 gr4
   33dc0:	a8 24 00 00 	load8 gr2 gr16 0 <Cla1Task1>
   33dc4:	90 40 80 46 	cbw gr4 gr2
   33dc8:	94 01 00 02 	eqi gr4 0 <Cla1Task1>
   33dcc:	80 00 01 25 	jc 33df4 <puts+0x44>
   33dd0:	80 00 00 00 	nop
   33dd4:	80 00 00 00 	nop
   33dd8:	83 ff 2c ad 	call 32370 <putchar>
   33ddc:	80 00 00 00 	nop
   33de0:	80 00 00 00 	nop
   33de4:	99 04 00 08 	addi gr16 gr16 1 <Cla1Task1+0x1>
   33de8:	83 ff fe a1 	jmp 33dc0 <puts+0x10>
   33dec:	80 00 00 00 	nop
   33df0:	80 00 00 00 	nop
   33df4:	94 40 00 a9 	moviglz gr4 a <_core0_exp_start+0x4>
   33df8:	83 ff 2b ad 	call 32370 <putchar>
   33dfc:	80 00 00 00 	nop
   33e00:	80 00 00 00 	nop
   33e04:	14 20 00 09 ┌	moviglz gr2 0 <Cla1Task1>
   33e08:	a9 f7 80 62 └	load32 gr31 gr30 3 <Cla1Task1+0x3>
   33e0c:	a9 07 80 42 	load32 gr16 gr30 2 <Cla1Task1+0x2>
   33e10:	99 e7 80 80 	addi gr30 gr30 10 <_core0_exp_start+0xa>
   33e14:	80 00 00 04 	ret
   33e18:	80 00 00 00 	nop
   33e1c:	80 00 00 00 	nop

00033e20 <printf>:
   33e20:	94 1f ff f1 	movigh gr1 ffffffff <XintfaRegs+0xdfffffff>
   33e24:	94 1f ad 05 	movigl gr1 fffffad0 <XintfaRegs+0xdffffad0>
   33e28:	85 e7 81 00 	add gr30 gr30 gr1
   33e2c:	94 20 52 8d 	moviglx gr2 528 <.L0 +0x50>
   33e30:	84 20 9e 00 	add gr2 gr2 gr30
   33e34:	ed f0 80 02 	store32 gr31 gr2 0 <Cla1Task1>
   33e38:	94 20 52 4d 	moviglx gr2 524 <.L0 +0x4c>
   33e3c:	84 20 9e 00 	add gr2 gr2 gr30
   33e40:	ed d0 80 02 	store32 gr29 gr2 0 <Cla1Task1>
   33e44:	94 20 52 0d 	moviglx gr2 520 <.L0 +0x48>
   33e48:	84 20 9e 00 	add gr2 gr2 gr30
   33e4c:	ed 70 80 02 	store32 gr23 gr2 0 <Cla1Task1>
   33e50:	94 20 51 cd 	moviglx gr2 51c <.L0 +0x44>
   33e54:	84 20 9e 00 	add gr2 gr2 gr30
   33e58:	ed 60 80 02 	store32 gr22 gr2 0 <Cla1Task1>
   33e5c:	94 20 51 8d 	moviglx gr2 518 <.L0 +0x40>
   33e60:	84 20 9e 00 	add gr2 gr2 gr30
   33e64:	ed 50 80 02 	store32 gr21 gr2 0 <Cla1Task1>
   33e68:	94 20 51 4d 	moviglx gr2 514 <.L0 +0x3c>
   33e6c:	84 20 9e 00 	add gr2 gr2 gr30
   33e70:	ed 40 80 02 	store32 gr20 gr2 0 <Cla1Task1>
   33e74:	94 20 51 0d 	moviglx gr2 510 <.L0 +0x38>
   33e78:	84 20 9e 00 	add gr2 gr2 gr30
   33e7c:	ed 30 80 02 	store32 gr19 gr2 0 <Cla1Task1>
   33e80:	94 20 50 cd 	moviglx gr2 50c <.L0 +0x34>
   33e84:	84 20 9e 00 	add gr2 gr2 gr30
   33e88:	ed 20 80 02 	store32 gr18 gr2 0 <Cla1Task1>
   33e8c:	94 20 50 8d 	moviglx gr2 508 <.L0 +0x30>
   33e90:	84 20 9e 00 	add gr2 gr2 gr30
   33e94:	ed 10 80 02 	store32 gr17 gr2 0 <Cla1Task1>
   33e98:	94 20 50 4d 	moviglx gr2 504 <.L0 +0x2c>
   33e9c:	84 20 9e 00 	add gr2 gr2 gr30
   33ea0:	ed 00 80 02 	store32 gr16 gr2 0 <Cla1Task1>
   33ea4:	94 20 53 4d 	moviglx gr2 534 <.L0 +0x5c>
   33ea8:	94 30 45 dd 	moviglx gr3 45d <task8+0x11>
   33eac:	95 10 00 09 	moviglz gr17 0 <Cla1Task1>
   33eb0:	84 20 9e 00 	add gr2 gr2 gr30
   33eb4:	95 60 00 49 	moviglz gr22 4 <Cla1Task1+0x4>
   33eb8:	15 20 00 89 ┌	moviglz gr18 8 <_core0_exp_start+0x2>
   33ebc:	ec 70 80 02 └	store32 gr7 gr2 0 <Cla1Task1>
   33ec0:	94 20 52 cd 	moviglx gr2 52c <.L0 +0x54>
   33ec4:	95 d0 02 09 	moviglz gr29 20 <.L0 >
   33ec8:	84 20 9e 00 	add gr2 gr2 gr30
   33ecc:	95 00 00 19 	moviglz gr16 1 <Cla1Task1+0x1>
   33ed0:	95 40 01 09 	moviglz gr20 10 <_core0_exp_start+0xa>
   33ed4:	98 20 80 00 	addi gr2 gr2 0 <Cla1Task1>
   33ed8:	98 87 82 a0 	addi gr8 gr30 54 <.L0 >
   33edc:	95 30 0f f9 	moviglz gr19 ff <.L0 +0x2a>
   33ee0:	84 30 de 00 	add gr3 gr3 gr30
   33ee4:	98 30 c0 00 	addi gr3 gr3 0 <Cla1Task1>
   33ee8:	ec 37 80 62 	store32 gr3 gr30 3 <Cla1Task1+0x3>
   33eec:	94 30 53 0d 	moviglx gr3 530 <.L0 +0x58>
   33ef0:	84 30 de 00 	add gr3 gr3 gr30
   33ef4:	ec 60 c0 02 	store32 gr6 gr3 0 <Cla1Task1>
   33ef8:	94 30 52 cd 	moviglx gr3 52c <.L0 +0x54>
   33efc:	84 30 de 00 	add gr3 gr3 gr30
   33f00:	ec 50 c0 02 	store32 gr5 gr3 0 <Cla1Task1>
   33f04:	ec 27 82 82 	store32 gr2 gr30 14 <_core0_exp_start+0xe>
   33f08:	ed 07 81 62 	store32 gr16 gr30 b <_core0_exp_start+0x5>
   33f0c:	ed 47 81 42 	store32 gr20 gr30 a <_core0_exp_start+0x4>
   33f10:	ed 37 82 62 	store32 gr19 gr30 13 <_core0_exp_start+0xd>
   33f14:	ed 17 81 82 	store32 gr17 gr30 c <_core0_exp_start+0x6>
   33f18:	ed 27 81 02 	store32 gr18 gr30 8 <_core0_exp_start+0x2>
   33f1c:	14 30 45 8d ┌	moviglx gr3 458 <task8+0xc>
   33f20:	ed d7 80 e2 └	store32 gr29 gr30 7 <_core0_exp_start+0x1>
   33f24:	84 30 de 00 	add gr3 gr3 gr30
   33f28:	ec 40 c0 02 	store32 gr4 gr3 0 <Cla1Task1>
   33f2c:	94 30 45 8d 	moviglx gr3 458 <task8+0xc>
   33f30:	84 30 de 00 	add gr3 gr3 gr30
   33f34:	99 70 c0 00 	addi gr23 gr3 0 <Cla1Task1>
   33f38:	14 30 45 4d ┌	moviglx gr3 454 <task8+0x8>
   33f3c:	ed 77 81 22 └	store32 gr23 gr30 9 <_core0_exp_start+0x3>
   33f40:	84 30 de 00 	add gr3 gr3 gr30
   33f44:	ec 20 c0 02 	store32 gr2 gr3 0 <Cla1Task1>
   33f48:	94 2f ff fd 	moviglx gr2 ffffffff <XintfaRegs+0xdfffffff>
   33f4c:	ec 27 81 a2 	store32 gr2 gr30 d <_core0_exp_start+0x7>
   33f50:	a8 31 00 00 	load8 gr3 gr4 0 <Cla1Task1>
   33f54:	94 00 c4 a2 	eqi gr3 25 <.L0 +0x5>
   33f58:	80 00 01 65 	jc 33f88 <printf+0x168>
   33f5c:	80 00 00 00 	nop
   33f60:	80 00 00 00 	nop
   33f64:	94 00 c0 02 	eqi gr3 0 <Cla1Task1>
   33f68:	80 00 86 65 	jc 35038 <$BB1_59+0xac4>
   33f6c:	80 00 00 00 	nop
   33f70:	80 00 00 00 	nop
   33f74:	18 22 00 08 ┌	addi gr2 gr8 1 <Cla1Task1+0x1>
   33f78:	ec 32 00 00 └	store8 gr3 gr8 0 <Cla1Task1>
   33f7c:	80 00 2e 21 	jmp 34544 <$BB1_55+0x40>
   33f80:	80 00 00 00 	nop
   33f84:	80 00 00 00 	nop
   33f88:	98 21 00 08 	addi gr2 gr4 1 <Cla1Task1+0x1>
   33f8c:	91 54 40 80 	movg2g gr21 gr17
   33f90:	a8 30 80 00 	load8 gr3 gr2 0 <Cla1Task1>
   33f94:	94 00 c4 02 	eqi gr3 20 <.L0 >
   33f98:	80 00 03 e5 	jc 34018 <printf+0x1f8>
   33f9c:	80 00 00 00 	nop
   33fa0:	80 00 00 00 	nop
   33fa4:	94 00 c4 62 	eqi gr3 23 <.L0 +0x3>
   33fa8:	80 00 02 65 	jc 33ff8 <printf+0x1d8>
   33fac:	80 00 00 00 	nop
   33fb0:	80 00 00 00 	nop
   33fb4:	94 00 c5 62 	eqi gr3 2b <.L0 +0xb>
   33fb8:	90 45 80 80 	movg2g gr4 gr22
   33fbc:	80 00 02 e5 	jc 3401c <printf+0x1fc>
   33fc0:	80 00 00 00 	nop
   33fc4:	80 00 00 00 	nop
   33fc8:	94 00 c6 02 	eqi gr3 30 <.L0 +0x10>
   33fcc:	80 00 01 c5 	jc 34008 <printf+0x1e8>
   33fd0:	80 00 00 00 	nop
   33fd4:	80 00 00 00 	nop
   33fd8:	94 00 c5 a6 	neqi gr3 2d <.L0 +0xd>
   33fdc:	80 00 02 85 	jc 34030 <printf+0x210>
   33fe0:	80 00 00 00 	nop
   33fe4:	80 00 00 00 	nop
   33fe8:	90 45 00 80 	movg2g gr4 gr20
   33fec:	80 00 01 61 	jmp 3401c <printf+0x1fc>
   33ff0:	80 00 00 00 	nop
   33ff4:	80 00 00 00 	nop
   33ff8:	90 47 40 80 	movg2g gr4 gr29
   33ffc:	80 00 00 e1 	jmp 3401c <printf+0x1fc>
   34000:	80 00 00 00 	nop
   34004:	80 00 00 00 	nop
   34008:	90 44 00 80 	movg2g gr4 gr16
   3400c:	80 00 00 61 	jmp 3401c <printf+0x1fc>
   34010:	80 00 00 00 	nop
   34014:	80 00 00 00 	nop
   34018:	90 44 80 80 	movg2g gr4 gr18
   3401c:	85 51 15 05 	or gr21 gr4 gr21
   34020:	98 20 80 08 	addi gr2 gr2 1 <Cla1Task1+0x1>
   34024:	83 ff fb 41 	jmp 33f90 <printf+0x170>
   34028:	80 00 00 00 	nop
   3402c:	80 00 00 00 	nop
   34030:	18 40 fe 80 ┌	addi gr4 gr3 ffffffd0 <XintfaRegs+0xdfffffd0>
   34034:	ec 87 82 42 └	store32 gr8 gr30 12 <_core0_exp_start+0xc>
   34038:	84 41 13 04 	and gr4 gr4 gr19
   3403c:	94 01 01 33 	gtiu gr4 9 <_core0_exp_start+0x3>
   34040:	94 40 45 8d 	moviglx gr4 458 <task8+0xc>
   34044:	84 41 1e 00 	add gr4 gr4 gr30
   34048:	ec 21 00 02 	store32 gr2 gr4 0 <Cla1Task1>
   3404c:	80 00 01 c5 	jc 34088 <printf+0x268>
   34050:	80 00 00 00 	nop
   34054:	80 00 00 00 	nop
   34058:	90 45 c0 80 	movg2g gr4 gr23
   3405c:	80 00 85 8d 	call 35110 <skip_atoi>
   34060:	80 00 00 00 	nop
   34064:	80 00 00 00 	nop
   34068:	ec 27 81 c2 	store32 gr2 gr30 e <_core0_exp_start+0x8>
   3406c:	14 20 45 8d ┌	moviglx gr2 458 <task8+0xc>
   34070:	a8 87 82 42 └	load32 gr8 gr30 12 <_core0_exp_start+0xc>
   34074:	84 20 9e 00 	add gr2 gr2 gr30
   34078:	a8 20 80 02 	load32 gr2 gr2 0 <Cla1Task1>
   3407c:	80 00 03 a1 	jmp 340f4 <printf+0x2d4>
   34080:	80 00 00 00 	nop
   34084:	80 00 00 00 	nop
   34088:	94 00 c5 46 	neqi gr3 2a <.L0 +0xa>
   3408c:	80 00 02 e5 	jc 340ec <printf+0x2cc>
   34090:	80 00 00 00 	nop
   34094:	80 00 00 00 	nop
   34098:	94 30 45 4d 	moviglx gr3 454 <task8+0x8>
   3409c:	94 40 45 8d 	moviglx gr4 458 <task8+0xc>
   340a0:	94 50 45 4d 	moviglx gr5 454 <task8+0x8>
   340a4:	84 30 de 00 	add gr3 gr3 gr30
   340a8:	18 20 80 08 ┌	addi gr2 gr2 1 <Cla1Task1+0x1>
   340ac:	a8 30 c0 02 └	load32 gr3 gr3 0 <Cla1Task1>
   340b0:	84 41 1e 00 	add gr4 gr4 gr30
   340b4:	ec 21 00 02 	store32 gr2 gr4 0 <Cla1Task1>
   340b8:	98 40 c0 20 	addi gr4 gr3 4 <Cla1Task1+0x4>
   340bc:	84 51 5e 00 	add gr5 gr5 gr30
   340c0:	ec 41 40 02 	store32 gr4 gr5 0 <Cla1Task1>
   340c4:	a8 30 c0 02 	load32 gr3 gr3 0 <Cla1Task1>
   340c8:	94 00 ff ea 	gti gr3 ffffffff <XintfaRegs+0xdfffffff>
   340cc:	80 00 01 05 	jc 340f0 <printf+0x2d0>
   340d0:	80 00 00 00 	nop
   340d4:	80 00 00 00 	nop
   340d8:	90 30 00 41 	neg gr3
   340dc:	95 50 08 03 	bst gr21 4 <Cla1Task1+0x4>
   340e0:	80 00 00 61 	jmp 340f0 <printf+0x2d0>
   340e4:	80 00 00 00 	nop
   340e8:	80 00 00 00 	nop
   340ec:	94 3f ff fd 	moviglx gr3 ffffffff <XintfaRegs+0xdfffffff>
   340f0:	ec 37 81 c2 	store32 gr3 gr30 e <_core0_exp_start+0x8>
   340f4:	a8 30 80 00 	load8 gr3 gr2 0 <Cla1Task1>
   340f8:	94 00 c5 c6 	neqi gr3 2e <.L0 +0xe>
   340fc:	80 00 03 05 	jc 34160 <printf+0x340>
   34100:	80 00 00 00 	nop
   34104:	80 00 00 00 	nop
   34108:	98 30 80 08 	addi gr3 gr2 1 <Cla1Task1+0x1>
   3410c:	94 40 45 8d 	moviglx gr4 458 <task8+0xc>
   34110:	84 41 1e 00 	add gr4 gr4 gr30
   34114:	ec 31 00 02 	store32 gr3 gr4 0 <Cla1Task1>
   34118:	a8 40 80 20 	load8 gr4 gr2 1 <Cla1Task1+0x1>
   3411c:	98 51 3e 80 	addi gr5 gr4 ffffffd0 <XintfaRegs+0xdfffffd0>
   34120:	84 51 53 04 	and gr5 gr5 gr19
   34124:	94 01 41 33 	gtiu gr5 9 <_core0_exp_start+0x3>
   34128:	80 00 02 25 	jc 34170 <printf+0x350>
   3412c:	80 00 00 00 	nop
   34130:	80 00 00 00 	nop
   34134:	90 45 c0 80 	movg2g gr4 gr23
   34138:	80 00 7e ad 	call 35110 <skip_atoi>
   3413c:	80 00 00 00 	nop
   34140:	80 00 00 00 	nop
   34144:	14 30 45 8d ┌	moviglx gr3 458 <task8+0xc>
   34148:	a8 87 82 42 └	load32 gr8 gr30 12 <_core0_exp_start+0xc>
   3414c:	84 30 de 00 	add gr3 gr3 gr30
   34150:	a8 30 c0 02 	load32 gr3 gr3 0 <Cla1Task1>
   34154:	80 00 03 61 	jmp 341c4 <printf+0x3a4>
   34158:	80 00 00 00 	nop
   3415c:	80 00 00 00 	nop
   34160:	a8 57 81 a2 	load32 gr5 gr30 d <_core0_exp_start+0x7>
   34164:	80 00 03 81 	jmp 341d8 <printf+0x3b8>
   34168:	80 00 00 00 	nop
   3416c:	80 00 00 00 	nop
   34170:	84 41 13 04 	and gr4 gr4 gr19
   34174:	94 01 05 46 	neqi gr4 2a <.L0 +0xa>
   34178:	80 00 02 25 	jc 341c0 <printf+0x3a0>
   3417c:	80 00 00 00 	nop
   34180:	80 00 00 00 	nop
   34184:	94 30 45 4d 	moviglx gr3 454 <task8+0x8>
   34188:	94 50 45 4d 	moviglx gr5 454 <task8+0x8>
   3418c:	84 30 de 00 	add gr3 gr3 gr30
   34190:	a8 40 c0 02 	load32 gr4 gr3 0 <Cla1Task1>
   34194:	98 30 80 10 	addi gr3 gr2 2 <Cla1Task1+0x2>
   34198:	94 20 45 8d 	moviglx gr2 458 <task8+0xc>
   3419c:	84 20 9e 00 	add gr2 gr2 gr30
   341a0:	ec 30 80 02 	store32 gr3 gr2 0 <Cla1Task1>
   341a4:	98 21 00 20 	addi gr2 gr4 4 <Cla1Task1+0x4>
   341a8:	84 51 5e 00 	add gr5 gr5 gr30
   341ac:	ec 21 40 02 	store32 gr2 gr5 0 <Cla1Task1>
   341b0:	a8 21 00 02 	load32 gr2 gr4 0 <Cla1Task1>
   341b4:	80 00 00 61 	jmp 341c4 <printf+0x3a4>
   341b8:	80 00 00 00 	nop
   341bc:	80 00 00 00 	nop
   341c0:	94 2f ff fd 	moviglx gr2 ffffffff <XintfaRegs+0xdfffffff>
   341c4:	94 00 80 0a 	gti gr2 0 <Cla1Task1>
   341c8:	94 40 00 09 	moviglz gr4 0 <Cla1Task1>
   341cc:	90 50 84 42 	select gr5 gr2 gr4
   341d0:	90 20 c0 80 	movg2g gr2 gr3
   341d4:	a8 30 c0 00 	load8 gr3 gr3 0 <Cla1Task1>
   341d8:	90 40 c0 80 	movg2g gr4 gr3
   341dc:	94 40 0a 03 	bst gr4 5 <Cla1Task1+0x5>
   341e0:	84 41 13 04 	and gr4 gr4 gr19
   341e4:	94 01 0d 82 	eqi gr4 6c <.L0 +0xc>
   341e8:	80 00 01 69 	jnc 34218 <printf+0x3f8>
   341ec:	80 00 00 00 	nop
   341f0:	80 00 00 00 	nop
   341f4:	98 40 80 08 	addi gr4 gr2 1 <Cla1Task1+0x1>
   341f8:	94 60 45 8d 	moviglx gr6 458 <task8+0xc>
   341fc:	84 61 9e 00 	add gr6 gr6 gr30
   34200:	ec 41 80 02 	store32 gr4 gr6 0 <Cla1Task1>
   34204:	84 40 d3 04 	and gr4 gr3 gr19
   34208:	a8 30 80 20 	load8 gr3 gr2 1 <Cla1Task1+0x1>
   3420c:	80 00 00 61 	jmp 3421c <printf+0x3fc>
   34210:	80 00 00 00 	nop
   34214:	80 00 00 00 	nop
   34218:	a8 47 81 a2 	load32 gr4 gr30 d <_core0_exp_start+0x7>
   3421c:	84 20 d3 04 	and gr2 gr3 gr19
   34220:	94 70 02 e9 	moviglz gr7 2e <.L0 +0xe>
   34224:	18 60 bc f8 ┌	addi gr6 gr2 ffffff9f <XintfaRegs+0xdfffff9f>
   34228:	ec 77 82 02 └	store32 gr7 gr30 10 <_core0_exp_start+0xa>
   3422c:	94 70 03 09 	moviglz gr7 30 <.L0 +0x10>
   34230:	14 01 82 f3 ┌	gtiu gr6 17 <_core0_exp_start+0x11>
   34234:	ec 77 82 22 └	store32 gr7 gr30 11 <_core0_exp_start+0xb>
   34238:	80 00 02 25 	jc 34280 <$BB1_35+0x10>
   3423c:	80 00 00 00 	nop
   34240:	80 00 00 00 	nop
   34244:	98 31 82 06 	sli gr3 gr6 2 <Cla1Task1+0x2>
   34248:	94 60 00 11 	movigh gr6 1 <Cla1Task1+0x1>
   3424c:	94 60 04 05 	movigl gr6 40 <.L0 +0xc>
   34250:	90 25 40 80 	movg2g gr2 gr21
   34254:	84 30 c6 00 	add gr3 gr3 gr6
   34258:	94 60 00 a9 	moviglz gr6 a <_core0_exp_start+0x4>
   3425c:	14 20 02 03 ┌	bst gr2 1 <Cla1Task1+0x1>
   34260:	a8 30 c0 02 └	load32 gr3 gr3 0 <Cla1Task1>
   34264:	80 00 c0 03 	jmpr gr3
   34268:	80 00 00 00 	nop
   3426c:	80 00 00 00 	nop

00034270 <$BB1_35>:
   34270:	91 50 80 80 	movg2g gr21 gr2
   34274:	80 00 14 61 	jmp 34504 <$BB1_55>
   34278:	80 00 00 00 	nop
   3427c:	80 00 00 00 	nop
   34280:	94 00 84 a2 	eqi gr2 25 <.L0 +0x5>
   34284:	83 ff e7 65 	jc 33f74 <printf+0x154>
   34288:	80 00 00 00 	nop
   3428c:	80 00 00 00 	nop
   34290:	94 00 88 22 	eqi gr2 41 <.L0 +0xd>
   34294:	80 00 16 c5 	jc 34570 <$BB1_55+0x6c>
   34298:	80 00 00 00 	nop
   3429c:	80 00 00 00 	nop
   342a0:	94 00 8b 02 	eqi gr2 58 <.L0 +0x4>
   342a4:	80 00 00 e9 	jnc 342c4 <$BB1_41>
   342a8:	80 00 00 00 	nop
   342ac:	80 00 00 00 	nop
   342b0:	95 50 0c 03 	bst gr21 6 <_core0_exp_start>

000342b4 <$BB1_40>:
   342b4:	94 60 01 09 	moviglz gr6 10 <_core0_exp_start+0xa>
   342b8:	80 00 12 41 	jmp 34504 <$BB1_55>
   342bc:	80 00 00 00 	nop
   342c0:	80 00 00 00 	nop

000342c4 <$BB1_41>:
   342c4:	94 20 02 59 	moviglz gr2 25 <.L0 +0x5>
   342c8:	ec 22 00 00 	store8 gr2 gr8 0 <Cla1Task1>
   342cc:	94 20 45 8d 	moviglx gr2 458 <task8+0xc>
   342d0:	84 20 9e 00 	add gr2 gr2 gr30
   342d4:	a8 40 80 02 	load32 gr4 gr2 0 <Cla1Task1>
   342d8:	18 22 00 08 ┌	addi gr2 gr8 1 <Cla1Task1+0x1>
   342dc:	a8 31 00 00 └	load8 gr3 gr4 0 <Cla1Task1>
   342e0:	94 00 c0 02 	eqi gr3 0 <Cla1Task1>
   342e4:	80 00 37 85 	jc 349d8 <$BB1_59+0x464>
   342e8:	80 00 00 00 	nop
   342ec:	80 00 00 00 	nop
   342f0:	90 80 80 80 	movg2g gr8 gr2
   342f4:	83 ff e3 e1 	jmp 33f74 <printf+0x154>
   342f8:	80 00 00 00 	nop
   342fc:	80 00 00 00 	nop

00034300 <$BB1_43>:
   34300:	94 20 01 09 	moviglz gr2 10 <_core0_exp_start+0xa>
   34304:	84 25 42 04 	and gr2 gr21 gr2
   34308:	94 00 80 06 	neqi gr2 0 <Cla1Task1>
   3430c:	80 00 2b 85 	jc 34880 <$BB1_59+0x30c>
   34310:	80 00 00 00 	nop
   34314:	80 00 00 00 	nop
   34318:	a8 57 81 c2 	load32 gr5 gr30 e <_core0_exp_start+0x8>
   3431c:	90 21 40 80 	movg2g gr2 gr5
   34320:	94 00 80 4e 	lti gr2 2 <Cla1Task1+0x2>
   34324:	80 00 2b 45 	jc 34890 <$BB1_59+0x31c>
   34328:	80 00 00 00 	nop
   3432c:	80 00 00 00 	nop
   34330:	98 32 00 08 	addi gr3 gr8 1 <Cla1Task1+0x1>
   34334:	94 40 02 09 	moviglz gr4 20 <.L0 >
   34338:	18 20 bf f8 ┌	addi gr2 gr2 ffffffff <XintfaRegs+0xdfffffff>
   3433c:	ec 42 00 00 └	store8 gr4 gr8 0 <Cla1Task1>
   34340:	90 80 c0 80 	movg2g gr8 gr3
   34344:	83 ff fe c1 	jmp 34320 <$BB1_43+0x20>
   34348:	80 00 00 00 	nop
   3434c:	80 00 00 00 	nop

00034350 <$BB1_47>:
   34350:	14 20 00 89 ┌	moviglz gr2 8 <_core0_exp_start+0x2>
   34354:	a8 47 81 c2 └	load32 gr4 gr30 e <_core0_exp_start+0x8>
   34358:	94 60 45 4d 	moviglx gr6 454 <task8+0x8>
   3435c:	94 01 3f e2 	eqi gr4 ffffffff <XintfaRegs+0xdfffffff>
   34360:	90 30 00 43 	setc gr3
   34364:	90 70 84 42 	select gr7 gr2 gr4
   34368:	94 20 45 4d 	moviglx gr2 454 <task8+0x8>
   3436c:	84 20 9e 00 	add gr2 gr2 gr30
   34370:	04 35 43 05 ┌	or gr3 gr21 gr3
   34374:	a8 20 80 02 └	load32 gr2 gr2 0 <Cla1Task1>
   34378:	98 40 80 20 	addi gr4 gr2 4 <Cla1Task1+0x4>
   3437c:	84 61 9e 00 	add gr6 gr6 gr30
   34380:	ec 41 80 02 	store32 gr4 gr6 0 <Cla1Task1>
   34384:	14 60 01 09 ┌	moviglz gr6 10 <_core0_exp_start+0xa>
   34388:	a8 20 80 02 └	load32 gr2 gr2 0 <Cla1Task1>
   3438c:	10 42 00 80 ┌	movg2g gr4 gr8
   34390:	ec 37 80 22 └	store32 gr3 gr30 1 <Cla1Task1+0x1>
   34394:	80 00 0c c1 	jmp 34530 <$BB1_55+0x2c>
   34398:	80 00 00 00 	nop
   3439c:	80 00 00 00 	nop

000343a0 <$BB1_48>:
   343a0:	94 30 45 4d 	moviglx gr3 454 <task8+0x8>
   343a4:	95 70 01 09 	moviglz gr23 10 <_core0_exp_start+0xa>
   343a8:	94 90 00 19 	moviglz gr9 1 <Cla1Task1+0x1>
   343ac:	84 30 de 00 	add gr3 gr3 gr30
   343b0:	15 00 02 d9 ┌	moviglz gr16 2d <.L0 +0xd>
   343b4:	a8 30 c0 02 └	load32 gr3 gr3 0 <Cla1Task1>
   343b8:	94 40 00 11 	movigh gr4 1 <Cla1Task1+0x1>
   343bc:	94 40 03 45 	movigl gr4 34 <.L0 >
   343c0:	10 60 80 80 ┌	movg2g gr6 gr2
   343c4:	a8 71 00 02 └	load32 gr7 gr4 0 <Cla1Task1>
   343c8:	84 45 57 04 	and gr4 gr21 gr23
   343cc:	94 60 00 07 	bclr gr6 0 <Cla1Task1>
   343d0:	94 01 00 02 	eqi gr4 0 <Cla1Task1>
   343d4:	94 40 45 4d 	moviglx gr4 454 <task8+0x8>
   343d8:	98 80 c0 20 	addi gr8 gr3 4 <Cla1Task1+0x4>
   343dc:	84 41 1e 00 	add gr4 gr4 gr30
   343e0:	ec 81 00 02 	store32 gr8 gr4 0 <Cla1Task1>
   343e4:	14 80 02 09 ┌	moviglz gr8 20 <.L0 >
   343e8:	a8 40 c0 02 └	load32 gr4 gr3 0 <Cla1Task1>
   343ec:	91 10 86 42 	select gr17 gr2 gr6
   343f0:	84 24 49 04 	and gr2 gr17 gr9
   343f4:	84 01 07 7a 	fslt gr4 gr7
   343f8:	80 00 00 00 	nop
   343fc:	80 00 00 00 	nop
   34400:	80 00 00 00 	nop
   34404:	80 00 00 00 	nop
   34408:	80 00 00 00 	nop
   3440c:	80 30 00 0f 	movc2g gr3
   34410:	94 00 80 02 	eqi gr2 0 <Cla1Task1>
   34414:	98 30 c8 15 	bfextu gr3 gr3 4 <Cla1Task1+0x4> 1 <Cla1Task1+0x1>
   34418:	84 20 c9 06 	xor gr2 gr3 gr9
   3441c:	a8 37 82 22 	load32 gr3 gr30 11 <_core0_exp_start+0xb>
   34420:	90 32 03 42 	select gr3 gr8 gr3
   34424:	14 00 80 06 ┌	neqi gr2 0 <Cla1Task1>
   34428:	ec 37 80 a2 └	store32 gr3 gr30 5 <Cla1Task1+0x5>
   3442c:	80 00 26 25 	jc 348f4 <$BB1_59+0x380>
   34430:	80 00 00 00 	nop
   34434:	80 00 00 00 	nop
   34438:	94 28 00 01 	movigh gr2 ffff8000 <XintfaRegs+0xdfff8000>
   3443c:	14 20 00 05 ┌	movigl gr2 0 <Cla1Task1>
   34440:	a8 37 81 c2 └	load32 gr3 gr30 e <_core0_exp_start+0x8>
   34444:	04 41 02 06 ┌	xor gr4 gr4 gr2
   34448:	ed 07 80 82 └	store32 gr16 gr30 4 <Cla1Task1+0x4>
   3444c:	98 30 ff f8 	addi gr3 gr3 ffffffff <XintfaRegs+0xdfffffff>
   34450:	ec 37 81 c2 	store32 gr3 gr30 e <_core0_exp_start+0x8>
   34454:	94 30 00 09 	moviglz gr3 0 <Cla1Task1>
   34458:	ec 37 81 e2 	store32 gr3 gr30 f <_core0_exp_start+0x9>
   3445c:	80 00 39 21 	jmp 34b84 <$BB1_59+0x610>
   34460:	80 00 00 00 	nop
   34464:	80 00 00 00 	nop

00034468 <$BB1_50>:
   34468:	94 20 45 4d 	moviglx gr2 454 <task8+0x8>
   3446c:	94 60 45 4d 	moviglx gr6 454 <task8+0x8>
   34470:	84 20 9e 00 	add gr2 gr2 gr30
   34474:	14 30 00 11 ┌	movigh gr3 1 <Cla1Task1+0x1>
   34478:	a8 20 80 02 └	load32 gr2 gr2 0 <Cla1Task1>
   3447c:	94 30 0a 05 	movigl gr3 a0 <Cla1Task2+0x14>
   34480:	98 40 80 20 	addi gr4 gr2 4 <Cla1Task1+0x4>
   34484:	84 61 9e 00 	add gr6 gr6 gr30
   34488:	ec 41 80 02 	store32 gr4 gr6 0 <Cla1Task1>
   3448c:	a8 20 80 02 	load32 gr2 gr2 0 <Cla1Task1>
   34490:	94 00 80 02 	eqi gr2 0 <Cla1Task1>
   34494:	91 30 c2 42 	select gr19 gr3 gr2
   34498:	90 44 c0 80 	movg2g gr4 gr19
   3449c:	80 00 66 8d 	call 35170 <strnlen>
   344a0:	80 00 00 00 	nop
   344a4:	80 00 00 00 	nop
   344a8:	94 30 01 09 	moviglz gr3 10 <_core0_exp_start+0xa>
   344ac:	84 35 43 04 	and gr3 gr21 gr3
   344b0:	94 00 c0 06 	neqi gr3 0 <Cla1Task1>
   344b4:	90 30 80 80 	movg2g gr3 gr2
   344b8:	80 00 24 25 	jc 34940 <$BB1_59+0x3cc>
   344bc:	80 00 00 00 	nop
   344c0:	80 00 00 00 	nop
   344c4:	a8 77 81 c2 	load32 gr7 gr30 e <_core0_exp_start+0x8>
   344c8:	10 21 c0 80 ┌	movg2g gr2 gr7
   344cc:	a8 67 82 42 └	load32 gr6 gr30 12 <_core0_exp_start+0xc>
   344d0:	90 00 c2 04 	ge gr3 gr2
   344d4:	80 00 23 e5 	jc 34954 <$BB1_59+0x3e0>
   344d8:	80 00 00 00 	nop
   344dc:	80 00 00 00 	nop
   344e0:	98 41 80 08 	addi gr4 gr6 1 <Cla1Task1+0x1>
   344e4:	94 50 02 09 	moviglz gr5 20 <.L0 >
   344e8:	18 20 bf f8 ┌	addi gr2 gr2 ffffffff <XintfaRegs+0xdfffffff>
   344ec:	ec 51 80 00 └	store8 gr5 gr6 0 <Cla1Task1>
   344f0:	90 61 00 80 	movg2g gr6 gr4
   344f4:	83 ff fe c1 	jmp 344d0 <$BB1_50+0x68>
   344f8:	80 00 00 00 	nop
   344fc:	80 00 00 00 	nop

00034500 <$BB1_54>:
   34500:	94 60 00 89 	moviglz gr6 8 <_core0_exp_start+0x2>

00034504 <$BB1_55>:
   34504:	94 20 45 4d 	moviglx gr2 454 <task8+0x8>
   34508:	94 70 45 4d 	moviglx gr7 454 <task8+0x8>
   3450c:	84 20 9e 00 	add gr2 gr2 gr30
   34510:	10 42 00 80 ┌	movg2g gr4 gr8
   34514:	a8 20 80 02 └	load32 gr2 gr2 0 <Cla1Task1>
   34518:	98 30 80 20 	addi gr3 gr2 4 <Cla1Task1+0x4>
   3451c:	84 71 de 00 	add gr7 gr7 gr30
   34520:	ec 31 c0 02 	store32 gr3 gr7 0 <Cla1Task1>
   34524:	a8 20 80 02 	load32 gr2 gr2 0 <Cla1Task1>
   34528:	ed 57 80 22 	store32 gr21 gr30 1 <Cla1Task1+0x1>
   3452c:	a8 77 81 c2 	load32 gr7 gr30 e <_core0_exp_start+0x8>
   34530:	ec 57 80 02 	store32 gr5 gr30 0 <Cla1Task1>
   34534:	90 50 80 80 	movg2g gr5 gr2
   34538:	80 00 64 2d 	call 351c0 <number>
   3453c:	80 00 00 00 	nop
   34540:	80 00 00 00 	nop
   34544:	94 30 45 8d 	moviglx gr3 458 <task8+0xc>
   34548:	84 30 de 00 	add gr3 gr3 gr30
   3454c:	10 80 80 80 ┌	movg2g gr8 gr2
   34550:	a8 30 c0 02 └	load32 gr3 gr3 0 <Cla1Task1>
   34554:	94 20 45 8d 	moviglx gr2 458 <task8+0xc>
   34558:	98 40 c0 08 	addi gr4 gr3 1 <Cla1Task1+0x1>
   3455c:	84 20 9e 00 	add gr2 gr2 gr30
   34560:	ec 40 80 02 	store32 gr4 gr2 0 <Cla1Task1>
   34564:	83 ff cf 41 	jmp 33f50 <printf+0x130>
   34568:	80 00 00 00 	nop
   3456c:	80 00 00 00 	nop
   34570:	95 50 0c 03 	bst gr21 6 <_core0_exp_start>

00034574 <$BB1_59>:
   34574:	94 20 45 4d 	moviglx gr2 454 <task8+0x8>
   34578:	94 01 0d 86 	neqi gr4 6c <.L0 +0xc>
   3457c:	94 40 45 4d 	moviglx gr4 454 <task8+0x8>
   34580:	84 20 9e 00 	add gr2 gr2 gr30
   34584:	a8 20 80 02 	load32 gr2 gr2 0 <Cla1Task1>
   34588:	98 30 80 20 	addi gr3 gr2 4 <Cla1Task1+0x4>
   3458c:	84 41 1e 00 	add gr4 gr4 gr30
   34590:	15 d0 00 11 ┌	movigh gr29 1 <Cla1Task1+0x1>
   34594:	ec 31 00 02 └	store32 gr3 gr4 0 <Cla1Task1>
   34598:	15 d0 0a 75 ┌	movigl gr29 a7 <.L0 +0x3>
   3459c:	a8 90 80 02 └	load32 gr9 gr2 0 <Cla1Task1>
   345a0:	80 00 05 a5 	jc 34658 <$BB1_59+0xe4>
   345a4:	80 00 00 00 	nop
   345a8:	80 00 00 00 	nop
   345ac:	94 20 04 09 	moviglz gr2 40 <.L0 +0xc>
   345b0:	94 30 00 11 	movigh gr3 1 <Cla1Task1+0x1>
   345b4:	84 25 42 04 	and gr2 gr21 gr2
   345b8:	94 30 0c c5 	movigl gr3 cc <.L0 +0xa>
   345bc:	94 00 80 02 	eqi gr2 0 <Cla1Task1>
   345c0:	94 20 00 09 	moviglz gr2 0 <Cla1Task1>
   345c4:	90 47 43 42 	select gr4 gr29 gr3
   345c8:	90 30 80 80 	movg2g gr3 gr2
   345cc:	94 00 80 02 	eqi gr2 0 <Cla1Task1>
   345d0:	80 00 01 a5 	jc 34608 <$BB1_59+0x94>
   345d4:	80 00 00 00 	nop
   345d8:	80 00 00 00 	nop
   345dc:	94 00 80 c2 	eqi gr2 6 <_core0_exp_start>
   345e0:	80 00 0f 25 	jc 347c8 <$BB1_59+0x254>
   345e4:	80 00 00 00 	nop
   345e8:	80 00 00 00 	nop
   345ec:	94 50 4a cd 	moviglx gr5 4ac <$line_table_start0+0x4c>
   345f0:	94 60 03 a9 	moviglz gr6 3a <.L0 +0x6>
   345f4:	84 51 5e 00 	add gr5 gr5 gr30
   345f8:	98 51 40 00 	addi gr5 gr5 0 <Cla1Task1>
   345fc:	84 51 43 00 	add gr5 gr5 gr3
   34600:	18 30 c0 08 ┌	addi gr3 gr3 1 <Cla1Task1+0x1>
   34604:	ec 61 40 00 └	store8 gr6 gr5 0 <Cla1Task1>
   34608:	84 52 42 00 	add gr5 gr9 gr2
   3460c:	14 60 00 f9 ┌	moviglz gr6 f <_core0_exp_start+0x9>
   34610:	a8 51 40 00 └	load8 gr5 gr5 0 <Cla1Task1>
   34614:	98 71 44 0e 	srli gr7 gr5 4 <Cla1Task1+0x4>
   34618:	84 51 46 04 	and gr5 gr5 gr6
   3461c:	84 61 07 00 	add gr6 gr4 gr7
   34620:	84 51 05 00 	add gr5 gr4 gr5
   34624:	14 70 4a cd ┌	moviglx gr7 4ac <$line_table_start0+0x4c>
   34628:	a8 61 80 00 └	load8 gr6 gr6 0 <Cla1Task1>
   3462c:	04 71 de 00 ┌	add gr7 gr7 gr30
   34630:	a8 51 40 00 └	load8 gr5 gr5 0 <Cla1Task1>
   34634:	98 71 c0 00 	addi gr7 gr7 0 <Cla1Task1>
   34638:	98 20 80 08 	addi gr2 gr2 1 <Cla1Task1+0x1>
   3463c:	84 71 c3 00 	add gr7 gr7 gr3
   34640:	18 30 c0 10 ┌	addi gr3 gr3 2 <Cla1Task1+0x2>
   34644:	ec 61 c0 00 └	store8 gr6 gr7 0 <Cla1Task1>
   34648:	ec 51 c0 20 	store8 gr5 gr7 1 <Cla1Task1+0x1>
   3464c:	83 ff fb e1 	jmp 345cc <$BB1_59+0x58>
   34650:	80 00 00 00 	nop
   34654:	80 00 00 00 	nop
   34658:	95 00 00 09 	moviglz gr16 0 <Cla1Task1>
   3465c:	11 74 00 80 ┌	movg2g gr23 gr16
   34660:	ec 97 81 e2 └	store32 gr9 gr30 f <_core0_exp_start+0x9>
   34664:	94 04 00 02 	eqi gr16 0 <Cla1Task1>
   34668:	80 00 01 c5 	jc 346a4 <$BB1_59+0x130>
   3466c:	80 00 00 00 	nop
   34670:	80 00 00 00 	nop
   34674:	94 04 00 82 	eqi gr16 4 <Cla1Task1+0x4>
   34678:	80 00 0d 45 	jc 34824 <$BB1_59+0x2b0>
   3467c:	80 00 00 00 	nop
   34680:	80 00 00 00 	nop
   34684:	14 20 4a cd ┌	moviglx gr2 4ac <$line_table_start0+0x4c>
   34688:	a8 47 82 02 └	load32 gr4 gr30 10 <_core0_exp_start+0xa>
   3468c:	84 20 9e 00 	add gr2 gr2 gr30
   34690:	98 20 80 00 	addi gr2 gr2 0 <Cla1Task1>
   34694:	98 35 c0 08 	addi gr3 gr23 1 <Cla1Task1+0x1>
   34698:	84 20 97 00 	add gr2 gr2 gr23
   3469c:	11 70 c0 80 ┌	movg2g gr23 gr3
   346a0:	ec 40 80 00 └	store8 gr4 gr2 0 <Cla1Task1>
   346a4:	84 22 50 00 	add gr2 gr9 gr16
   346a8:	a9 10 80 00 	load8 gr17 gr2 0 <Cla1Task1>
   346ac:	94 04 40 02 	eqi gr17 0 <Cla1Task1>
   346b0:	80 00 03 65 	jc 34720 <$BB1_59+0x1ac>
   346b4:	80 00 00 00 	nop
   346b8:	80 00 00 00 	nop
   346bc:	94 04 4c 97 	ltiu gr17 64 <.L0 +0x4>
   346c0:	80 00 03 65 	jc 34730 <$BB1_59+0x1bc>
   346c4:	80 00 00 00 	nop
   346c8:	80 00 00 00 	nop
   346cc:	84 44 53 04 	and gr4 gr17 gr19
   346d0:	95 30 06 49 	moviglz gr19 64 <.L0 +0x4>
   346d4:	90 54 c0 80 	movg2g gr5 gr19
   346d8:	83 fe a9 ad 	call 31c10 <__udivsi3>
   346dc:	80 00 00 00 	nop
   346e0:	80 00 00 00 	nop
   346e4:	84 37 42 00 	add gr3 gr29 gr2
   346e8:	99 25 c0 08 	addi gr18 gr23 1 <Cla1Task1+0x1>
   346ec:	14 40 4a cd ┌	moviglx gr4 4ac <$line_table_start0+0x4c>
   346f0:	a8 30 c0 00 └	load8 gr3 gr3 0 <Cla1Task1>
   346f4:	84 41 1e 00 	add gr4 gr4 gr30
   346f8:	84 20 93 0c 	mul32 gr2 gr2 gr19
   346fc:	18 41 00 00 ┌	addi gr4 gr4 0 <Cla1Task1>
   34700:	a9 37 82 62 └	load32 gr19 gr30 13 <_core0_exp_start+0xd>
   34704:	85 14 42 02 	sub gr17 gr17 gr2
   34708:	84 41 17 00 	add gr4 gr4 gr23
   3470c:	15 40 00 29 ┌	moviglz gr20 2 <Cla1Task1+0x2>
   34710:	ec 31 00 00 └	store8 gr3 gr4 0 <Cla1Task1>
   34714:	80 00 01 81 	jmp 34748 <$BB1_59+0x1d4>
   34718:	80 00 00 00 	nop
   3471c:	80 00 00 00 	nop
   34720:	a8 27 82 22 	load32 gr2 gr30 11 <_core0_exp_start+0xb>
   34724:	80 00 03 c1 	jmp 347a0 <$BB1_59+0x22c>
   34728:	80 00 00 00 	nop
   3472c:	80 00 00 00 	nop
   34730:	94 04 41 57 	ltiu gr17 a <_core0_exp_start+0x4>
   34734:	80 00 02 e5 	jc 34794 <$BB1_59+0x220>
   34738:	80 00 00 00 	nop
   3473c:	80 00 00 00 	nop
   34740:	95 40 00 19 	moviglz gr20 1 <Cla1Task1+0x1>
   34744:	91 25 c0 80 	movg2g gr18 gr23
   34748:	84 44 53 04 	and gr4 gr17 gr19
   3474c:	95 30 00 a9 	moviglz gr19 a <_core0_exp_start+0x4>
   34750:	90 54 c0 80 	movg2g gr5 gr19
   34754:	83 fe a5 cd 	call 31c10 <__udivsi3>
   34758:	80 00 00 00 	nop
   3475c:	80 00 00 00 	nop
   34760:	04 37 42 00 ┌	add gr3 gr29 gr2
   34764:	a8 87 82 42 └	load32 gr8 gr30 12 <_core0_exp_start+0xc>
   34768:	05 75 17 00 ┌	add gr23 gr20 gr23
   3476c:	a8 97 81 e2 └	load32 gr9 gr30 f <_core0_exp_start+0x9>
   34770:	14 40 4a cd ┌	moviglx gr4 4ac <$line_table_start0+0x4c>
   34774:	a8 30 c0 00 └	load8 gr3 gr3 0 <Cla1Task1>
   34778:	84 20 93 0c 	mul32 gr2 gr2 gr19
   3477c:	04 41 1e 00 ┌	add gr4 gr4 gr30
   34780:	a9 37 82 62 └	load32 gr19 gr30 13 <_core0_exp_start+0xd>
   34784:	98 41 00 00 	addi gr4 gr4 0 <Cla1Task1>
   34788:	85 14 42 02 	sub gr17 gr17 gr2
   3478c:	84 41 12 00 	add gr4 gr4 gr18
   34790:	ec 31 00 00 	store8 gr3 gr4 0 <Cla1Task1>
   34794:	84 24 53 04 	and gr2 gr17 gr19
   34798:	84 27 42 00 	add gr2 gr29 gr2
   3479c:	a8 20 80 00 	load8 gr2 gr2 0 <Cla1Task1>
   347a0:	94 30 4a cd 	moviglx gr3 4ac <$line_table_start0+0x4c>
   347a4:	84 30 de 00 	add gr3 gr3 gr30
   347a8:	98 30 c0 00 	addi gr3 gr3 0 <Cla1Task1>
   347ac:	99 04 00 08 	addi gr16 gr16 1 <Cla1Task1+0x1>
   347b0:	84 30 d7 00 	add gr3 gr3 gr23
   347b4:	19 75 c0 08 ┌	addi gr23 gr23 1 <Cla1Task1+0x1>
   347b8:	ec 20 c0 00 └	store8 gr2 gr3 0 <Cla1Task1>
   347bc:	83 ff f5 21 	jmp 34664 <$BB1_59+0xf0>
   347c0:	80 00 00 00 	nop
   347c4:	80 00 00 00 	nop
   347c8:	94 20 01 09 	moviglz gr2 10 <_core0_exp_start+0xa>
   347cc:	84 25 42 04 	and gr2 gr21 gr2
   347d0:	94 00 80 06 	neqi gr2 0 <Cla1Task1>
   347d4:	80 00 10 e5 	jc 349f4 <$BB1_59+0x480>
   347d8:	80 00 00 00 	nop
   347dc:	80 00 00 00 	nop
   347e0:	a8 67 81 c2 	load32 gr6 gr30 e <_core0_exp_start+0x8>
   347e4:	10 21 80 80 ┌	movg2g gr2 gr6
   347e8:	a9 17 81 82 └	load32 gr17 gr30 c <_core0_exp_start+0x6>
   347ec:	a9 27 81 02 	load32 gr18 gr30 8 <_core0_exp_start+0x2>
   347f0:	a9 d7 80 e2 	load32 gr29 gr30 7 <_core0_exp_start+0x1>
   347f4:	90 00 c2 04 	ge gr3 gr2
   347f8:	80 00 10 a5 	jc 34a10 <$BB1_59+0x49c>
   347fc:	80 00 00 00 	nop
   34800:	80 00 00 00 	nop
   34804:	98 42 00 08 	addi gr4 gr8 1 <Cla1Task1+0x1>
   34808:	94 50 02 09 	moviglz gr5 20 <.L0 >
   3480c:	18 20 bf f8 ┌	addi gr2 gr2 ffffffff <XintfaRegs+0xdfffffff>
   34810:	ec 52 00 00 └	store8 gr5 gr8 0 <Cla1Task1>
   34814:	90 81 00 80 	movg2g gr8 gr4
   34818:	83 ff fe c1 	jmp 347f4 <$BB1_59+0x280>
   3481c:	80 00 00 00 	nop
   34820:	80 00 00 00 	nop
   34824:	94 20 01 09 	moviglz gr2 10 <_core0_exp_start+0xa>
   34828:	84 25 42 04 	and gr2 gr21 gr2
   3482c:	94 00 80 06 	neqi gr2 0 <Cla1Task1>
   34830:	80 00 13 25 	jc 34a98 <$BB1_59+0x524>
   34834:	80 00 00 00 	nop
   34838:	80 00 00 00 	nop
   3483c:	a8 57 81 c2 	load32 gr5 gr30 e <_core0_exp_start+0x8>
   34840:	10 21 40 80 ┌	movg2g gr2 gr5
   34844:	a9 17 81 82 └	load32 gr17 gr30 c <_core0_exp_start+0x6>
   34848:	a9 27 81 02 	load32 gr18 gr30 8 <_core0_exp_start+0x2>
   3484c:	a9 d7 80 e2 	load32 gr29 gr30 7 <_core0_exp_start+0x1>
   34850:	90 05 c2 04 	ge gr23 gr2
   34854:	80 00 12 e5 	jc 34ab4 <$BB1_59+0x540>
   34858:	80 00 00 00 	nop
   3485c:	80 00 00 00 	nop
   34860:	98 32 00 08 	addi gr3 gr8 1 <Cla1Task1+0x1>
   34864:	94 40 02 09 	moviglz gr4 20 <.L0 >
   34868:	18 20 bf f8 ┌	addi gr2 gr2 ffffffff <XintfaRegs+0xdfffffff>
   3486c:	ec 42 00 00 └	store8 gr4 gr8 0 <Cla1Task1>
   34870:	90 80 c0 80 	movg2g gr8 gr3
   34874:	83 ff fe c1 	jmp 34850 <$BB1_59+0x2dc>
   34878:	80 00 00 00 	nop
   3487c:	80 00 00 00 	nop
   34880:	a8 47 81 c2 	load32 gr4 gr30 e <_core0_exp_start+0x8>
   34884:	80 00 00 c1 	jmp 348a0 <$BB1_59+0x32c>
   34888:	80 00 00 00 	nop
   3488c:	80 00 00 00 	nop
   34890:	94 01 40 2e 	lti gr5 1 <Cla1Task1+0x1>
   34894:	94 20 00 19 	moviglz gr2 1 <Cla1Task1+0x1>
   34898:	90 21 42 42 	select gr2 gr5 gr2
   3489c:	98 40 bf f8 	addi gr4 gr2 ffffffff <XintfaRegs+0xdfffffff>
   348a0:	94 20 45 4d 	moviglx gr2 454 <task8+0x8>
   348a4:	94 50 45 4d 	moviglx gr5 454 <task8+0x8>
   348a8:	84 20 9e 00 	add gr2 gr2 gr30
   348ac:	a8 20 80 02 	load32 gr2 gr2 0 <Cla1Task1>
   348b0:	98 30 80 20 	addi gr3 gr2 4 <Cla1Task1+0x4>
   348b4:	84 51 5e 00 	add gr5 gr5 gr30
   348b8:	ec 31 40 02 	store32 gr3 gr5 0 <Cla1Task1>
   348bc:	a8 30 80 02 	load32 gr3 gr2 0 <Cla1Task1>
   348c0:	18 22 00 08 ┌	addi gr2 gr8 1 <Cla1Task1+0x1>
   348c4:	ec 32 00 00 └	store8 gr3 gr8 0 <Cla1Task1>
   348c8:	94 01 00 4e 	lti gr4 2 <Cla1Task1+0x2>
   348cc:	83 ff e3 a5 	jc 34544 <$BB1_55+0x40>
   348d0:	80 00 00 00 	nop
   348d4:	80 00 00 00 	nop
   348d8:	94 30 02 09 	moviglz gr3 20 <.L0 >
   348dc:	18 41 3f f8 ┌	addi gr4 gr4 ffffffff <XintfaRegs+0xdfffffff>
   348e0:	ec 30 80 00 └	store8 gr3 gr2 0 <Cla1Task1>
   348e4:	98 20 80 08 	addi gr2 gr2 1 <Cla1Task1+0x1>
   348e8:	83 ff fe e1 	jmp 348c8 <$BB1_59+0x354>
   348ec:	80 00 00 00 	nop
   348f0:	80 00 00 00 	nop
   348f4:	14 20 00 49 ┌	moviglz gr2 4 <Cla1Task1+0x4>
   348f8:	a8 37 81 c2 └	load32 gr3 gr30 e <_core0_exp_start+0x8>
   348fc:	84 24 42 04 	and gr2 gr17 gr2
   34900:	94 00 80 02 	eqi gr2 0 <Cla1Task1>
   34904:	80 00 12 69 	jnc 34b54 <$BB1_59+0x5e0>
   34908:	80 00 00 00 	nop
   3490c:	80 00 00 00 	nop
   34910:	94 20 00 89 	moviglz gr2 8 <_core0_exp_start+0x2>
   34914:	84 24 42 04 	and gr2 gr17 gr2
   34918:	94 00 80 02 	eqi gr2 0 <Cla1Task1>
   3491c:	80 00 12 89 	jnc 34b70 <$BB1_59+0x5fc>
   34920:	80 00 00 00 	nop
   34924:	80 00 00 00 	nop
   34928:	94 20 00 09 	moviglz gr2 0 <Cla1Task1>
   3492c:	ec 97 81 e2 	store32 gr9 gr30 f <_core0_exp_start+0x9>
   34930:	ec 27 80 82 	store32 gr2 gr30 4 <Cla1Task1+0x4>
   34934:	80 00 12 61 	jmp 34b84 <$BB1_59+0x610>
   34938:	80 00 00 00 	nop
   3493c:	80 00 00 00 	nop
   34940:	a8 67 82 42 	load32 gr6 gr30 12 <_core0_exp_start+0xc>
   34944:	a8 77 81 c2 	load32 gr7 gr30 e <_core0_exp_start+0x8>
   34948:	80 00 00 a1 	jmp 34960 <$BB1_59+0x3ec>
   3494c:	80 00 00 00 	nop
   34950:	80 00 00 00 	nop
   34954:	90 00 c7 03 	lt gr3 gr7
   34958:	90 20 c7 42 	select gr2 gr3 gr7
   3495c:	98 70 bf f8 	addi gr7 gr2 ffffffff <XintfaRegs+0xdfffffff>
   34960:	94 00 c0 0a 	gti gr3 0 <Cla1Task1>
   34964:	94 40 00 09 	moviglz gr4 0 <Cla1Task1>
   34968:	90 21 80 80 	movg2g gr2 gr6
   3496c:	90 40 c4 42 	select gr4 gr3 gr4
   34970:	94 01 00 06 	neqi gr4 0 <Cla1Task1>
   34974:	80 00 01 69 	jnc 349a4 <$BB1_59+0x430>
   34978:	80 00 00 00 	nop
   3497c:	80 00 00 00 	nop
   34980:	18 60 80 08 ┌	addi gr6 gr2 1 <Cla1Task1+0x1>
   34984:	a8 54 c0 00 └	load8 gr5 gr19 0 <Cla1Task1>
   34988:	99 34 c0 08 	addi gr19 gr19 1 <Cla1Task1+0x1>
   3498c:	18 41 3f f8 ┌	addi gr4 gr4 ffffffff <XintfaRegs+0xdfffffff>
   34990:	ec 50 80 00 └	store8 gr5 gr2 0 <Cla1Task1>
   34994:	90 21 80 80 	movg2g gr2 gr6
   34998:	83 ff fe a1 	jmp 34970 <$BB1_59+0x3fc>
   3499c:	80 00 00 00 	nop
   349a0:	80 00 00 00 	nop
   349a4:	a9 37 82 62 	load32 gr19 gr30 13 <_core0_exp_start+0xd>
   349a8:	90 00 c7 04 	ge gr3 gr7
   349ac:	83 ff dc a5 	jc 34544 <$BB1_55+0x40>
   349b0:	80 00 00 00 	nop
   349b4:	80 00 00 00 	nop
   349b8:	98 40 80 08 	addi gr4 gr2 1 <Cla1Task1+0x1>
   349bc:	94 50 02 09 	moviglz gr5 20 <.L0 >
   349c0:	18 71 ff f8 ┌	addi gr7 gr7 ffffffff <XintfaRegs+0xdfffffff>
   349c4:	ec 50 80 00 └	store8 gr5 gr2 0 <Cla1Task1>
   349c8:	90 21 00 80 	movg2g gr2 gr4
   349cc:	83 ff fe c1 	jmp 349a8 <$BB1_59+0x434>
   349d0:	80 00 00 00 	nop
   349d4:	80 00 00 00 	nop
   349d8:	98 31 3f f8 	addi gr3 gr4 ffffffff <XintfaRegs+0xdfffffff>
   349dc:	94 40 45 8d 	moviglx gr4 458 <task8+0xc>
   349e0:	84 41 1e 00 	add gr4 gr4 gr30
   349e4:	ec 31 00 02 	store32 gr3 gr4 0 <Cla1Task1>
   349e8:	83 ff da c1 	jmp 34544 <$BB1_55+0x40>
   349ec:	80 00 00 00 	nop
   349f0:	80 00 00 00 	nop
   349f4:	a9 17 81 82 	load32 gr17 gr30 c <_core0_exp_start+0x6>
   349f8:	a9 27 81 02 	load32 gr18 gr30 8 <_core0_exp_start+0x2>
   349fc:	a9 d7 80 e2 	load32 gr29 gr30 7 <_core0_exp_start+0x1>
   34a00:	a8 77 81 c2 	load32 gr7 gr30 e <_core0_exp_start+0x8>
   34a04:	80 00 00 a1 	jmp 34a1c <$BB1_59+0x4a8>
   34a08:	80 00 00 00 	nop
   34a0c:	80 00 00 00 	nop
   34a10:	90 00 c6 03 	lt gr3 gr6
   34a14:	90 20 c6 42 	select gr2 gr3 gr6
   34a18:	98 70 bf f8 	addi gr7 gr2 ffffffff <XintfaRegs+0xdfffffff>
   34a1c:	94 00 c0 0a 	gti gr3 0 <Cla1Task1>
   34a20:	94 20 00 09 	moviglz gr2 0 <Cla1Task1>
   34a24:	90 40 c2 42 	select gr4 gr3 gr2
   34a28:	90 01 02 01 	neq gr4 gr2
   34a2c:	80 00 01 a9 	jnc 34a64 <$BB1_59+0x4f0>
   34a30:	80 00 00 00 	nop
   34a34:	80 00 00 00 	nop
   34a38:	94 50 4a cd 	moviglx gr5 4ac <$line_table_start0+0x4c>
   34a3c:	84 51 5e 00 	add gr5 gr5 gr30
   34a40:	98 51 40 00 	addi gr5 gr5 0 <Cla1Task1>
   34a44:	84 62 02 00 	add gr6 gr8 gr2
   34a48:	84 51 42 00 	add gr5 gr5 gr2
   34a4c:	18 20 80 08 ┌	addi gr2 gr2 1 <Cla1Task1+0x1>
   34a50:	a8 51 40 00 └	load8 gr5 gr5 0 <Cla1Task1>
   34a54:	ec 51 80 00 	store8 gr5 gr6 0 <Cla1Task1>
   34a58:	83 ff fe 61 	jmp 34a28 <$BB1_59+0x4b4>
   34a5c:	80 00 00 00 	nop
   34a60:	80 00 00 00 	nop
   34a64:	84 22 02 00 	add gr2 gr8 gr2
   34a68:	90 00 c7 04 	ge gr3 gr7
   34a6c:	83 ff d6 a5 	jc 34544 <$BB1_55+0x40>
   34a70:	80 00 00 00 	nop
   34a74:	80 00 00 00 	nop
   34a78:	98 40 80 08 	addi gr4 gr2 1 <Cla1Task1+0x1>
   34a7c:	94 50 02 09 	moviglz gr5 20 <.L0 >
   34a80:	18 71 ff f8 ┌	addi gr7 gr7 ffffffff <XintfaRegs+0xdfffffff>
   34a84:	ec 50 80 00 └	store8 gr5 gr2 0 <Cla1Task1>
   34a88:	90 21 00 80 	movg2g gr2 gr4
   34a8c:	83 ff fe c1 	jmp 34a68 <$BB1_59+0x4f4>
   34a90:	80 00 00 00 	nop
   34a94:	80 00 00 00 	nop
   34a98:	a9 17 81 82 	load32 gr17 gr30 c <_core0_exp_start+0x6>
   34a9c:	a9 27 81 02 	load32 gr18 gr30 8 <_core0_exp_start+0x2>
   34aa0:	a9 d7 80 e2 	load32 gr29 gr30 7 <_core0_exp_start+0x1>
   34aa4:	a8 67 81 c2 	load32 gr6 gr30 e <_core0_exp_start+0x8>
   34aa8:	80 00 00 a1 	jmp 34ac0 <$BB1_59+0x54c>
   34aac:	80 00 00 00 	nop
   34ab0:	80 00 00 00 	nop
   34ab4:	90 05 c5 03 	lt gr23 gr5
   34ab8:	90 25 c5 42 	select gr2 gr23 gr5
   34abc:	98 60 bf f8 	addi gr6 gr2 ffffffff <XintfaRegs+0xdfffffff>
   34ac0:	94 05 c0 0a 	gti gr23 0 <Cla1Task1>
   34ac4:	94 20 00 09 	moviglz gr2 0 <Cla1Task1>
   34ac8:	90 35 c2 42 	select gr3 gr23 gr2
   34acc:	90 00 c2 01 	neq gr3 gr2
   34ad0:	80 00 01 a9 	jnc 34b08 <$BB1_59+0x594>
   34ad4:	80 00 00 00 	nop
   34ad8:	80 00 00 00 	nop
   34adc:	94 40 4a cd 	moviglx gr4 4ac <$line_table_start0+0x4c>
   34ae0:	84 41 1e 00 	add gr4 gr4 gr30
   34ae4:	98 41 00 00 	addi gr4 gr4 0 <Cla1Task1>
   34ae8:	84 52 02 00 	add gr5 gr8 gr2
   34aec:	84 41 02 00 	add gr4 gr4 gr2
   34af0:	18 20 80 08 ┌	addi gr2 gr2 1 <Cla1Task1+0x1>
   34af4:	a8 41 00 00 └	load8 gr4 gr4 0 <Cla1Task1>
   34af8:	ec 41 40 00 	store8 gr4 gr5 0 <Cla1Task1>
   34afc:	83 ff fe 61 	jmp 34acc <$BB1_59+0x558>
   34b00:	80 00 00 00 	nop
   34b04:	80 00 00 00 	nop
   34b08:	84 22 02 00 	add gr2 gr8 gr2
   34b0c:	90 05 c6 04 	ge gr23 gr6
   34b10:	80 00 01 45 	jc 34b3c <$BB1_59+0x5c8>
   34b14:	80 00 00 00 	nop
   34b18:	80 00 00 00 	nop
   34b1c:	98 30 80 08 	addi gr3 gr2 1 <Cla1Task1+0x1>
   34b20:	94 40 02 09 	moviglz gr4 20 <.L0 >
   34b24:	18 61 bf f8 ┌	addi gr6 gr6 ffffffff <XintfaRegs+0xdfffffff>
   34b28:	ec 40 80 00 └	store8 gr4 gr2 0 <Cla1Task1>
   34b2c:	90 20 c0 80 	movg2g gr2 gr3
   34b30:	83 ff fe c1 	jmp 34b0c <$BB1_59+0x598>
   34b34:	80 00 00 00 	nop
   34b38:	80 00 00 00 	nop
   34b3c:	a9 07 81 62 	load32 gr16 gr30 b <_core0_exp_start+0x5>
   34b40:	a9 47 81 42 	load32 gr20 gr30 a <_core0_exp_start+0x4>
   34b44:	a9 77 81 22 	load32 gr23 gr30 9 <_core0_exp_start+0x3>
   34b48:	83 ff cf c1 	jmp 34544 <$BB1_55+0x40>
   34b4c:	80 00 00 00 	nop
   34b50:	80 00 00 00 	nop
   34b54:	98 30 ff f8 	addi gr3 gr3 ffffffff <XintfaRegs+0xdfffffff>
   34b58:	14 20 02 b9 ┌	moviglz gr2 2b <.L0 +0xb>
   34b5c:	ec 37 81 c2 └	store32 gr3 gr30 e <_core0_exp_start+0x8>
   34b60:	ec 27 80 82 	store32 gr2 gr30 4 <Cla1Task1+0x4>
   34b64:	80 00 00 a1 	jmp 34b7c <$BB1_59+0x608>
   34b68:	80 00 00 00 	nop
   34b6c:	80 00 00 00 	nop
   34b70:	18 30 ff f8 ┌	addi gr3 gr3 ffffffff <XintfaRegs+0xdfffffff>
   34b74:	ec 87 80 82 └	store32 gr8 gr30 4 <Cla1Task1+0x4>
   34b78:	ec 37 81 c2 	store32 gr3 gr30 e <_core0_exp_start+0x8>
   34b7c:	94 20 00 09 	moviglz gr2 0 <Cla1Task1>
   34b80:	ec 27 81 e2 	store32 gr2 gr30 f <_core0_exp_start+0x9>
   34b84:	94 30 4a cd 	moviglx gr3 4ac <$line_table_start0+0x4c>
   34b88:	94 01 40 0e 	lti gr5 0 <Cla1Task1>
   34b8c:	94 20 00 69 	moviglz gr2 6 <_core0_exp_start>
   34b90:	91 30 85 42 	select gr19 gr2 gr5
   34b94:	84 30 de 00 	add gr3 gr3 gr30
   34b98:	94 20 50 0d 	moviglx gr2 500 <.L0 +0x28>
   34b9c:	99 40 c0 00 	addi gr20 gr3 0 <Cla1Task1>
   34ba0:	95 50 00 09 	moviglz gr21 0 <Cla1Task1>
   34ba4:	ed 57 80 22 	store32 gr21 gr30 1 <Cla1Task1+0x1>
   34ba8:	04 20 9e 00 ┌	add gr2 gr2 gr30
   34bac:	ed 47 80 02 └	store32 gr20 gr30 0 <Cla1Task1>
   34bb0:	98 60 80 00 	addi gr6 gr2 0 <Cla1Task1>
   34bb4:	94 20 4f cd 	moviglx gr2 4fc <.L0 +0x24>
   34bb8:	90 54 c0 80 	movg2g gr5 gr19
   34bbc:	84 20 9e 00 	add gr2 gr2 gr30
   34bc0:	98 70 80 00 	addi gr7 gr2 0 <Cla1Task1>
   34bc4:	80 00 51 4d 	call 355f0 <cvt>
   34bc8:	80 00 00 00 	nop
   34bcc:	80 00 00 00 	nop
   34bd0:	94 20 4f cd 	moviglx gr2 4fc <.L0 +0x24>
   34bd4:	84 20 9e 00 	add gr2 gr2 gr30
   34bd8:	a8 20 80 02 	load32 gr2 gr2 0 <Cla1Task1>
   34bdc:	94 00 80 02 	eqi gr2 0 <Cla1Task1>
   34be0:	80 00 01 25 	jc 34c08 <$BB1_59+0x694>
   34be4:	80 00 00 00 	nop
   34be8:	80 00 00 00 	nop
   34bec:	94 20 45 cd 	moviglx gr2 45c <task8+0x10>
   34bf0:	84 20 9e 00 	add gr2 gr2 gr30
   34bf4:	ed 00 80 00 	store8 gr16 gr2 0 <Cla1Task1>
   34bf8:	a8 27 80 62 	load32 gr2 gr30 3 <Cla1Task1+0x3>
   34bfc:	80 00 00 a1 	jmp 34c14 <$BB1_59+0x6a0>
   34c00:	80 00 00 00 	nop
   34c04:	80 00 00 00 	nop
   34c08:	94 20 45 cd 	moviglx gr2 45c <task8+0x10>
   34c0c:	84 20 9e 00 	add gr2 gr2 gr30
   34c10:	98 20 80 00 	addi gr2 gr2 0 <Cla1Task1>
   34c14:	94 30 4a cd 	moviglx gr3 4ac <$line_table_start0+0x4c>
   34c18:	84 30 de 00 	add gr3 gr3 gr30
   34c1c:	10 64 40 80 ┌	movg2g gr6 gr17
   34c20:	a8 30 c0 00 └	load8 gr3 gr3 0 <Cla1Task1>
   34c24:	14 00 c0 02 ┌	eqi gr3 0 <Cla1Task1>
   34c28:	ed 77 80 c2 └	store32 gr23 gr30 6 <_core0_exp_start>
   34c2c:	80 00 04 e5 	jc 34ccc <$BB1_59+0x758>
   34c30:	80 00 00 00 	nop
   34c34:	80 00 00 00 	nop
   34c38:	94 40 50 0d 	moviglx gr4 500 <.L0 +0x28>
   34c3c:	a9 17 81 82 	load32 gr17 gr30 c <_core0_exp_start+0x6>
   34c40:	84 41 1e 00 	add gr4 gr4 gr30
   34c44:	a8 41 00 02 	load32 gr4 gr4 0 <Cla1Task1>
   34c48:	94 01 00 2e 	lti gr4 1 <Cla1Task1+0x1>
   34c4c:	80 00 07 05 	jc 34d30 <$BB1_59+0x7bc>
   34c50:	80 00 00 00 	nop
   34c54:	80 00 00 00 	nop
   34c58:	94 40 00 19 	moviglz gr4 1 <Cla1Task1+0x1>
   34c5c:	a8 57 82 62 	load32 gr5 gr30 13 <_core0_exp_start+0xd>
   34c60:	84 41 05 04 	and gr4 gr4 gr5
   34c64:	94 01 00 02 	eqi gr4 0 <Cla1Task1>
   34c68:	80 00 0a 85 	jc 34dbc <$BB1_59+0x848>
   34c6c:	80 00 00 00 	nop
   34c70:	80 00 00 00 	nop
   34c74:	94 40 50 0d 	moviglx gr4 500 <.L0 +0x28>
   34c78:	84 41 1e 00 	add gr4 gr4 gr30
   34c7c:	a8 41 00 02 	load32 gr4 gr4 0 <Cla1Task1>
   34c80:	90 05 44 01 	neq gr21 gr4
   34c84:	80 00 01 05 	jc 34ca8 <$BB1_59+0x734>
   34c88:	80 00 00 00 	nop
   34c8c:	80 00 00 00 	nop
   34c90:	04 35 15 00 ┌	add gr3 gr20 gr21
   34c94:	a8 57 82 02 └	load32 gr5 gr30 10 <_core0_exp_start+0xa>
   34c98:	18 40 80 08 ┌	addi gr4 gr2 1 <Cla1Task1+0x1>
   34c9c:	a8 30 c0 00 └	load8 gr3 gr3 0 <Cla1Task1>
   34ca0:	ec 50 80 00 	store8 gr5 gr2 0 <Cla1Task1>
   34ca4:	90 21 00 80 	movg2g gr2 gr4
   34ca8:	84 45 15 00 	add gr4 gr20 gr21
   34cac:	ec 30 80 00 	store8 gr3 gr2 0 <Cla1Task1>
   34cb0:	18 20 80 08 ┌	addi gr2 gr2 1 <Cla1Task1+0x1>
   34cb4:	a8 31 00 20 └	load8 gr3 gr4 1 <Cla1Task1+0x1>
   34cb8:	99 55 40 08 	addi gr21 gr21 1 <Cla1Task1+0x1>
   34cbc:	90 40 c0 80 	movg2g gr4 gr3
   34cc0:	83 ff fc c1 	jmp 34c5c <$BB1_59+0x6e8>
   34cc4:	80 00 00 00 	nop
   34cc8:	80 00 00 00 	nop
   34ccc:	94 04 c0 2e 	lti gr19 1 <Cla1Task1+0x1>
   34cd0:	a8 37 82 22 	load32 gr3 gr30 11 <_core0_exp_start+0xb>
   34cd4:	a9 17 81 82 	load32 gr17 gr30 c <_core0_exp_start+0x6>
   34cd8:	ec 30 80 00 	store8 gr3 gr2 0 <Cla1Task1>
   34cdc:	80 00 06 c5 	jc 34db8 <$BB1_59+0x844>
   34ce0:	80 00 00 00 	nop
   34ce4:	80 00 00 00 	nop
   34ce8:	98 40 80 10 	addi gr4 gr2 2 <Cla1Task1+0x2>
   34cec:	a8 37 82 02 	load32 gr3 gr30 10 <_core0_exp_start+0xa>
   34cf0:	ec 30 80 20 	store8 gr3 gr2 1 <Cla1Task1+0x1>
   34cf4:	90 34 c0 80 	movg2g gr3 gr19
   34cf8:	10 21 00 80 ┌	movg2g gr2 gr4
   34cfc:	a9 47 81 e2 └	load32 gr20 gr30 f <_core0_exp_start+0x9>
   34d00:	94 00 c0 02 	eqi gr3 0 <Cla1Task1>
   34d04:	80 00 05 c5 	jc 34dc0 <$BB1_59+0x84c>
   34d08:	80 00 00 00 	nop
   34d0c:	80 00 00 00 	nop
   34d10:	18 40 80 08 ┌	addi gr4 gr2 1 <Cla1Task1+0x1>
   34d14:	a8 57 82 22 └	load32 gr5 gr30 11 <_core0_exp_start+0xb>
   34d18:	18 30 ff f8 ┌	addi gr3 gr3 ffffffff <XintfaRegs+0xdfffffff>
   34d1c:	ec 50 80 00 └	store8 gr5 gr2 0 <Cla1Task1>
   34d20:	90 21 00 80 	movg2g gr2 gr4
   34d24:	83 ff fe c1 	jmp 34d00 <$BB1_59+0x78c>
   34d28:	80 00 00 00 	nop
   34d2c:	80 00 00 00 	nop
   34d30:	a8 37 82 22 	load32 gr3 gr30 11 <_core0_exp_start+0xb>
   34d34:	a8 57 82 02 	load32 gr5 gr30 10 <_core0_exp_start+0xa>
   34d38:	ec 30 80 00 	store8 gr3 gr2 0 <Cla1Task1>
   34d3c:	18 30 80 10 ┌	addi gr3 gr2 2 <Cla1Task1+0x2>
   34d40:	ec 50 80 20 └	store8 gr5 gr2 1 <Cla1Task1+0x1>
   34d44:	94 20 00 09 	moviglz gr2 0 <Cla1Task1>
   34d48:	90 40 00 41 	neg gr4
   34d4c:	90 00 84 03 	lt gr2 gr4
   34d50:	80 00 01 89 	jnc 34d84 <$BB1_59+0x810>
   34d54:	80 00 00 00 	nop
   34d58:	80 00 00 00 	nop
   34d5c:	84 50 c2 00 	add gr5 gr3 gr2
   34d60:	a8 77 82 22 	load32 gr7 gr30 11 <_core0_exp_start+0xb>
   34d64:	94 40 50 0d 	moviglx gr4 500 <.L0 +0x28>
   34d68:	84 41 1e 00 	add gr4 gr4 gr30
   34d6c:	18 20 80 08 ┌	addi gr2 gr2 1 <Cla1Task1+0x1>
   34d70:	a8 41 00 02 └	load32 gr4 gr4 0 <Cla1Task1>
   34d74:	ec 71 40 00 	store8 gr7 gr5 0 <Cla1Task1>
   34d78:	83 ff fe 61 	jmp 34d48 <$BB1_59+0x7d4>
   34d7c:	80 00 00 00 	nop
   34d80:	80 00 00 00 	nop
   34d84:	84 20 c2 00 	add gr2 gr3 gr2
   34d88:	a8 35 00 00 	load8 gr3 gr20 0 <Cla1Task1>
   34d8c:	94 00 c0 02 	eqi gr3 0 <Cla1Task1>
   34d90:	80 00 01 45 	jc 34dbc <$BB1_59+0x848>
   34d94:	80 00 00 00 	nop
   34d98:	80 00 00 00 	nop
   34d9c:	98 40 80 08 	addi gr4 gr2 1 <Cla1Task1+0x1>
   34da0:	ec 30 80 00 	store8 gr3 gr2 0 <Cla1Task1>
   34da4:	99 45 00 08 	addi gr20 gr20 1 <Cla1Task1+0x1>
   34da8:	90 21 00 80 	movg2g gr2 gr4
   34dac:	83 ff fe c1 	jmp 34d88 <$BB1_59+0x814>
   34db0:	80 00 00 00 	nop
   34db4:	80 00 00 00 	nop
   34db8:	98 20 80 08 	addi gr2 gr2 1 <Cla1Task1+0x1>
   34dbc:	a9 47 81 e2 	load32 gr20 gr30 f <_core0_exp_start+0x9>
   34dc0:	95 50 02 09 	moviglz gr21 20 <.L0 >
   34dc4:	91 01 80 80 	movg2g gr16 gr6
   34dc8:	95 70 00 09 	moviglz gr23 0 <Cla1Task1>
   34dcc:	04 31 95 04 ┌	and gr3 gr6 gr21
   34dd0:	ed 70 80 00 └	store8 gr23 gr2 0 <Cla1Task1>
   34dd4:	94 00 c0 02 	eqi gr3 0 <Cla1Task1>
   34dd8:	80 00 06 e5 	jc 34eb8 <$BB1_59+0x944>
   34ddc:	80 00 00 00 	nop
   34de0:	80 00 00 00 	nop
   34de4:	94 04 c0 06 	neqi gr19 0 <Cla1Task1>
   34de8:	80 00 06 65 	jc 34eb8 <$BB1_59+0x944>
   34dec:	80 00 00 00 	nop
   34df0:	80 00 00 00 	nop
   34df4:	94 20 45 cd 	moviglx gr2 45c <task8+0x10>
   34df8:	84 20 9e 00 	add gr2 gr2 gr30
   34dfc:	99 30 80 00 	addi gr19 gr2 0 <Cla1Task1>
   34e00:	a8 24 c0 00 	load8 gr2 gr19 0 <Cla1Task1>
   34e04:	94 00 80 02 	eqi gr2 0 <Cla1Task1>
   34e08:	80 00 04 e5 	jc 34ea8 <$BB1_59+0x934>
   34e0c:	80 00 00 00 	nop
   34e10:	80 00 00 00 	nop
   34e14:	94 00 85 c2 	eqi gr2 2e <.L0 +0xe>
   34e18:	80 00 04 e5 	jc 34eb8 <$BB1_59+0x944>
   34e1c:	80 00 00 00 	nop
   34e20:	80 00 00 00 	nop
   34e24:	94 00 88 a2 	eqi gr2 45 <.L0 +0x11>
   34e28:	80 00 01 45 	jc 34e54 <$BB1_59+0x8e0>
   34e2c:	80 00 00 00 	nop
   34e30:	80 00 00 00 	nop
   34e34:	94 00 8c a2 	eqi gr2 65 <.L0 +0x5>
   34e38:	80 00 00 c5 	jc 34e54 <$BB1_59+0x8e0>
   34e3c:	80 00 00 00 	nop
   34e40:	80 00 00 00 	nop
   34e44:	99 34 c0 08 	addi gr19 gr19 1 <Cla1Task1+0x1>
   34e48:	83 ff fd a1 	jmp 34e00 <$BB1_59+0x88c>
   34e4c:	80 00 00 00 	nop
   34e50:	80 00 00 00 	nop
   34e54:	94 50 10 09 	moviglz gr5 100 <.L0 +0x2b>
   34e58:	90 44 c0 80 	movg2g gr4 gr19
   34e5c:	80 00 18 8d 	call 35170 <strnlen>
   34e60:	80 00 00 00 	nop
   34e64:	80 00 00 00 	nop
   34e68:	94 00 80 2e 	lti gr2 1 <Cla1Task1+0x1>
   34e6c:	80 00 01 25 	jc 34e94 <$BB1_59+0x920>
   34e70:	80 00 00 00 	nop
   34e74:	80 00 00 00 	nop
   34e78:	84 34 c2 00 	add gr3 gr19 gr2
   34e7c:	18 20 bf f8 ┌	addi gr2 gr2 ffffffff <XintfaRegs+0xdfffffff>
   34e80:	a8 40 c0 00 └	load8 gr4 gr3 0 <Cla1Task1>
   34e84:	ec 40 c0 20 	store8 gr4 gr3 1 <Cla1Task1+0x1>
   34e88:	83 ff fe e1 	jmp 34e68 <$BB1_59+0x8f4>
   34e8c:	80 00 00 00 	nop
   34e90:	80 00 00 00 	nop
   34e94:	a8 27 82 02 	load32 gr2 gr30 10 <_core0_exp_start+0xa>
   34e98:	ec 24 c0 00 	store8 gr2 gr19 0 <Cla1Task1>
   34e9c:	80 00 00 c1 	jmp 34eb8 <$BB1_59+0x944>
   34ea0:	80 00 00 00 	nop
   34ea4:	80 00 00 00 	nop
   34ea8:	a8 27 82 02 	load32 gr2 gr30 10 <_core0_exp_start+0xa>
   34eac:	ec 24 c0 00 	store8 gr2 gr19 0 <Cla1Task1>
   34eb0:	94 20 00 09 	moviglz gr2 0 <Cla1Task1>
   34eb4:	ec 24 c0 20 	store8 gr2 gr19 1 <Cla1Task1+0x1>
   34eb8:	94 20 45 cd 	moviglx gr2 45c <task8+0x10>
   34ebc:	94 50 10 09 	moviglz gr5 100 <.L0 +0x2b>
   34ec0:	84 20 9e 00 	add gr2 gr2 gr30
   34ec4:	99 30 80 00 	addi gr19 gr2 0 <Cla1Task1>
   34ec8:	90 44 c0 80 	movg2g gr4 gr19
   34ecc:	80 00 15 0d 	call 35170 <strnlen>
   34ed0:	80 00 00 00 	nop
   34ed4:	80 00 00 00 	nop
   34ed8:	94 30 01 19 	moviglz gr3 11 <_core0_exp_start+0xb>
   34edc:	84 34 03 04 	and gr3 gr16 gr3
   34ee0:	94 00 c0 06 	neqi gr3 0 <Cla1Task1>
   34ee4:	a8 37 81 c2 	load32 gr3 gr30 e <_core0_exp_start+0x8>
   34ee8:	84 30 c2 02 	sub gr3 gr3 gr2
   34eec:	80 00 00 c9 	jnc 34f08 <$BB1_59+0x994>
   34ef0:	80 00 00 00 	nop
   34ef4:	80 00 00 00 	nop
   34ef8:	a8 67 82 42 	load32 gr6 gr30 12 <_core0_exp_start+0xc>
   34efc:	80 00 02 41 	jmp 34f48 <$BB1_59+0x9d4>
   34f00:	80 00 00 00 	nop
   34f04:	80 00 00 00 	nop
   34f08:	90 40 c0 80 	movg2g gr4 gr3
   34f0c:	a8 67 82 42 	load32 gr6 gr30 12 <_core0_exp_start+0xc>
   34f10:	94 01 00 2e 	lti gr4 1 <Cla1Task1+0x1>
   34f14:	80 00 01 25 	jc 34f3c <$BB1_59+0x9c8>
   34f18:	80 00 00 00 	nop
   34f1c:	80 00 00 00 	nop
   34f20:	18 51 80 08 ┌	addi gr5 gr6 1 <Cla1Task1+0x1>
   34f24:	ed 51 80 00 └	store8 gr21 gr6 0 <Cla1Task1>
   34f28:	98 41 3f f8 	addi gr4 gr4 ffffffff <XintfaRegs+0xdfffffff>
   34f2c:	90 61 40 80 	movg2g gr6 gr5
   34f30:	83 ff fe e1 	jmp 34f10 <$BB1_59+0x99c>
   34f34:	80 00 00 00 	nop
   34f38:	80 00 00 00 	nop
   34f3c:	98 40 df 0a 	srai gr4 gr3 1f <_core0_exp_start+0x19>
   34f40:	84 31 03 04 	and gr3 gr4 gr3
   34f44:	98 30 ff f8 	addi gr3 gr3 ffffffff <XintfaRegs+0xdfffffff>
   34f48:	94 05 00 06 	neqi gr20 0 <Cla1Task1>
   34f4c:	80 00 00 c5 	jc 34f68 <$BB1_59+0x9f4>
   34f50:	80 00 00 00 	nop
   34f54:	80 00 00 00 	nop
   34f58:	98 41 80 08 	addi gr4 gr6 1 <Cla1Task1+0x1>
   34f5c:	a8 57 80 82 	load32 gr5 gr30 4 <Cla1Task1+0x4>
   34f60:	ec 51 80 00 	store8 gr5 gr6 0 <Cla1Task1>
   34f64:	90 61 00 80 	movg2g gr6 gr4
   34f68:	a8 47 80 c2 	load32 gr4 gr30 6 <_core0_exp_start>
   34f6c:	84 44 04 04 	and gr4 gr16 gr4
   34f70:	94 01 00 06 	neqi gr4 0 <Cla1Task1>
   34f74:	80 00 02 45 	jc 34fc0 <$BB1_59+0xa4c>
   34f78:	80 00 00 00 	nop
   34f7c:	80 00 00 00 	nop
   34f80:	10 40 c0 80 ┌	movg2g gr4 gr3
   34f84:	a8 77 80 a2 └	load32 gr7 gr30 5 <Cla1Task1+0x5>
   34f88:	94 01 00 2e 	lti gr4 1 <Cla1Task1+0x1>
   34f8c:	80 00 01 25 	jc 34fb4 <$BB1_59+0xa40>
   34f90:	80 00 00 00 	nop
   34f94:	80 00 00 00 	nop
   34f98:	98 51 80 08 	addi gr5 gr6 1 <Cla1Task1+0x1>
   34f9c:	ec 71 80 00 	store8 gr7 gr6 0 <Cla1Task1>
   34fa0:	98 41 3f f8 	addi gr4 gr4 ffffffff <XintfaRegs+0xdfffffff>
   34fa4:	90 61 40 80 	movg2g gr6 gr5
   34fa8:	83 ff fe e1 	jmp 34f88 <$BB1_59+0xa14>
   34fac:	80 00 00 00 	nop
   34fb0:	80 00 00 00 	nop
   34fb4:	98 40 df 0a 	srai gr4 gr3 1f <_core0_exp_start+0x19>
   34fb8:	84 31 03 04 	and gr3 gr4 gr3
   34fbc:	98 30 ff f8 	addi gr3 gr3 ffffffff <XintfaRegs+0xdfffffff>
   34fc0:	94 00 80 0a 	gti gr2 0 <Cla1Task1>
   34fc4:	90 20 97 42 	select gr2 gr2 gr23
   34fc8:	90 00 97 01 	neq gr2 gr23
   34fcc:	80 00 01 49 	jnc 34ff8 <$BB1_59+0xa84>
   34fd0:	80 00 00 00 	nop
   34fd4:	80 00 00 00 	nop
   34fd8:	84 44 d7 00 	add gr4 gr19 gr23
   34fdc:	84 51 97 00 	add gr5 gr6 gr23
   34fe0:	19 75 c0 08 ┌	addi gr23 gr23 1 <Cla1Task1+0x1>
   34fe4:	a8 41 00 00 └	load8 gr4 gr4 0 <Cla1Task1>
   34fe8:	ec 41 40 00 	store8 gr4 gr5 0 <Cla1Task1>
   34fec:	83 ff fe c1 	jmp 34fc8 <$BB1_59+0xa54>
   34ff0:	80 00 00 00 	nop
   34ff4:	80 00 00 00 	nop
   34ff8:	84 21 97 00 	add gr2 gr6 gr23
   34ffc:	a9 07 81 62 	load32 gr16 gr30 b <_core0_exp_start+0x5>
   35000:	a9 47 81 42 	load32 gr20 gr30 a <_core0_exp_start+0x4>
   35004:	a9 37 82 62 	load32 gr19 gr30 13 <_core0_exp_start+0xd>
   35008:	a9 77 81 22 	load32 gr23 gr30 9 <_core0_exp_start+0x3>
   3500c:	94 00 c0 2e 	lti gr3 1 <Cla1Task1+0x1>
   35010:	83 ff a9 85 	jc 34544 <$BB1_55+0x40>
   35014:	80 00 00 00 	nop
   35018:	80 00 00 00 	nop
   3501c:	98 40 80 08 	addi gr4 gr2 1 <Cla1Task1+0x1>
   35020:	ed 50 80 00 	store8 gr21 gr2 0 <Cla1Task1>
   35024:	98 30 ff f8 	addi gr3 gr3 ffffffff <XintfaRegs+0xdfffffff>
   35028:	90 21 00 80 	movg2g gr2 gr4
   3502c:	83 ff fe e1 	jmp 3500c <$BB1_59+0xa98>
   35030:	80 00 00 00 	nop
   35034:	80 00 00 00 	nop
   35038:	95 00 00 09 	moviglz gr16 0 <Cla1Task1>
   3503c:	19 17 82 a0 ┌	addi gr17 gr30 54 <.L0 >
   35040:	ed 02 00 00 └	store8 gr16 gr8 0 <Cla1Task1>
   35044:	84 24 50 00 	add gr2 gr17 gr16
   35048:	a8 20 80 00 	load8 gr2 gr2 0 <Cla1Task1>
   3504c:	90 40 80 46 	cbw gr4 gr2
   35050:	94 01 00 02 	eqi gr4 0 <Cla1Task1>
   35054:	80 00 01 25 	jc 3507c <$BB1_59+0xb08>
   35058:	80 00 00 00 	nop
   3505c:	80 00 00 00 	nop
   35060:	83 fe 98 6d 	call 32370 <putchar>
   35064:	80 00 00 00 	nop
   35068:	80 00 00 00 	nop
   3506c:	99 04 00 08 	addi gr16 gr16 1 <Cla1Task1+0x1>
   35070:	83 ff fe 81 	jmp 35044 <$BB1_59+0xad0>
   35074:	80 00 00 00 	nop
   35078:	80 00 00 00 	nop
   3507c:	94 30 50 4d 	moviglx gr3 504 <.L0 +0x2c>
   35080:	90 24 00 80 	movg2g gr2 gr16
   35084:	84 30 de 00 	add gr3 gr3 gr30
   35088:	a9 00 c0 02 	load32 gr16 gr3 0 <Cla1Task1>
   3508c:	94 30 50 8d 	moviglx gr3 508 <.L0 +0x30>
   35090:	84 30 de 00 	add gr3 gr3 gr30
   35094:	a9 10 c0 02 	load32 gr17 gr3 0 <Cla1Task1>
   35098:	94 30 50 cd 	moviglx gr3 50c <.L0 +0x34>
   3509c:	84 30 de 00 	add gr3 gr3 gr30
   350a0:	a9 20 c0 02 	load32 gr18 gr3 0 <Cla1Task1>
   350a4:	94 30 51 0d 	moviglx gr3 510 <.L0 +0x38>
   350a8:	84 30 de 00 	add gr3 gr3 gr30
   350ac:	a9 30 c0 02 	load32 gr19 gr3 0 <Cla1Task1>
   350b0:	94 30 51 4d 	moviglx gr3 514 <.L0 +0x3c>
   350b4:	84 30 de 00 	add gr3 gr3 gr30
   350b8:	a9 40 c0 02 	load32 gr20 gr3 0 <Cla1Task1>
   350bc:	94 30 51 8d 	moviglx gr3 518 <.L0 +0x40>
   350c0:	84 30 de 00 	add gr3 gr3 gr30
   350c4:	a9 50 c0 02 	load32 gr21 gr3 0 <Cla1Task1>
   350c8:	94 30 51 cd 	moviglx gr3 51c <.L0 +0x44>
   350cc:	84 30 de 00 	add gr3 gr3 gr30
   350d0:	a9 60 c0 02 	load32 gr22 gr3 0 <Cla1Task1>
   350d4:	94 30 52 0d 	moviglx gr3 520 <.L0 +0x48>
   350d8:	84 30 de 00 	add gr3 gr3 gr30
   350dc:	a9 70 c0 02 	load32 gr23 gr3 0 <Cla1Task1>
   350e0:	94 30 52 4d 	moviglx gr3 524 <.L0 +0x4c>
   350e4:	84 30 de 00 	add gr3 gr3 gr30
   350e8:	a9 d0 c0 02 	load32 gr29 gr3 0 <Cla1Task1>
   350ec:	94 30 52 8d 	moviglx gr3 528 <.L0 +0x50>
   350f0:	84 30 de 00 	add gr3 gr3 gr30
   350f4:	14 10 00 01 ┌	movigh gr1 0 <Cla1Task1>
   350f8:	a9 f0 c0 02 └	load32 gr31 gr3 0 <Cla1Task1>
   350fc:	94 10 53 05 	movigl gr1 530 <.L0 +0x58>
   35100:	85 e7 81 00 	add gr30 gr30 gr1
   35104:	80 00 00 04 	ret
   35108:	80 00 00 00 	nop
   3510c:	80 00 00 00 	nop

00035110 <skip_atoi>:
   35110:	14 20 00 09 ┌	moviglz gr2 0 <Cla1Task1>
   35114:	a8 61 00 02 └	load32 gr6 gr4 0 <Cla1Task1>
   35118:	94 30 0f f9 	moviglz gr3 ff <.L0 +0x2a>
   3511c:	94 50 00 a9 	moviglz gr5 a <_core0_exp_start+0x4>
   35120:	a8 71 80 00 	load8 gr7 gr6 0 <Cla1Task1>
   35124:	98 71 fe 80 	addi gr7 gr7 ffffffd0 <XintfaRegs+0xdfffffd0>
   35128:	84 71 c3 04 	and gr7 gr7 gr3
   3512c:	94 01 c1 33 	gtiu gr7 9 <_core0_exp_start+0x3>
   35130:	80 00 01 85 	jc 35164 <skip_atoi+0x54>
   35134:	80 00 00 00 	nop
   35138:	80 00 00 00 	nop
   3513c:	98 71 80 08 	addi gr7 gr6 1 <Cla1Task1+0x1>
   35140:	ec 71 00 02 	store32 gr7 gr4 0 <Cla1Task1>
   35144:	a8 81 80 00 	load8 gr8 gr6 0 <Cla1Task1>
   35148:	90 61 c0 80 	movg2g gr6 gr7
   3514c:	90 72 00 46 	cbw gr7 gr8
   35150:	84 70 85 85 	mac32 gr7 gr2 gr5
   35154:	98 21 fe 80 	addi gr2 gr7 ffffffd0 <XintfaRegs+0xdfffffd0>
   35158:	83 ff fe 21 	jmp 35120 <skip_atoi+0x10>
   3515c:	80 00 00 00 	nop
   35160:	80 00 00 00 	nop
   35164:	80 00 00 04 	ret
   35168:	80 00 00 00 	nop
   3516c:	80 00 00 00 	nop

00035170 <strnlen>:
   35170:	94 20 00 09 	moviglz gr2 0 <Cla1Task1>
   35174:	84 31 02 00 	add gr3 gr4 gr2
   35178:	a8 30 c0 00 	load8 gr3 gr3 0 <Cla1Task1>
   3517c:	94 00 c0 02 	eqi gr3 0 <Cla1Task1>
   35180:	80 00 01 45 	jc 351ac <strnlen+0x3c>
   35184:	80 00 00 00 	nop
   35188:	80 00 00 00 	nop
   3518c:	90 01 42 00 	eq gr5 gr2
   35190:	80 00 00 c5 	jc 351ac <strnlen+0x3c>
   35194:	80 00 00 00 	nop
   35198:	80 00 00 00 	nop
   3519c:	98 20 80 08 	addi gr2 gr2 1 <Cla1Task1+0x1>
   351a0:	83 ff fe 81 	jmp 35174 <strnlen+0x4>
   351a4:	80 00 00 00 	nop
   351a8:	80 00 00 00 	nop
   351ac:	80 00 00 04 	ret
   351b0:	80 00 00 00 	nop
   351b4:	80 00 00 00 	nop
   351b8:	80 00 00 00 	nop
   351bc:	80 00 00 00 	nop

000351c0 <number>:
   351c0:	99 e7 bb 80 	addi gr30 gr30 ffffff70 <XintfaRegs+0xdfffff70>
   351c4:	ed f7 84 62 	store32 gr31 gr30 23 <.L0 +0x3>
   351c8:	ed d7 84 42 	store32 gr29 gr30 22 <.L0 +0x2>
   351cc:	ed 77 84 22 	store32 gr23 gr30 21 <.L0 +0x1>
   351d0:	ed 67 84 02 	store32 gr22 gr30 20 <.L0 >
   351d4:	ed 57 83 e2 	store32 gr21 gr30 1f <_core0_exp_start+0x19>
   351d8:	ed 47 83 c2 	store32 gr20 gr30 1e <_core0_exp_start+0x18>
   351dc:	ed 37 83 a2 	store32 gr19 gr30 1d <_core0_exp_start+0x17>
   351e0:	ed 27 83 82 	store32 gr18 gr30 1c <_core0_exp_start+0x16>
   351e4:	ed 17 83 62 	store32 gr17 gr30 1b <_core0_exp_start+0x15>
   351e8:	ed 07 83 42 	store32 gr16 gr30 1a <_core0_exp_start+0x14>
   351ec:	14 20 04 09 ┌	moviglz gr2 40 <.L0 +0xc>
   351f0:	a8 37 84 a2 └	load32 gr3 gr30 25 <.L0 +0x5>
   351f4:	94 80 00 11 	movigh gr8 1 <Cla1Task1+0x1>
   351f8:	94 80 0c c5 	movigl gr8 cc <.L0 +0xa>
   351fc:	94 d0 01 09 	moviglz gr13 10 <_core0_exp_start+0xa>
   35200:	94 90 00 11 	movigh gr9 1 <Cla1Task1+0x1>
   35204:	94 90 0a 75 	movigl gr9 a7 <.L0 +0x3>
   35208:	94 e0 00 19 	moviglz gr14 1 <Cla1Task1+0x1>
   3520c:	94 a0 00 29 	moviglz gr10 2 <Cla1Task1+0x2>
   35210:	95 40 03 09 	moviglz gr20 30 <.L0 +0x10>
   35214:	84 20 c2 04 	and gr2 gr3 gr2
   35218:	90 b0 c0 80 	movg2g gr11 gr3
   3521c:	84 c0 cd 04 	and gr12 gr3 gr13
   35220:	94 00 80 02 	eqi gr2 0 <Cla1Task1>
   35224:	94 b0 00 07 	bclr gr11 0 <Cla1Task1>
   35228:	94 20 02 09 	moviglz gr2 20 <.L0 >
   3522c:	91 d2 48 42 	select gr29 gr9 gr8
   35230:	94 03 00 02 	eqi gr12 0 <Cla1Task1>
   35234:	90 90 cb 42 	select gr9 gr3 gr11
   35238:	84 32 4e 04 	and gr3 gr9 gr14
   3523c:	84 82 4a 04 	and gr8 gr9 gr10
   35240:	94 00 c0 02 	eqi gr3 0 <Cla1Task1>
   35244:	91 60 94 42 	select gr22 gr2 gr20
   35248:	94 02 00 02 	eqi gr8 0 <Cla1Task1>
   3524c:	91 11 80 80 	movg2g gr17 gr6
   35250:	91 31 40 80 	movg2g gr19 gr5
   35254:	91 01 00 80 	movg2g gr16 gr4
   35258:	94 80 00 09 	moviglz gr8 0 <Cla1Task1>
   3525c:	80 00 04 25 	jc 352e4 <number+0x124>
   35260:	80 00 00 00 	nop
   35264:	80 00 00 00 	nop
   35268:	94 04 ff ea 	gti gr19 ffffffff <XintfaRegs+0xdfffffff>
   3526c:	80 00 02 89 	jnc 352c0 <number+0x100>
   35270:	80 00 00 00 	nop
   35274:	80 00 00 00 	nop
   35278:	94 30 00 49 	moviglz gr3 4 <Cla1Task1+0x4>
   3527c:	84 32 43 04 	and gr3 gr9 gr3
   35280:	94 00 c0 02 	eqi gr3 0 <Cla1Task1>
   35284:	80 00 02 89 	jnc 352d8 <number+0x118>
   35288:	80 00 00 00 	nop
   3528c:	80 00 00 00 	nop
   35290:	94 30 00 89 	moviglz gr3 8 <_core0_exp_start+0x2>
   35294:	84 32 43 04 	and gr3 gr9 gr3
   35298:	94 00 c0 02 	eqi gr3 0 <Cla1Task1>
   3529c:	80 00 02 25 	jc 352e4 <number+0x124>
   352a0:	80 00 00 00 	nop
   352a4:	80 00 00 00 	nop
   352a8:	98 71 ff f8 	addi gr7 gr7 ffffffff <XintfaRegs+0xdfffffff>
   352ac:	94 e0 00 09 	moviglz gr14 0 <Cla1Task1>
   352b0:	90 80 80 80 	movg2g gr8 gr2
   352b4:	80 00 01 61 	jmp 352e4 <number+0x124>
   352b8:	80 00 00 00 	nop
   352bc:	80 00 00 00 	nop
   352c0:	91 30 00 41 	neg gr19
   352c4:	98 71 ff f8 	addi gr7 gr7 ffffffff <XintfaRegs+0xdfffffff>
   352c8:	94 80 02 d9 	moviglz gr8 2d <.L0 +0xd>
   352cc:	80 00 00 81 	jmp 352e0 <number+0x120>
   352d0:	80 00 00 00 	nop
   352d4:	80 00 00 00 	nop
   352d8:	98 71 ff f8 	addi gr7 gr7 ffffffff <XintfaRegs+0xdfffffff>
   352dc:	94 80 02 b9 	moviglz gr8 2b <.L0 +0xb>
   352e0:	94 e0 00 09 	moviglz gr14 0 <Cla1Task1>
   352e4:	84 22 42 04 	and gr2 gr9 gr2
   352e8:	94 00 80 02 	eqi gr2 0 <Cla1Task1>
   352ec:	80 00 00 00 	nop
   352f0:	80 00 00 00 	nop
   352f4:	80 00 00 00 	nop
   352f8:	80 00 00 00 	nop
   352fc:	80 00 00 00 	nop
   35300:	80 10 00 0f 	movc2g gr1
   35304:	98 10 48 15 	bfextu gr1 gr1 4 <Cla1Task1+0x4> 1 <Cla1Task1+0x1>
   35308:	ec 17 81 02 	store32 gr1 gr30 8 <_core0_exp_start+0x2>
   3530c:	80 00 01 e5 	jc 3534c <number+0x18c>
   35310:	80 00 00 00 	nop
   35314:	80 00 00 00 	nop
   35318:	94 04 41 02 	eqi gr17 8 <_core0_exp_start+0x2>
   3531c:	80 00 01 45 	jc 35348 <number+0x188>
   35320:	80 00 00 00 	nop
   35324:	80 00 00 00 	nop
   35328:	94 04 42 06 	neqi gr17 10 <_core0_exp_start+0xa>
   3532c:	80 00 00 e5 	jc 3534c <number+0x18c>
   35330:	80 00 00 00 	nop
   35334:	80 00 00 00 	nop
   35338:	98 71 ff f0 	addi gr7 gr7 fffffffe <XintfaRegs+0xdffffffe>
   3533c:	80 00 00 61 	jmp 3534c <number+0x18c>
   35340:	80 00 00 00 	nop
   35344:	80 00 00 00 	nop
   35348:	98 71 ff f8 	addi gr7 gr7 ffffffff <XintfaRegs+0xdfffffff>
   3534c:	94 04 c0 02 	eqi gr19 0 <Cla1Task1>
   35350:	a9 27 84 82 	load32 gr18 gr30 24 <.L0 +0x4>
   35354:	80 00 04 c5 	jc 353f0 <number+0x230>
   35358:	80 00 00 00 	nop
   3535c:	80 00 00 00 	nop
   35360:	15 50 00 09 ┌	moviglz gr21 0 <Cla1Task1>
   35364:	ec 77 80 62 └	store32 gr7 gr30 3 <Cla1Task1+0x3>
   35368:	19 77 81 30 ┌	addi gr23 gr30 26 <.L0 +0x6>
   3536c:	ec 87 80 82 └	store32 gr8 gr30 4 <Cla1Task1+0x4>
   35370:	ec e7 80 a2 	store32 gr14 gr30 5 <Cla1Task1+0x5>
   35374:	ec 97 80 c2 	store32 gr9 gr30 6 <_core0_exp_start>
   35378:	ec d7 80 e2 	store32 gr13 gr30 7 <_core0_exp_start+0x1>
   3537c:	94 04 c0 02 	eqi gr19 0 <Cla1Task1>
   35380:	80 00 02 65 	jc 353d0 <number+0x210>
   35384:	80 00 00 00 	nop
   35388:	80 00 00 00 	nop
   3538c:	90 44 c0 80 	movg2g gr4 gr19
   35390:	90 54 40 80 	movg2g gr5 gr17
   35394:	83 fe 43 cd 	call 31c10 <__udivsi3>
   35398:	80 00 00 00 	nop
   3539c:	80 00 00 00 	nop
   353a0:	84 30 91 0c 	mul32 gr3 gr2 gr17
   353a4:	98 45 40 08 	addi gr4 gr21 1 <Cla1Task1+0x1>
   353a8:	84 55 d5 00 	add gr5 gr23 gr21
   353ac:	84 34 c3 02 	sub gr3 gr19 gr3
   353b0:	84 37 43 00 	add gr3 gr29 gr3
   353b4:	11 30 80 80 ┌	movg2g gr19 gr2
   353b8:	a8 30 c0 00 └	load8 gr3 gr3 0 <Cla1Task1>
   353bc:	11 51 00 80 ┌	movg2g gr21 gr4
   353c0:	ec 31 40 00 └	store8 gr3 gr5 0 <Cla1Task1>
   353c4:	83 ff fd a1 	jmp 3537c <number+0x1bc>
   353c8:	80 00 00 00 	nop
   353cc:	80 00 00 00 	nop
   353d0:	a8 d7 80 e2 	load32 gr13 gr30 7 <_core0_exp_start+0x1>
   353d4:	a8 97 80 c2 	load32 gr9 gr30 6 <_core0_exp_start>
   353d8:	a8 e7 80 a2 	load32 gr14 gr30 5 <Cla1Task1+0x5>
   353dc:	a8 87 80 82 	load32 gr8 gr30 4 <Cla1Task1+0x4>
   353e0:	a8 77 80 62 	load32 gr7 gr30 3 <Cla1Task1+0x3>
   353e4:	80 00 00 81 	jmp 353f8 <number+0x238>
   353e8:	80 00 00 00 	nop
   353ec:	80 00 00 00 	nop
   353f0:	15 50 00 19 ┌	moviglz gr21 1 <Cla1Task1+0x1>
   353f4:	ed 47 84 c0 └	store8 gr20 gr30 26 <.L0 +0x6>
   353f8:	94 20 01 19 	moviglz gr2 11 <_core0_exp_start+0xb>
   353fc:	90 05 52 02 	gt gr21 gr18
   35400:	90 35 52 42 	select gr3 gr21 gr18
   35404:	84 22 42 04 	and gr2 gr9 gr2
   35408:	94 00 80 06 	neqi gr2 0 <Cla1Task1>
   3540c:	84 21 c3 02 	sub gr2 gr7 gr3
   35410:	80 00 02 25 	jc 35458 <number+0x298>
   35414:	80 00 00 00 	nop
   35418:	80 00 00 00 	nop
   3541c:	98 40 9f 0a 	srai gr4 gr2 1f <_core0_exp_start+0x19>
   35420:	94 50 02 09 	moviglz gr5 20 <.L0 >
   35424:	84 41 02 04 	and gr4 gr4 gr2
   35428:	94 00 80 2e 	lti gr2 1 <Cla1Task1+0x1>
   3542c:	80 00 01 25 	jc 35454 <number+0x294>
   35430:	80 00 00 00 	nop
   35434:	80 00 00 00 	nop
   35438:	98 64 00 08 	addi gr6 gr16 1 <Cla1Task1+0x1>
   3543c:	ec 54 00 00 	store8 gr5 gr16 0 <Cla1Task1>
   35440:	98 20 bf f8 	addi gr2 gr2 ffffffff <XintfaRegs+0xdfffffff>
   35444:	91 01 80 80 	movg2g gr16 gr6
   35448:	83 ff fe e1 	jmp 35428 <number+0x268>
   3544c:	80 00 00 00 	nop
   35450:	80 00 00 00 	nop
   35454:	98 21 3f f8 	addi gr2 gr4 ffffffff <XintfaRegs+0xdfffffff>
   35458:	94 03 80 06 	neqi gr14 0 <Cla1Task1>
   3545c:	80 00 00 a5 	jc 35474 <number+0x2b4>
   35460:	80 00 00 00 	nop
   35464:	80 00 00 00 	nop
   35468:	98 44 00 08 	addi gr4 gr16 1 <Cla1Task1+0x1>
   3546c:	ec 84 00 00 	store8 gr8 gr16 0 <Cla1Task1>
   35470:	91 01 00 80 	movg2g gr16 gr4
   35474:	a8 17 81 02 	load32 gr1 gr30 8 <_core0_exp_start+0x2>
   35478:	94 00 40 22 	eqi gr1 1 <Cla1Task1+0x1>
   3547c:	80 00 02 85 	jc 354d0 <number+0x310>
   35480:	80 00 00 00 	nop
   35484:	80 00 00 00 	nop
   35488:	94 04 42 02 	eqi gr17 10 <_core0_exp_start+0xa>
   3548c:	80 00 01 65 	jc 354bc <number+0x2fc>
   35490:	80 00 00 00 	nop
   35494:	80 00 00 00 	nop
   35498:	94 04 41 06 	neqi gr17 8 <_core0_exp_start+0x2>
   3549c:	80 00 01 85 	jc 354d0 <number+0x310>
   354a0:	80 00 00 00 	nop
   354a4:	80 00 00 00 	nop
   354a8:	98 44 00 08 	addi gr4 gr16 1 <Cla1Task1+0x1>
   354ac:	ed 44 00 00 	store8 gr20 gr16 0 <Cla1Task1>
   354b0:	80 00 00 c1 	jmp 354cc <number+0x30c>
   354b4:	80 00 00 00 	nop
   354b8:	80 00 00 00 	nop
   354bc:	98 44 00 10 	addi gr4 gr16 2 <Cla1Task1+0x2>
   354c0:	ed 44 00 00 	store8 gr20 gr16 0 <Cla1Task1>
   354c4:	94 50 07 89 	moviglz gr5 78 <.L0 +0x18>
   354c8:	ec 54 00 20 	store8 gr5 gr16 1 <Cla1Task1+0x1>
   354cc:	91 01 00 80 	movg2g gr16 gr4
   354d0:	84 42 4d 04 	and gr4 gr9 gr13
   354d4:	94 01 00 06 	neqi gr4 0 <Cla1Task1>
   354d8:	80 00 02 e5 	jc 35538 <number+0x378>
   354dc:	80 00 00 00 	nop
   354e0:	80 00 00 00 	nop
   354e4:	98 40 9f 0a 	srai gr4 gr2 1f <_core0_exp_start+0x19>
   354e8:	84 41 02 04 	and gr4 gr4 gr2
   354ec:	94 00 80 2e 	lti gr2 1 <Cla1Task1+0x1>
   354f0:	80 00 01 25 	jc 35518 <number+0x358>
   354f4:	80 00 00 00 	nop
   354f8:	80 00 00 00 	nop
   354fc:	98 54 00 08 	addi gr5 gr16 1 <Cla1Task1+0x1>
   35500:	ed 64 00 00 	store8 gr22 gr16 0 <Cla1Task1>
   35504:	98 20 bf f8 	addi gr2 gr2 ffffffff <XintfaRegs+0xdfffffff>
   35508:	91 01 40 80 	movg2g gr16 gr5
   3550c:	83 ff fe e1 	jmp 354ec <number+0x32c>
   35510:	80 00 00 00 	nop
   35514:	80 00 00 00 	nop
   35518:	98 21 3f f8 	addi gr2 gr4 ffffffff <XintfaRegs+0xdfffffff>
   3551c:	80 00 00 c1 	jmp 35538 <number+0x378>
   35520:	80 00 00 00 	nop
   35524:	80 00 00 00 	nop
   35528:	98 44 00 08 	addi gr4 gr16 1 <Cla1Task1+0x1>
   3552c:	ed 44 00 00 	store8 gr20 gr16 0 <Cla1Task1>
   35530:	98 30 ff f8 	addi gr3 gr3 ffffffff <XintfaRegs+0xdfffffff>
   35534:	91 01 00 80 	movg2g gr16 gr4
   35538:	90 05 43 03 	lt gr21 gr3
   3553c:	83 ff ff 45 	jc 35528 <number+0x368>
   35540:	80 00 00 00 	nop
   35544:	80 00 00 00 	nop
   35548:	98 37 81 30 	addi gr3 gr30 26 <.L0 +0x6>
   3554c:	94 05 40 0a 	gti gr21 0 <Cla1Task1>
   35550:	80 00 01 69 	jnc 35580 <number+0x3c0>
   35554:	80 00 00 00 	nop
   35558:	80 00 00 00 	nop
   3555c:	84 40 d5 00 	add gr4 gr3 gr21
   35560:	98 54 00 08 	addi gr5 gr16 1 <Cla1Task1+0x1>
   35564:	19 55 7f f8 ┌	addi gr21 gr21 ffffffff <XintfaRegs+0xdfffffff>
   35568:	a8 41 3f e0 └	load8 gr4 gr4 ffffffff <XintfaRegs+0xdfffffff>
   3556c:	ec 44 00 00 	store8 gr4 gr16 0 <Cla1Task1>
   35570:	91 01 40 80 	movg2g gr16 gr5
   35574:	83 ff fe a1 	jmp 3554c <number+0x38c>
   35578:	80 00 00 00 	nop
   3557c:	80 00 00 00 	nop
   35580:	94 30 02 09 	moviglz gr3 20 <.L0 >
   35584:	94 00 80 2e 	lti gr2 1 <Cla1Task1+0x1>
   35588:	80 00 01 25 	jc 355b0 <number+0x3f0>
   3558c:	80 00 00 00 	nop
   35590:	80 00 00 00 	nop
   35594:	18 44 00 08 ┌	addi gr4 gr16 1 <Cla1Task1+0x1>
   35598:	ec 34 00 00 └	store8 gr3 gr16 0 <Cla1Task1>
   3559c:	98 20 bf f8 	addi gr2 gr2 ffffffff <XintfaRegs+0xdfffffff>
   355a0:	91 01 00 80 	movg2g gr16 gr4
   355a4:	83 ff fe e1 	jmp 35584 <number+0x3c4>
   355a8:	80 00 00 00 	nop
   355ac:	80 00 00 00 	nop
   355b0:	10 24 00 80 ┌	movg2g gr2 gr16
   355b4:	a9 f7 84 62 └	load32 gr31 gr30 23 <.L0 +0x3>
   355b8:	a9 07 83 42 	load32 gr16 gr30 1a <_core0_exp_start+0x14>
   355bc:	a9 17 83 62 	load32 gr17 gr30 1b <_core0_exp_start+0x15>
   355c0:	a9 27 83 82 	load32 gr18 gr30 1c <_core0_exp_start+0x16>
   355c4:	a9 37 83 a2 	load32 gr19 gr30 1d <_core0_exp_start+0x17>
   355c8:	a9 47 83 c2 	load32 gr20 gr30 1e <_core0_exp_start+0x18>
   355cc:	a9 57 83 e2 	load32 gr21 gr30 1f <_core0_exp_start+0x19>
   355d0:	a9 67 84 02 	load32 gr22 gr30 20 <.L0 >
   355d4:	a9 77 84 22 	load32 gr23 gr30 21 <.L0 +0x1>
   355d8:	a9 d7 84 42 	load32 gr29 gr30 22 <.L0 +0x2>
   355dc:	99 e7 84 80 	addi gr30 gr30 90 <Cla1Task2+0x4>
   355e0:	80 00 00 04 	ret
   355e4:	80 00 00 00 	nop
   355e8:	80 00 00 00 	nop
   355ec:	80 00 00 00 	nop

000355f0 <cvt>:
   355f0:	99 e7 bd c0 	addi gr30 gr30 ffffffb8 <XintfaRegs+0xdfffffb8>
   355f4:	ed f7 82 22 	store32 gr31 gr30 11 <_core0_exp_start+0xb>
   355f8:	ed d7 82 02 	store32 gr29 gr30 10 <_core0_exp_start+0xa>
   355fc:	ed 77 81 e2 	store32 gr23 gr30 f <_core0_exp_start+0x9>
   35600:	ed 67 81 c2 	store32 gr22 gr30 e <_core0_exp_start+0x8>
   35604:	ed 57 81 a2 	store32 gr21 gr30 d <_core0_exp_start+0x7>
   35608:	ed 47 81 82 	store32 gr20 gr30 c <_core0_exp_start+0x6>
   3560c:	ed 37 81 62 	store32 gr19 gr30 b <_core0_exp_start+0x5>
   35610:	ed 27 81 42 	store32 gr18 gr30 a <_core0_exp_start+0x4>
   35614:	ed 17 81 22 	store32 gr17 gr30 9 <_core0_exp_start+0x3>
   35618:	ed 07 81 02 	store32 gr16 gr30 8 <_core0_exp_start+0x2>
   3561c:	94 20 00 11 	movigh gr2 1 <Cla1Task1+0x1>
   35620:	95 40 00 09 	moviglz gr20 0 <Cla1Task1>
   35624:	94 01 40 0a 	gti gr5 0 <Cla1Task1>
   35628:	94 20 03 45 	movigl gr2 34 <.L0 >
   3562c:	90 31 54 42 	select gr3 gr5 gr20
   35630:	15 50 00 19 ┌	moviglz gr21 1 <Cla1Task1+0x1>
   35634:	a9 60 80 02 └	load32 gr22 gr2 0 <Cla1Task1>
   35638:	94 20 04 e9 	moviglz gr2 4e <.L0 +0x1a>
   3563c:	94 00 c9 d7 	ltiu gr3 4e <.L0 +0x1a>
   35640:	91 70 c2 42 	select gr23 gr3 gr2
   35644:	84 01 16 7a 	fslt gr4 gr22
   35648:	80 00 00 00 	nop
   3564c:	80 00 00 00 	nop
   35650:	80 00 00 00 	nop
   35654:	80 00 00 00 	nop
   35658:	80 00 00 00 	nop
   3565c:	80 20 00 0f 	movc2g gr2
   35660:	98 20 88 15 	bfextu gr2 gr2 4 <Cla1Task1+0x4> 1 <Cla1Task1+0x1>
   35664:	11 01 80 80 ┌	movg2g gr16 gr6
   35668:	ed 41 c0 02 └	store32 gr20 gr7 0 <Cla1Task1>
   3566c:	84 20 95 06 	xor gr2 gr2 gr21
   35670:	94 00 80 06 	neqi gr2 0 <Cla1Task1>
   35674:	80 00 00 e5 	jc 35694 <cvt+0xa4>
   35678:	80 00 00 00 	nop
   3567c:	80 00 00 00 	nop
   35680:	94 38 00 01 	movigh gr3 ffff8000 <XintfaRegs+0xdfff8000>
   35684:	94 20 00 19 	moviglz gr2 1 <Cla1Task1+0x1>
   35688:	14 30 00 05 ┌	movigl gr3 0 <Cla1Task1>
   3568c:	ec 21 c0 02 └	store32 gr2 gr7 0 <Cla1Task1>
   35690:	84 41 03 06 	xor gr4 gr4 gr3
   35694:	18 57 80 e0 ┌	addi gr5 gr30 1c <_core0_exp_start+0x16>
   35698:	a9 d7 82 62 └	load32 gr29 gr30 13 <_core0_exp_start+0xd>
   3569c:	a9 17 82 42 	load32 gr17 gr30 12 <_core0_exp_start+0xc>
   356a0:	83 fe 19 6d 	call 319d0 <modf>
   356a4:	80 00 00 00 	nop
   356a8:	80 00 00 00 	nop
   356ac:	91 20 80 80 	movg2g gr18 gr2
   356b0:	a8 37 80 e2 	load32 gr3 gr30 7 <_core0_exp_start+0x1>
   356b4:	94 50 00 11 	movigh gr5 1 <Cla1Task1+0x1>
   356b8:	94 50 03 85 	movigl gr5 38 <.L0 +0x4>
   356bc:	04 00 d6 72 ┌	fseq gr3 gr22
   356c0:	ec 57 80 a2 └	store32 gr5 gr30 5 <Cla1Task1+0x5>
   356c4:	80 00 08 65 	jc 357d4 <cvt+0x1e4>
   356c8:	80 00 00 00 	nop
   356cc:	80 00 00 00 	nop
   356d0:	ed 77 80 42 	store32 gr23 gr30 2 <Cla1Task1+0x2>
   356d4:	15 70 00 19 ┌	moviglz gr23 1 <Cla1Task1+0x1>
   356d8:	a9 51 40 02 └	load32 gr21 gr5 0 <Cla1Task1>
   356dc:	19 37 80 e0 ┌	addi gr19 gr30 1c <_core0_exp_start+0x16>
   356e0:	ed 47 80 62 └	store32 gr20 gr30 3 <Cla1Task1+0x3>
   356e4:	14 20 00 11 ┌	movigh gr2 1 <Cla1Task1+0x1>
   356e8:	ed d7 80 82 └	store32 gr29 gr30 4 <Cla1Task1+0x4>
   356ec:	95 d0 00 09 	moviglz gr29 0 <Cla1Task1>
   356f0:	94 20 03 c5 	movigl gr2 3c <.L0 +0x8>
   356f4:	a9 40 80 02 	load32 gr20 gr2 0 <Cla1Task1>
   356f8:	84 00 d6 72 	fseq gr3 gr22
   356fc:	80 00 00 00 	nop
   35700:	80 00 00 00 	nop
   35704:	80 00 00 00 	nop
   35708:	80 00 00 00 	nop
   3570c:	80 00 00 00 	nop
   35710:	80 20 00 0f 	movc2g gr2
   35714:	98 20 88 15 	bfextu gr2 gr2 4 <Cla1Task1+0x4> 1 <Cla1Task1+0x1>
   35718:	84 20 97 06 	xor gr2 gr2 gr23
   3571c:	94 00 80 06 	neqi gr2 0 <Cla1Task1>
   35720:	80 00 02 a9 	jnc 35778 <cvt+0x188>
   35724:	80 00 00 00 	nop
   35728:	80 00 00 00 	nop
   3572c:	84 40 d5 6e 	fsdiv gr4 gr3 gr21
   35730:	90 54 c0 80 	movg2g gr5 gr19
   35734:	83 fe 14 cd 	call 319d0 <modf>
   35738:	80 00 00 00 	nop
   3573c:	80 00 00 00 	nop
   35740:	94 33 f8 01 	movigh gr3 3f80 <$line_table_start0+0x108f>
   35744:	14 30 00 05 ┌	movigl gr3 0 <Cla1Task1>
   35748:	ec 27 80 c2 └	store32 gr2 gr30 6 <_core0_exp_start>
   3574c:	84 20 d4 9a 	fsmac gr2 gr3 gr20
   35750:	84 34 5d 00 	add gr3 gr17 gr29
   35754:	99 d7 7f f8 	addi gr29 gr29 ffffffff <XintfaRegs+0xdfffffff>
   35758:	84 20 95 8a 	fsmul gr2 gr2 gr21
   3575c:	90 20 80 90 	fcvtsf gr2 gr2
   35760:	98 20 81 80 	addi gr2 gr2 30 <.L0 +0x10>
   35764:	ec 20 c9 e0 	store8 gr2 gr3 4f <.L0 +0x1b>
   35768:	a8 37 80 e2 	load32 gr3 gr30 7 <_core0_exp_start+0x1>
   3576c:	83 ff fc 41 	jmp 356f8 <cvt+0x108>
   35770:	80 00 00 00 	nop
   35774:	80 00 00 00 	nop
   35778:	91 57 40 80 	movg2g gr21 gr29
   3577c:	a9 47 80 62 	load32 gr20 gr30 3 <Cla1Task1+0x3>
   35780:	14 20 00 09 ┌	moviglz gr2 0 <Cla1Task1>
   35784:	a9 77 80 42 └	load32 gr23 gr30 2 <Cla1Task1+0x2>
   35788:	91 50 00 41 	neg gr21
   3578c:	90 05 42 00 	eq gr21 gr2
   35790:	80 00 01 45 	jc 357bc <cvt+0x1cc>
   35794:	80 00 00 00 	nop
   35798:	80 00 00 00 	nop
   3579c:	84 34 42 00 	add gr3 gr17 gr2
   357a0:	98 20 80 08 	addi gr2 gr2 1 <Cla1Task1+0x1>
   357a4:	84 40 dd 00 	add gr4 gr3 gr29
   357a8:	a8 41 0a 00 	load8 gr4 gr4 50 <.L0 +0x1c>
   357ac:	ec 40 c0 00 	store8 gr4 gr3 0 <Cla1Task1>
   357b0:	83 ff fe c1 	jmp 3578c <cvt+0x19c>
   357b4:	80 00 00 00 	nop
   357b8:	80 00 00 00 	nop
   357bc:	90 24 80 80 	movg2g gr2 gr18
   357c0:	11 65 40 80 ┌	movg2g gr22 gr21
   357c4:	a9 d7 80 82 └	load32 gr29 gr30 4 <Cla1Task1+0x4>
   357c8:	80 00 04 21 	jmp 35850 <cvt+0x260>
   357cc:	80 00 00 00 	nop
   357d0:	80 00 00 00 	nop
   357d4:	84 04 96 76 	fsgt gr18 gr22
   357d8:	80 00 00 00 	nop
   357dc:	80 00 00 00 	nop
   357e0:	80 00 00 00 	nop
   357e4:	80 00 00 00 	nop
   357e8:	80 00 00 00 	nop
   357ec:	80 20 00 0f 	movc2g gr2
   357f0:	98 20 88 15 	bfextu gr2 gr2 4 <Cla1Task1+0x4> 1 <Cla1Task1+0x1>
   357f4:	84 20 95 06 	xor gr2 gr2 gr21
   357f8:	94 00 80 06 	neqi gr2 0 <Cla1Task1>
   357fc:	80 00 02 25 	jc 35844 <cvt+0x254>
   35800:	80 00 00 00 	nop
   35804:	80 00 00 00 	nop
   35808:	94 20 00 11 	movigh gr2 1 <Cla1Task1+0x1>
   3580c:	a8 31 40 02 	load32 gr3 gr5 0 <Cla1Task1>
   35810:	94 20 03 05 	movigl gr2 30 <.L0 +0x10>
   35814:	a8 40 80 02 	load32 gr4 gr2 0 <Cla1Task1>
   35818:	90 24 80 80 	movg2g gr2 gr18
   3581c:	99 55 7f f8 	addi gr21 gr21 ffffffff <XintfaRegs+0xdfffffff>
   35820:	85 20 83 8a 	fsmul gr18 gr2 gr3
   35824:	84 04 84 7a 	fslt gr18 gr4
   35828:	83 ff ff 65 	jc 35818 <cvt+0x228>
   3582c:	80 00 00 00 	nop
   35830:	80 00 00 00 	nop
   35834:	ed 27 80 c2 	store32 gr18 gr30 6 <_core0_exp_start>
   35838:	80 00 00 81 	jmp 3584c <cvt+0x25c>
   3583c:	80 00 00 00 	nop
   35840:	80 00 00 00 	nop
   35844:	90 24 80 80 	movg2g gr2 gr18
   35848:	91 55 00 80 	movg2g gr21 gr20
   3584c:	91 65 00 80 	movg2g gr22 gr20
   35850:	94 07 40 02 	eqi gr29 0 <Cla1Task1>
   35854:	91 34 40 80 	movg2g gr19 gr17
   35858:	10 35 54 42 ┌	select gr3 gr21 gr20
   3585c:	ed 54 00 02 └	store32 gr21 gr16 0 <Cla1Task1>
   35860:	85 70 d7 00 	add gr23 gr3 gr23
   35864:	94 05 c0 0e 	lti gr23 0 <Cla1Task1>
   35868:	80 00 09 85 	jc 3599c <cvt+0x3ac>
   3586c:	80 00 00 00 	nop
   35870:	80 00 00 00 	nop
   35874:	05 34 57 00 ┌	add gr19 gr17 gr23
   35878:	a8 37 80 a2 └	load32 gr3 gr30 5 <Cla1Task1+0x5>
   3587c:	19 27 80 c0 ┌	addi gr18 gr30 18 <_core0_exp_start+0x12>
   35880:	a9 40 c0 02 └	load32 gr20 gr3 0 <Cla1Task1>
   35884:	90 05 97 02 	gt gr22 gr23
   35888:	80 00 02 85 	jc 358dc <cvt+0x2ec>
   3588c:	80 00 00 00 	nop
   35890:	80 00 00 00 	nop
   35894:	94 05 89 f3 	gtiu gr22 4f <.L0 +0x1b>
   35898:	80 00 02 05 	jc 358dc <cvt+0x2ec>
   3589c:	80 00 00 00 	nop
   358a0:	80 00 00 00 	nop
   358a4:	84 40 94 8a 	fsmul gr4 gr2 gr20
   358a8:	90 54 80 80 	movg2g gr5 gr18
   358ac:	85 54 56 00 	add gr21 gr17 gr22
   358b0:	83 fe 08 ed 	call 319d0 <modf>
   358b4:	80 00 00 00 	nop
   358b8:	80 00 00 00 	nop
   358bc:	99 65 80 08 	addi gr22 gr22 1 <Cla1Task1+0x1>
   358c0:	a8 37 80 c2 	load32 gr3 gr30 6 <_core0_exp_start>
   358c4:	90 30 c0 90 	fcvtsf gr3 gr3
   358c8:	98 30 c1 80 	addi gr3 gr3 30 <.L0 +0x10>
   358cc:	ec 35 40 00 	store8 gr3 gr21 0 <Cla1Task1>
   358d0:	83 ff fd 81 	jmp 35884 <cvt+0x294>
   358d4:	80 00 00 00 	nop
   358d8:	80 00 00 00 	nop
   358dc:	94 05 ca 0e 	lti gr23 50 <.L0 +0x1c>
   358e0:	80 00 05 a9 	jnc 35998 <cvt+0x3a8>
   358e4:	80 00 00 00 	nop
   358e8:	80 00 00 00 	nop
   358ec:	94 20 03 09 	moviglz gr2 30 <.L0 +0x10>
   358f0:	a8 34 c0 00 	load8 gr3 gr19 0 <Cla1Task1>
   358f4:	90 44 c0 80 	movg2g gr4 gr19
   358f8:	98 50 c0 28 	addi gr5 gr3 5 <Cla1Task1+0x5>
   358fc:	14 30 03 19 ┌	moviglz gr3 31 <.L0 +0x11>
   35900:	ec 54 c0 00 └	store8 gr5 gr19 0 <Cla1Task1>
   35904:	98 51 58 06 	sli gr5 gr5 18 <_core0_exp_start+0x12>
   35908:	98 51 58 0a 	srai gr5 gr5 18 <_core0_exp_start+0x12>
   3590c:	94 01 47 4e 	lti gr5 3a <.L0 +0x6>
   35910:	80 00 04 45 	jc 3599c <cvt+0x3ac>
   35914:	80 00 00 00 	nop
   35918:	80 00 00 00 	nop
   3591c:	90 01 11 0d 	leu gr4 gr17
   35920:	ec 21 00 00 	store8 gr2 gr4 0 <Cla1Task1>
   35924:	80 00 01 45 	jc 35950 <cvt+0x360>
   35928:	80 00 00 00 	nop
   3592c:	80 00 00 00 	nop
   35930:	18 61 3f f8 ┌	addi gr6 gr4 ffffffff <XintfaRegs+0xdfffffff>
   35934:	a8 51 3f e0 └	load8 gr5 gr4 ffffffff <XintfaRegs+0xdfffffff>
   35938:	98 51 40 08 	addi gr5 gr5 1 <Cla1Task1+0x1>
   3593c:	ec 51 3f e0 	store8 gr5 gr4 ffffffff <XintfaRegs+0xdfffffff>
   35940:	90 41 80 80 	movg2g gr4 gr6
   35944:	80 00 02 01 	jmp 35988 <cvt+0x398>
   35948:	80 00 00 00 	nop
   3594c:	80 00 00 00 	nop
   35950:	14 07 40 06 ┌	neqi gr29 0 <Cla1Task1>
   35954:	ec 31 00 00 └	store8 gr3 gr4 0 <Cla1Task1>
   35958:	a8 54 00 02 	load32 gr5 gr16 0 <Cla1Task1>
   3595c:	98 51 40 08 	addi gr5 gr5 1 <Cla1Task1+0x1>
   35960:	ec 54 00 02 	store32 gr5 gr16 0 <Cla1Task1>
   35964:	80 00 01 05 	jc 35988 <cvt+0x398>
   35968:	80 00 00 00 	nop
   3596c:	80 00 00 00 	nop
   35970:	90 04 d1 0d 	leu gr19 gr17
   35974:	80 00 00 65 	jc 35984 <cvt+0x394>
   35978:	80 00 00 00 	nop
   3597c:	80 00 00 00 	nop
   35980:	ec 24 c0 00 	store8 gr2 gr19 0 <Cla1Task1>
   35984:	99 34 c0 08 	addi gr19 gr19 1 <Cla1Task1+0x1>
   35988:	a8 51 00 00 	load8 gr5 gr4 0 <Cla1Task1>
   3598c:	83 ff fb a1 	jmp 35904 <cvt+0x314>
   35990:	80 00 00 00 	nop
   35994:	80 00 00 00 	nop
   35998:	99 34 42 78 	addi gr19 gr17 4f <.L0 +0x1b>
   3599c:	90 24 40 80 	movg2g gr2 gr17
   359a0:	a9 f7 82 22 	load32 gr31 gr30 11 <_core0_exp_start+0xb>
   359a4:	14 30 00 09 ┌	moviglz gr3 0 <Cla1Task1>
   359a8:	a9 07 81 02 └	load32 gr16 gr30 8 <_core0_exp_start+0x2>
   359ac:	a9 17 81 22 	load32 gr17 gr30 9 <_core0_exp_start+0x3>
   359b0:	a9 27 81 42 	load32 gr18 gr30 a <_core0_exp_start+0x4>
   359b4:	ec 34 c0 00 	store8 gr3 gr19 0 <Cla1Task1>
   359b8:	a9 37 81 62 	load32 gr19 gr30 b <_core0_exp_start+0x5>
   359bc:	a9 47 81 82 	load32 gr20 gr30 c <_core0_exp_start+0x6>
   359c0:	a9 57 81 a2 	load32 gr21 gr30 d <_core0_exp_start+0x7>
   359c4:	a9 67 81 c2 	load32 gr22 gr30 e <_core0_exp_start+0x8>
   359c8:	a9 77 81 e2 	load32 gr23 gr30 f <_core0_exp_start+0x9>
   359cc:	a9 d7 82 02 	load32 gr29 gr30 10 <_core0_exp_start+0xa>
   359d0:	99 e7 82 40 	addi gr30 gr30 48 <.L0 +0x14>
   359d4:	80 00 00 04 	ret
   359d8:	80 00 00 00 	nop
   359dc:	80 00 00 00 	nop

Disassembly of section .cla.text:

00000000 <Cla1Task1>:
       0:	a0 00 00 00 	nop
       4:	a0 00 00 00 	nop
       8:	a0 00 00 00 	nop
       c:	a0 00 00 00 	nop
      10:	a0 00 00 00 	nop
      14:	80 00 00 0f 	movc2g gr0
      18:	94 07 80 06 	neqi gr30 0 <Cla1Task1>
      1c:	80 00 00 85 	jc 30 <.L0 +0x10>
      20:	80 00 00 00 	nop
      24:	80 00 00 00 	nop
      28:	95 e0 00 11 	movigh gr30 1 <Cla1Task1+0x1>
      2c:	95 e0 00 05 	movigl gr30 0 <Cla1Task1>
      30:	99 e7 bf 40 	addi gr30 gr30 ffffffe8 <XintfaRegs+0xdfffffe8>
      34:	ec 27 80 a2 	store32 gr2 gr30 5 <Cla1Task1+0x5>
      38:	ec 37 80 82 	store32 gr3 gr30 4 <Cla1Task1+0x4>
      3c:	94 24 10 01 	movigh gr2 4100 <$line_table_start0+0x120f>
      40:	94 20 00 05 	movigl gr2 0 <Cla1Task1>
      44:	ec 27 80 42 	store32 gr2 gr30 2 <Cla1Task1+0x2>
      48:	94 24 08 01 	movigh gr2 4080 <$line_table_start0+0x118f>
      4c:	94 20 00 05 	movigl gr2 0 <Cla1Task1>
      50:	ec 27 80 22 	store32 gr2 gr30 1 <Cla1Task1+0x1>
      54:	a8 27 80 22 	load32 gr2 gr30 1 <Cla1Task1+0x1>
      58:	ec 27 80 62 	store32 gr2 gr30 3 <Cla1Task1+0x3>

0000005c <.L0 >:
      5c:	a8 27 80 62 	load32 gr2 gr30 3 <Cla1Task1+0x3>

00000060 <.L0 >:
      60:	14 30 02 01 ┌	movigh gr3 20 <.L0 >
      64:	f0 20 80 cf └	fseisqrt gr2 gr2
      68:	94 33 00 05 	movigl gr3 3000 <$line_table_start0+0x10f>
      6c:	ec 20 c0 02 	store32 gr2 gr3 0 <Cla1Task1>
      70:	a8 37 80 82 	load32 gr3 gr30 4 <Cla1Task1+0x4>
      74:	a8 27 80 a2 	load32 gr2 gr30 5 <Cla1Task1+0x5>
      78:	99 e7 80 c0 	addi gr30 gr30 18 <_core0_exp_start+0x12>
      7c:	80 00 00 0b 	movg2c gr0
      80:	80 00 00 0a 	mstop
      84:	80 00 00 00 	nop
      88:	80 00 00 00 	nop

0000008c <Cla1Task2>:
      8c:	a0 00 00 00 	nop
      90:	a0 00 00 00 	nop
      94:	a0 00 00 00 	nop
      98:	a0 00 00 00 	nop
      9c:	a0 00 00 00 	nop
      a0:	80 00 00 0f 	movc2g gr0
      a4:	94 07 80 06 	neqi gr30 0 <Cla1Task1>
      a8:	80 00 00 85 	jc bc <.L0 +0x4>
      ac:	80 00 00 00 	nop
      b0:	80 00 00 00 	nop
      b4:	95 e0 00 11 	movigh gr30 1 <Cla1Task1+0x1>
      b8:	95 e0 00 05 	movigl gr30 0 <Cla1Task1>
      bc:	99 e7 bf 80 	addi gr30 gr30 fffffff0 <XintfaRegs+0xdffffff0>
      c0:	ec 27 80 62 	store32 gr2 gr30 3 <Cla1Task1+0x3>
      c4:	ec 37 80 42 	store32 gr3 gr30 2 <Cla1Task1+0x2>
      c8:	94 30 07 f1 	movigh gr3 7f <.L0 +0x4>
      cc:	14 20 00 01 ┌	movigh gr2 0 <Cla1Task1>
      d0:	f4 31 c2 85 └	movigl gr3 1c28 <$line_table_start0+0x35>
      d4:	94 20 00 25 	movigl gr2 2 <Cla1Task1+0x2>
      d8:	ec 20 c0 02 	store32 gr2 gr3 0 <Cla1Task1>
      dc:	94 30 07 f1 	movigh gr3 7f <.L0 +0x4>
      e0:	94 31 c0 45 	movigl gr3 1c04 <$line_table_start0+0x11>
      e4:	ec 20 c0 02 	store32 gr2 gr3 0 <Cla1Task1>
      e8:	94 24 10 01 	movigh gr2 4100 <$line_table_start0+0x120f>
      ec:	94 20 00 05 	movigl gr2 0 <Cla1Task1>
      f0:	ec 27 80 22 	store32 gr2 gr30 1 <Cla1Task1+0x1>
      f4:	94 24 00 01 	movigh gr2 4000 <$line_table_start0+0x110f>
      f8:	94 20 00 05 	movigl gr2 0 <Cla1Task1>
      fc:	ec 27 80 02 	store32 gr2 gr30 0 <Cla1Task1>
     100:	a8 27 80 22 	load32 gr2 gr30 1 <Cla1Task1+0x1>
     104:	a8 37 80 02 	load32 gr3 gr30 0 <Cla1Task1>
     108:	84 20 83 6e 	fsdiv gr2 gr2 gr3
     10c:	94 30 02 01 	movigh gr3 20 <.L0 >
     110:	94 33 00 45 	movigl gr3 3004 <$line_table_start0+0x113>
     114:	ec 20 c0 02 	store32 gr2 gr3 0 <Cla1Task1>
     118:	a8 37 80 42 	load32 gr3 gr30 2 <Cla1Task1+0x2>
     11c:	a8 27 80 62 	load32 gr2 gr30 3 <Cla1Task1+0x3>
     120:	99 e7 80 80 	addi gr30 gr30 10 <_core0_exp_start+0xa>
     124:	80 00 00 0b 	movg2c gr0
     128:	80 00 00 0a 	mstop
     12c:	80 00 00 00 	nop
     130:	80 00 00 00 	nop

00000134 <Cla1Task3>:
     134:	a0 00 00 00 	nop
     138:	a0 00 00 00 	nop
     13c:	a0 00 00 00 	nop
     140:	a0 00 00 00 	nop
     144:	a0 00 00 00 	nop
     148:	80 00 00 0f 	movc2g gr0
     14c:	94 07 80 06 	neqi gr30 0 <Cla1Task1>
     150:	80 00 00 85 	jc 164 <Cla1Task3+0x30>
     154:	80 00 00 00 	nop
     158:	80 00 00 00 	nop
     15c:	95 e0 00 11 	movigh gr30 1 <Cla1Task1+0x1>
     160:	95 e0 00 05 	movigl gr30 0 <Cla1Task1>
     164:	99 e7 bf 80 	addi gr30 gr30 fffffff0 <XintfaRegs+0xdffffff0>
     168:	ec 27 80 62 	store32 gr2 gr30 3 <Cla1Task1+0x3>
     16c:	ec 37 80 42 	store32 gr3 gr30 2 <Cla1Task1+0x2>
     170:	94 30 07 f1 	movigh gr3 7f <.L0 +0x4>
     174:	14 20 00 01 ┌	movigh gr2 0 <Cla1Task1>
     178:	f4 31 c2 85 └	movigl gr3 1c28 <$line_table_start0+0x35>
     17c:	94 20 00 45 	movigl gr2 4 <Cla1Task1+0x4>
     180:	ec 20 c0 02 	store32 gr2 gr3 0 <Cla1Task1>
     184:	94 30 07 f1 	movigh gr3 7f <.L0 +0x4>
     188:	94 31 c0 45 	movigl gr3 1c04 <$line_table_start0+0x11>
     18c:	ec 20 c0 02 	store32 gr2 gr3 0 <Cla1Task1>
     190:	94 24 10 01 	movigh gr2 4100 <$line_table_start0+0x120f>
     194:	94 20 00 05 	movigl gr2 0 <Cla1Task1>
     198:	ec 27 80 22 	store32 gr2 gr30 1 <Cla1Task1+0x1>
     19c:	94 24 00 01 	movigh gr2 4000 <$line_table_start0+0x110f>
     1a0:	94 20 00 05 	movigl gr2 0 <Cla1Task1>
     1a4:	ec 27 80 02 	store32 gr2 gr30 0 <Cla1Task1>
     1a8:	a8 27 80 22 	load32 gr2 gr30 1 <Cla1Task1+0x1>
     1ac:	a8 37 80 02 	load32 gr3 gr30 0 <Cla1Task1>
     1b0:	84 20 83 62 	fsadd gr2 gr2 gr3
     1b4:	94 30 02 01 	movigh gr3 20 <.L0 >
     1b8:	94 33 00 85 	movigl gr3 3008 <$line_table_start0+0x117>
     1bc:	ec 20 c0 02 	store32 gr2 gr3 0 <Cla1Task1>
     1c0:	a8 37 80 42 	load32 gr3 gr30 2 <Cla1Task1+0x2>
     1c4:	a8 27 80 62 	load32 gr2 gr30 3 <Cla1Task1+0x3>
     1c8:	99 e7 80 80 	addi gr30 gr30 10 <_core0_exp_start+0xa>
     1cc:	80 00 00 0b 	movg2c gr0
     1d0:	80 00 00 0a 	mstop
     1d4:	80 00 00 00 	nop
     1d8:	80 00 00 00 	nop

000001dc <Cla1Task4>:
     1dc:	a0 00 00 00 	nop
     1e0:	a0 00 00 00 	nop
     1e4:	a0 00 00 00 	nop
     1e8:	a0 00 00 00 	nop
     1ec:	a0 00 00 00 	nop
     1f0:	80 00 00 0f 	movc2g gr0
     1f4:	94 07 80 06 	neqi gr30 0 <Cla1Task1>
     1f8:	80 00 00 85 	jc 20c <.L0 +0x5>
     1fc:	80 00 00 00 	nop
     200:	80 00 00 00 	nop
     204:	95 e0 00 11 	movigh gr30 1 <Cla1Task1+0x1>
     208:	95 e0 00 05 	movigl gr30 0 <Cla1Task1>
     20c:	99 e7 bf 80 	addi gr30 gr30 fffffff0 <XintfaRegs+0xdffffff0>
     210:	ec 27 80 62 	store32 gr2 gr30 3 <Cla1Task1+0x3>
     214:	ec 37 80 42 	store32 gr3 gr30 2 <Cla1Task1+0x2>
     218:	94 24 10 01 	movigh gr2 4100 <$line_table_start0+0x120f>
     21c:	94 20 00 05 	movigl gr2 0 <Cla1Task1>
     220:	ec 27 80 22 	store32 gr2 gr30 1 <Cla1Task1+0x1>
     224:	94 24 00 01 	movigh gr2 4000 <$line_table_start0+0x110f>
     228:	94 20 00 05 	movigl gr2 0 <Cla1Task1>
     22c:	ec 27 80 02 	store32 gr2 gr30 0 <Cla1Task1>
     230:	a8 27 80 22 	load32 gr2 gr30 1 <Cla1Task1+0x1>
     234:	a8 37 80 02 	load32 gr3 gr30 0 <Cla1Task1>
     238:	84 20 83 66 	fssub gr2 gr2 gr3
     23c:	94 30 02 01 	movigh gr3 20 <.L0 >
     240:	94 33 00 c5 	movigl gr3 300c <$line_table_start0+0x11b>
     244:	ec 20 c0 02 	store32 gr2 gr3 0 <Cla1Task1>
     248:	a8 37 80 42 	load32 gr3 gr30 2 <Cla1Task1+0x2>
     24c:	a8 27 80 62 	load32 gr2 gr30 3 <Cla1Task1+0x3>
     250:	99 e7 80 80 	addi gr30 gr30 10 <_core0_exp_start+0xa>
     254:	80 00 00 0b 	movg2c gr0
     258:	80 00 00 0a 	mstop
     25c:	80 00 00 00 	nop
     260:	80 00 00 00 	nop

00000264 <Cla1Task5>:
     264:	a0 00 00 00 	nop
     268:	a0 00 00 00 	nop
     26c:	a0 00 00 00 	nop
     270:	a0 00 00 00 	nop
     274:	a0 00 00 00 	nop
     278:	80 00 00 0f 	movc2g gr0
     27c:	94 07 80 06 	neqi gr30 0 <Cla1Task1>
     280:	80 00 00 85 	jc 294 <.L0 +0x1c>
     284:	80 00 00 00 	nop
     288:	80 00 00 00 	nop
     28c:	95 e0 00 11 	movigh gr30 1 <Cla1Task1+0x1>
     290:	95 e0 00 05 	movigl gr30 0 <Cla1Task1>
     294:	99 e7 bf 80 	addi gr30 gr30 fffffff0 <XintfaRegs+0xdffffff0>
     298:	ec 27 80 62 	store32 gr2 gr30 3 <Cla1Task1+0x3>
     29c:	ec 37 80 42 	store32 gr3 gr30 2 <Cla1Task1+0x2>
     2a0:	94 24 10 01 	movigh gr2 4100 <$line_table_start0+0x120f>
     2a4:	94 20 00 05 	movigl gr2 0 <Cla1Task1>
     2a8:	ec 27 80 22 	store32 gr2 gr30 1 <Cla1Task1+0x1>
     2ac:	94 24 00 01 	movigh gr2 4000 <$line_table_start0+0x110f>
     2b0:	94 20 00 05 	movigl gr2 0 <Cla1Task1>
     2b4:	ec 27 80 02 	store32 gr2 gr30 0 <Cla1Task1>
     2b8:	14 30 02 01 ┌	movigh gr3 20 <.L0 >
     2bc:	a8 27 80 02 └	load32 gr2 gr30 0 <Cla1Task1>
     2c0:	94 33 01 05 	movigl gr3 3010 <$line_table_start0+0x11f>
     2c4:	ec 20 c0 02 	store32 gr2 gr3 0 <Cla1Task1>
     2c8:	a8 37 80 42 	load32 gr3 gr30 2 <Cla1Task1+0x2>
     2cc:	a8 27 80 62 	load32 gr2 gr30 3 <Cla1Task1+0x3>
     2d0:	99 e7 80 80 	addi gr30 gr30 10 <_core0_exp_start+0xa>
     2d4:	80 00 00 0b 	movg2c gr0
     2d8:	80 00 00 0a 	mstop
     2dc:	80 00 00 00 	nop
     2e0:	80 00 00 00 	nop

000002e4 <Cla1Task6>:
     2e4:	a0 00 00 00 	nop
     2e8:	a0 00 00 00 	nop
     2ec:	a0 00 00 00 	nop
     2f0:	a0 00 00 00 	nop
     2f4:	a0 00 00 00 	nop
     2f8:	80 00 00 0f 	movc2g gr0
     2fc:	94 07 80 06 	neqi gr30 0 <Cla1Task1>
     300:	80 00 00 85 	jc 314 <Cla1Task6+0x30>
     304:	80 00 00 00 	nop
     308:	80 00 00 00 	nop
     30c:	95 e0 00 11 	movigh gr30 1 <Cla1Task1+0x1>
     310:	95 e0 00 05 	movigl gr30 0 <Cla1Task1>
     314:	99 e7 bf 80 	addi gr30 gr30 fffffff0 <XintfaRegs+0xdffffff0>
     318:	ec 27 80 62 	store32 gr2 gr30 3 <Cla1Task1+0x3>
     31c:	ec 37 80 42 	store32 gr3 gr30 2 <Cla1Task1+0x2>
     320:	84 20 82 06 	xor gr2 gr2 gr2
     324:	ec 27 80 22 	store32 gr2 gr30 1 <Cla1Task1+0x1>
     328:	94 24 00 01 	movigh gr2 4000 <$line_table_start0+0x110f>
     32c:	94 20 00 05 	movigl gr2 0 <Cla1Task1>
     330:	ec 27 80 02 	store32 gr2 gr30 0 <Cla1Task1>
     334:	a8 27 80 02 	load32 gr2 gr30 0 <Cla1Task1>
     338:	a8 37 80 22 	load32 gr3 gr30 1 <Cla1Task1+0x1>
     33c:	84 20 83 8a 	fsmul gr2 gr2 gr3
     340:	94 30 02 01 	movigh gr3 20 <.L0 >
     344:	94 33 01 45 	movigl gr3 3014 <$line_table_start0+0x123>
     348:	ec 20 c0 02 	store32 gr2 gr3 0 <Cla1Task1>
     34c:	a8 37 80 42 	load32 gr3 gr30 2 <Cla1Task1+0x2>
     350:	a8 27 80 62 	load32 gr2 gr30 3 <Cla1Task1+0x3>
     354:	99 e7 80 80 	addi gr30 gr30 10 <_core0_exp_start+0xa>
     358:	80 00 00 0b 	movg2c gr0
     35c:	80 00 00 0a 	mstop
     360:	80 00 00 00 	nop
     364:	80 00 00 00 	nop

00000368 <Cla1Task7>:
     368:	a0 00 00 00 	nop
     36c:	a0 00 00 00 	nop
     370:	a0 00 00 00 	nop
     374:	a0 00 00 00 	nop
     378:	a0 00 00 00 	nop
     37c:	80 00 00 0f 	movc2g gr0
     380:	94 07 80 06 	neqi gr30 0 <Cla1Task1>
     384:	80 00 00 85 	jc 398 <.L0 +0x28>
     388:	80 00 00 00 	nop
     38c:	80 00 00 00 	nop
     390:	95 e0 00 11 	movigh gr30 1 <Cla1Task1+0x1>
     394:	95 e0 00 05 	movigl gr30 0 <Cla1Task1>
     398:	99 e7 bf 80 	addi gr30 gr30 fffffff0 <XintfaRegs+0xdffffff0>
     39c:	ec 27 80 62 	store32 gr2 gr30 3 <Cla1Task1+0x3>
     3a0:	ec 37 80 42 	store32 gr3 gr30 2 <Cla1Task1+0x2>
     3a4:	84 20 82 06 	xor gr2 gr2 gr2
     3a8:	ec 27 80 22 	store32 gr2 gr30 1 <Cla1Task1+0x1>
     3ac:	94 24 00 01 	movigh gr2 4000 <$line_table_start0+0x110f>
     3b0:	94 20 00 05 	movigl gr2 0 <Cla1Task1>
     3b4:	ec 27 80 02 	store32 gr2 gr30 0 <Cla1Task1>
     3b8:	a8 27 80 22 	load32 gr2 gr30 1 <Cla1Task1+0x1>
     3bc:	a8 37 80 02 	load32 gr3 gr30 0 <Cla1Task1>
     3c0:	84 20 83 66 	fssub gr2 gr2 gr3
     3c4:	94 30 02 01 	movigh gr3 20 <.L0 >
     3c8:	94 33 01 85 	movigl gr3 3018 <$line_table_start0+0x127>
     3cc:	ec 20 c0 02 	store32 gr2 gr3 0 <Cla1Task1>
     3d0:	a8 37 80 42 	load32 gr3 gr30 2 <Cla1Task1+0x2>
     3d4:	a8 27 80 62 	load32 gr2 gr30 3 <Cla1Task1+0x3>
     3d8:	99 e7 80 80 	addi gr30 gr30 10 <_core0_exp_start+0xa>
     3dc:	80 00 00 0b 	movg2c gr0
     3e0:	80 00 00 0a 	mstop
     3e4:	80 00 00 00 	nop
     3e8:	80 00 00 00 	nop

000003ec <Cla1Task8>:
     3ec:	80 00 00 17 	setcintm
     3f0:	94 07 80 06 	neqi gr30 0 <Cla1Task1>
     3f4:	80 00 00 85 	jc 408 <.L0 >
     3f8:	80 00 00 00 	nop
     3fc:	80 00 00 00 	nop
     400:	95 e0 00 11 	movigh gr30 1 <Cla1Task1+0x1>
     404:	95 e0 00 05 	movigl gr30 0 <Cla1Task1>
     408:	a0 00 00 00 	nop
     40c:	a0 00 00 00 	nop
     410:	a0 00 00 00 	nop
     414:	a0 00 00 00 	nop
     418:	a0 00 00 00 	nop
     41c:	80 00 00 16 	clrcintm
     420:	99 e7 bf 80 	addi gr30 gr30 fffffff0 <XintfaRegs+0xdffffff0>
     424:	ed f7 80 62 	store32 gr31 gr30 3 <Cla1Task1+0x3>
     428:	80 00 01 0d 	call 44c <task8>
     42c:	80 00 00 00 	nop
     430:	80 00 00 00 	nop
     434:	80 00 00 00 	nop
     438:	a9 f7 80 62 	load32 gr31 gr30 3 <Cla1Task1+0x3>
     43c:	99 e7 80 80 	addi gr30 gr30 10 <_core0_exp_start+0xa>
     440:	80 00 00 0a 	mstop
     444:	80 00 00 00 	nop
     448:	80 00 00 00 	nop

0000044c <task8>:
     44c:	94 10 12 85 	movigl gr1 128 <.L0 +0x8>
     450:	94 10 10 71 	movigh gr1 107 <.L0 +0x32>
     454:	94 20 00 05 	movigl gr2 0 <Cla1Task1>
     458:	94 20 00 01 	movigh gr2 0 <Cla1Task1>
     45c:	ec 20 40 02 	store32 gr2 gr1 0 <Cla1Task1>
     460:	80 00 80 0b 	movg2c gr2
     464:	94 c2 46 85 	movigl gr12 2468 <$line_table_start0+0x627>
     468:	94 c1 35 71 	movigh gr12 1357 <$line_table_start0+0x51e>
     46c:	94 d1 35 75 	movigl gr13 1357 <$line_table_start0+0x51e>
     470:	94 d2 46 81 	movigh gr13 2468 <$line_table_start0+0x627>
     474:	94 e3 04 05 	movigl gr14 3040 <$line_table_start0+0x14f>
     478:	94 e1 02 01 	movigh gr14 1020 <$line_table_start0+0x1e7>
     47c:	94 f7 78 85 	movigl gr15 7788 <__cla_text_end__+0x1168>
     480:	94 f5 56 61 	movigh gr15 5566 <$line_table_start0+0x2675>
     484:	80 40 00 0f 	movc2g gr4
     488:	94 40 10 05 	movigl gr4 100 <.L0 +0x2b>
     48c:	94 40 00 01 	movigh gr4 0 <Cla1Task1>
     490:	95 44 01 15 	movigl gr20 4011 <$line_table_start0+0x1120>
     494:	95 40 00 01 	movigh gr20 0 <Cla1Task1>
     498:	80 05 00 0b 	movg2c gr20
     49c:	84 c3 14 00 	add gr12 gr12 gr20
     4a0:	84 d3 44 06 	xor gr13 gr13 gr4
     4a4:	84 e3 8c 00 	add gr14 gr14 gr12
     4a8:	84 f3 cd 06 	xor gr15 gr15 gr13
     4ac:	84 c3 0f 00 	add gr12 gr12 gr15
     4b0:	80 00 00 00 	nop
     4b4:	80 50 00 0f 	movc2g gr5
     4b8:	94 50 10 15 	movigl gr5 101 <.L0 +0x2c>
     4bc:	94 50 00 01 	movigh gr5 0 <Cla1Task1>
     4c0:	95 54 00 15 	movigl gr21 4001 <$line_table_start0+0x1110>
     4c4:	95 50 00 01 	movigh gr21 0 <Cla1Task1>
     4c8:	80 05 40 0b 	movg2c gr21
     4cc:	84 c3 15 00 	add gr12 gr12 gr21
     4d0:	84 d3 45 06 	xor gr13 gr13 gr5
     4d4:	84 e3 8c 00 	add gr14 gr14 gr12
     4d8:	84 f3 cd 06 	xor gr15 gr15 gr13
     4dc:	84 c3 0f 00 	add gr12 gr12 gr15
     4e0:	80 00 00 00 	nop
     4e4:	80 60 00 0f 	movc2g gr6
     4e8:	94 60 10 25 	movigl gr6 102 <.L0 +0x2d>
     4ec:	94 60 00 01 	movigh gr6 0 <Cla1Task1>
     4f0:	95 64 00 15 	movigl gr22 4001 <$line_table_start0+0x1110>
     4f4:	95 60 00 01 	movigh gr22 0 <Cla1Task1>
     4f8:	80 05 80 0b 	movg2c gr22
     4fc:	84 c3 16 00 	add gr12 gr12 gr22
     500:	84 d3 46 06 	xor gr13 gr13 gr6
     504:	84 e3 8c 00 	add gr14 gr14 gr12
     508:	84 f3 cd 06 	xor gr15 gr15 gr13
     50c:	84 c3 0f 00 	add gr12 gr12 gr15
     510:	80 00 00 00 	nop
     514:	80 70 00 0f 	movc2g gr7
     518:	94 70 10 35 	movigl gr7 103 <.L0 +0x2e>
     51c:	94 70 00 01 	movigh gr7 0 <Cla1Task1>
     520:	95 74 01 15 	movigl gr23 4011 <$line_table_start0+0x1120>
     524:	95 70 00 01 	movigh gr23 0 <Cla1Task1>
     528:	80 05 c0 0b 	movg2c gr23
     52c:	84 c3 17 00 	add gr12 gr12 gr23
     530:	84 d3 47 06 	xor gr13 gr13 gr7
     534:	84 e3 8c 00 	add gr14 gr14 gr12
     538:	84 f3 cd 06 	xor gr15 gr15 gr13
     53c:	84 c3 0f 00 	add gr12 gr12 gr15
     540:	80 00 00 00 	nop
     544:	80 80 00 0f 	movc2g gr8
     548:	94 80 10 45 	movigl gr8 104 <.L0 +0x2f>
     54c:	94 80 00 01 	movigh gr8 0 <Cla1Task1>
     550:	95 84 00 15 	movigl gr24 4001 <$line_table_start0+0x1110>
     554:	95 80 00 01 	movigh gr24 0 <Cla1Task1>
     558:	80 06 00 0b 	movg2c gr24
     55c:	84 c3 18 00 	add gr12 gr12 gr24
     560:	84 d3 48 06 	xor gr13 gr13 gr8
     564:	84 e3 8c 00 	add gr14 gr14 gr12
     568:	84 f3 cd 06 	xor gr15 gr15 gr13
     56c:	84 c3 0f 00 	add gr12 gr12 gr15
     570:	80 00 00 00 	nop
     574:	80 90 00 0f 	movc2g gr9
     578:	94 90 10 55 	movigl gr9 105 <.L0 +0x30>
     57c:	94 90 00 01 	movigh gr9 0 <Cla1Task1>
     580:	95 94 00 15 	movigl gr25 4001 <$line_table_start0+0x1110>
     584:	95 90 00 01 	movigh gr25 0 <Cla1Task1>
     588:	80 06 40 0b 	movg2c gr25
     58c:	84 c3 19 00 	add gr12 gr12 gr25
     590:	84 d3 49 06 	xor gr13 gr13 gr9
     594:	84 e3 8c 00 	add gr14 gr14 gr12
     598:	84 f3 cd 06 	xor gr15 gr15 gr13
     59c:	84 c3 0f 00 	add gr12 gr12 gr15
     5a0:	80 00 00 00 	nop
     5a4:	80 a0 00 0f 	movc2g gr10
     5a8:	94 a0 10 65 	movigl gr10 106 <.L0 +0x31>
     5ac:	94 a0 00 01 	movigh gr10 0 <Cla1Task1>
     5b0:	95 a4 01 15 	movigl gr26 4011 <$line_table_start0+0x1120>
     5b4:	95 a0 00 01 	movigh gr26 0 <Cla1Task1>
     5b8:	80 06 80 0b 	movg2c gr26
     5bc:	84 c3 1a 00 	add gr12 gr12 gr26
     5c0:	84 d3 4a 06 	xor gr13 gr13 gr10
     5c4:	84 e3 8c 00 	add gr14 gr14 gr12
     5c8:	84 f3 cd 06 	xor gr15 gr15 gr13
     5cc:	84 c3 0f 00 	add gr12 gr12 gr15
     5d0:	80 00 00 00 	nop
     5d4:	80 b0 00 0f 	movc2g gr11
     5d8:	94 b0 10 75 	movigl gr11 107 <.L0 +0x32>
     5dc:	94 b0 00 01 	movigh gr11 0 <Cla1Task1>
     5e0:	95 b4 00 15 	movigl gr27 4001 <$line_table_start0+0x1110>
     5e4:	95 b0 00 01 	movigh gr27 0 <Cla1Task1>
     5e8:	80 06 c0 0b 	movg2c gr27
     5ec:	84 c3 1b 00 	add gr12 gr12 gr27
     5f0:	84 d3 4b 06 	xor gr13 gr13 gr11
     5f4:	84 e3 8c 00 	add gr14 gr14 gr12
     5f8:	84 f3 cd 06 	xor gr15 gr15 gr13
     5fc:	84 c3 0f 00 	add gr12 gr12 gr15
     600:	80 00 00 00 	nop
     604:	80 40 00 0f 	movc2g gr4
     608:	94 40 10 85 	movigl gr4 108 <.L0 +0x33>
     60c:	94 40 00 01 	movigh gr4 0 <Cla1Task1>
     610:	95 44 00 15 	movigl gr20 4001 <$line_table_start0+0x1110>
     614:	95 40 00 01 	movigh gr20 0 <Cla1Task1>
     618:	80 05 00 0b 	movg2c gr20
     61c:	84 c3 14 00 	add gr12 gr12 gr20
     620:	84 d3 44 06 	xor gr13 gr13 gr4
     624:	84 e3 8c 00 	add gr14 gr14 gr12
     628:	84 f3 cd 06 	xor gr15 gr15 gr13
     62c:	84 c3 0f 00 	add gr12 gr12 gr15
     630:	80 00 00 00 	nop
     634:	80 50 00 0f 	movc2g gr5
     638:	94 50 10 95 	movigl gr5 109 <.L0 >
     63c:	94 50 00 01 	movigh gr5 0 <Cla1Task1>
     640:	95 54 01 15 	movigl gr21 4011 <$line_table_start0+0x1120>
     644:	95 50 00 01 	movigh gr21 0 <Cla1Task1>
     648:	80 05 40 0b 	movg2c gr21
     64c:	84 c3 15 00 	add gr12 gr12 gr21
     650:	84 d3 45 06 	xor gr13 gr13 gr5
     654:	84 e3 8c 00 	add gr14 gr14 gr12
     658:	84 f3 cd 06 	xor gr15 gr15 gr13
     65c:	84 c3 0f 00 	add gr12 gr12 gr15
     660:	80 00 00 00 	nop
     664:	80 60 00 0f 	movc2g gr6
     668:	94 60 10 a5 	movigl gr6 10a <.L0 +0x1>
     66c:	94 60 00 01 	movigh gr6 0 <Cla1Task1>
     670:	95 64 00 15 	movigl gr22 4001 <$line_table_start0+0x1110>
     674:	95 60 00 01 	movigh gr22 0 <Cla1Task1>
     678:	80 05 80 0b 	movg2c gr22
     67c:	84 c3 16 00 	add gr12 gr12 gr22
     680:	84 d3 46 06 	xor gr13 gr13 gr6
     684:	84 e3 8c 00 	add gr14 gr14 gr12
     688:	84 f3 cd 06 	xor gr15 gr15 gr13
     68c:	84 c3 0f 00 	add gr12 gr12 gr15
     690:	80 00 00 00 	nop
     694:	80 70 00 0f 	movc2g gr7
     698:	94 70 10 b5 	movigl gr7 10b <.L0 +0x2>
     69c:	94 70 00 01 	movigh gr7 0 <Cla1Task1>
     6a0:	95 74 00 15 	movigl gr23 4001 <$line_table_start0+0x1110>
     6a4:	95 70 00 01 	movigh gr23 0 <Cla1Task1>
     6a8:	80 05 c0 0b 	movg2c gr23
     6ac:	84 c3 17 00 	add gr12 gr12 gr23
     6b0:	84 d3 47 06 	xor gr13 gr13 gr7
     6b4:	84 e3 8c 00 	add gr14 gr14 gr12
     6b8:	84 f3 cd 06 	xor gr15 gr15 gr13
     6bc:	84 c3 0f 00 	add gr12 gr12 gr15
     6c0:	80 00 00 00 	nop
     6c4:	80 80 00 0f 	movc2g gr8
     6c8:	94 80 10 c5 	movigl gr8 10c <.L0 +0x3>
     6cc:	94 80 00 01 	movigh gr8 0 <Cla1Task1>
     6d0:	95 84 01 15 	movigl gr24 4011 <$line_table_start0+0x1120>
     6d4:	95 80 00 01 	movigh gr24 0 <Cla1Task1>
     6d8:	80 06 00 0b 	movg2c gr24
     6dc:	84 c3 18 00 	add gr12 gr12 gr24
     6e0:	84 d3 48 06 	xor gr13 gr13 gr8
     6e4:	84 e3 8c 00 	add gr14 gr14 gr12
     6e8:	84 f3 cd 06 	xor gr15 gr15 gr13
     6ec:	84 c3 0f 00 	add gr12 gr12 gr15
     6f0:	80 00 00 00 	nop
     6f4:	80 90 00 0f 	movc2g gr9
     6f8:	94 90 10 d5 	movigl gr9 10d <.L0 +0x4>
     6fc:	94 90 00 01 	movigh gr9 0 <Cla1Task1>
     700:	95 94 00 15 	movigl gr25 4001 <$line_table_start0+0x1110>
     704:	95 90 00 01 	movigh gr25 0 <Cla1Task1>
     708:	80 06 40 0b 	movg2c gr25
     70c:	84 c3 19 00 	add gr12 gr12 gr25
     710:	84 d3 49 06 	xor gr13 gr13 gr9
     714:	84 e3 8c 00 	add gr14 gr14 gr12
     718:	84 f3 cd 06 	xor gr15 gr15 gr13
     71c:	84 c3 0f 00 	add gr12 gr12 gr15
     720:	80 00 00 00 	nop
     724:	80 a0 00 0f 	movc2g gr10
     728:	94 a0 10 e5 	movigl gr10 10e <.L0 +0x5>
     72c:	94 a0 00 01 	movigh gr10 0 <Cla1Task1>
     730:	95 a4 00 15 	movigl gr26 4001 <$line_table_start0+0x1110>
     734:	95 a0 00 01 	movigh gr26 0 <Cla1Task1>
     738:	80 06 80 0b 	movg2c gr26
     73c:	84 c3 1a 00 	add gr12 gr12 gr26
     740:	84 d3 4a 06 	xor gr13 gr13 gr10
     744:	84 e3 8c 00 	add gr14 gr14 gr12
     748:	84 f3 cd 06 	xor gr15 gr15 gr13
     74c:	84 c3 0f 00 	add gr12 gr12 gr15
     750:	80 00 00 00 	nop
     754:	80 b0 00 0f 	movc2g gr11
     758:	94 b0 10 f5 	movigl gr11 10f <.L0 +0x6>
     75c:	94 b0 00 01 	movigh gr11 0 <Cla1Task1>
     760:	95 b4 01 15 	movigl gr27 4011 <$line_table_start0+0x1120>
     764:	95 b0 00 01 	movigh gr27 0 <Cla1Task1>
     768:	80 06 c0 0b 	movg2c gr27
     76c:	84 c3 1b 00 	add gr12 gr12 gr27
     770:	84 d3 4b 06 	xor gr13 gr13 gr11
     774:	84 e3 8c 00 	add gr14 gr14 gr12
     778:	84 f3 cd 06 	xor gr15 gr15 gr13
     77c:	84 c3 0f 00 	add gr12 gr12 gr15
     780:	80 00 00 00 	nop
     784:	80 40 00 0f 	movc2g gr4
     788:	94 40 11 05 	movigl gr4 110 <.L0 +0x7>
     78c:	94 40 00 01 	movigh gr4 0 <Cla1Task1>
     790:	95 44 00 15 	movigl gr20 4001 <$line_table_start0+0x1110>
     794:	95 40 00 01 	movigh gr20 0 <Cla1Task1>
     798:	80 05 00 0b 	movg2c gr20
     79c:	84 c3 14 00 	add gr12 gr12 gr20
     7a0:	84 d3 44 06 	xor gr13 gr13 gr4
     7a4:	84 e3 8c 00 	add gr14 gr14 gr12
     7a8:	84 f3 cd 06 	xor gr15 gr15 gr13
     7ac:	84 c3 0f 00 	add gr12 gr12 gr15
     7b0:	80 00 00 00 	nop
     7b4:	80 50 00 0f 	movc2g gr5
     7b8:	94 50 11 15 	movigl gr5 111 <.L0 +0x8>
     7bc:	94 50 00 01 	movigh gr5 0 <Cla1Task1>
     7c0:	95 54 00 15 	movigl gr21 4001 <$line_table_start0+0x1110>
     7c4:	95 50 00 01 	movigh gr21 0 <Cla1Task1>
     7c8:	80 05 40 0b 	movg2c gr21
     7cc:	84 c3 15 00 	add gr12 gr12 gr21
     7d0:	84 d3 45 06 	xor gr13 gr13 gr5
     7d4:	84 e3 8c 00 	add gr14 gr14 gr12
     7d8:	84 f3 cd 06 	xor gr15 gr15 gr13
     7dc:	84 c3 0f 00 	add gr12 gr12 gr15
     7e0:	80 00 00 00 	nop
     7e4:	80 60 00 0f 	movc2g gr6
     7e8:	94 60 11 25 	movigl gr6 112 <.L0 +0x9>
     7ec:	94 60 00 01 	movigh gr6 0 <Cla1Task1>
     7f0:	95 64 01 15 	movigl gr22 4011 <$line_table_start0+0x1120>
     7f4:	95 60 00 01 	movigh gr22 0 <Cla1Task1>
     7f8:	80 05 80 0b 	movg2c gr22
     7fc:	84 c3 16 00 	add gr12 gr12 gr22
     800:	84 d3 46 06 	xor gr13 gr13 gr6
     804:	84 e3 8c 00 	add gr14 gr14 gr12
     808:	84 f3 cd 06 	xor gr15 gr15 gr13
     80c:	84 c3 0f 00 	add gr12 gr12 gr15
     810:	80 00 00 00 	nop
     814:	80 70 00 0f 	movc2g gr7
     818:	94 70 11 35 	movigl gr7 113 <.L0 +0xa>
     81c:	94 70 00 01 	movigh gr7 0 <Cla1Task1>
     820:	95 74 00 15 	movigl gr23 4001 <$line_table_start0+0x1110>
     824:	95 70 00 01 	movigh gr23 0 <Cla1Task1>
     828:	80 05 c0 0b 	movg2c gr23
     82c:	84 c3 17 00 	add gr12 gr12 gr23
     830:	84 d3 47 06 	xor gr13 gr13 gr7
     834:	84 e3 8c 00 	add gr14 gr14 gr12
     838:	84 f3 cd 06 	xor gr15 gr15 gr13
     83c:	84 c3 0f 00 	add gr12 gr12 gr15
     840:	80 00 00 00 	nop
     844:	80 80 00 0f 	movc2g gr8
     848:	94 80 11 45 	movigl gr8 114 <.L0 +0xb>
     84c:	94 80 00 01 	movigh gr8 0 <Cla1Task1>
     850:	95 84 00 15 	movigl gr24 4001 <$line_table_start0+0x1110>
     854:	95 80 00 01 	movigh gr24 0 <Cla1Task1>
     858:	80 06 00 0b 	movg2c gr24
     85c:	84 c3 18 00 	add gr12 gr12 gr24
     860:	84 d3 48 06 	xor gr13 gr13 gr8
     864:	84 e3 8c 00 	add gr14 gr14 gr12
     868:	84 f3 cd 06 	xor gr15 gr15 gr13
     86c:	84 c3 0f 00 	add gr12 gr12 gr15
     870:	80 00 00 00 	nop
     874:	80 90 00 0f 	movc2g gr9
     878:	94 90 11 55 	movigl gr9 115 <.L0 +0xc>
     87c:	94 90 00 01 	movigh gr9 0 <Cla1Task1>
     880:	95 94 01 15 	movigl gr25 4011 <$line_table_start0+0x1120>
     884:	95 90 00 01 	movigh gr25 0 <Cla1Task1>
     888:	80 06 40 0b 	movg2c gr25
     88c:	84 c3 19 00 	add gr12 gr12 gr25
     890:	84 d3 49 06 	xor gr13 gr13 gr9
     894:	84 e3 8c 00 	add gr14 gr14 gr12
     898:	84 f3 cd 06 	xor gr15 gr15 gr13
     89c:	84 c3 0f 00 	add gr12 gr12 gr15
     8a0:	80 00 00 00 	nop
     8a4:	80 a0 00 0f 	movc2g gr10
     8a8:	94 a0 11 65 	movigl gr10 116 <.L0 +0xd>
     8ac:	94 a0 00 01 	movigh gr10 0 <Cla1Task1>
     8b0:	95 a4 00 15 	movigl gr26 4001 <$line_table_start0+0x1110>
     8b4:	95 a0 00 01 	movigh gr26 0 <Cla1Task1>
     8b8:	80 06 80 0b 	movg2c gr26
     8bc:	84 c3 1a 00 	add gr12 gr12 gr26
     8c0:	84 d3 4a 06 	xor gr13 gr13 gr10
     8c4:	84 e3 8c 00 	add gr14 gr14 gr12
     8c8:	84 f3 cd 06 	xor gr15 gr15 gr13
     8cc:	84 c3 0f 00 	add gr12 gr12 gr15
     8d0:	80 00 00 00 	nop
     8d4:	80 b0 00 0f 	movc2g gr11
     8d8:	94 b0 11 75 	movigl gr11 117 <.L0 +0xe>
     8dc:	94 b0 00 01 	movigh gr11 0 <Cla1Task1>
     8e0:	95 b4 00 15 	movigl gr27 4001 <$line_table_start0+0x1110>
     8e4:	95 b0 00 01 	movigh gr27 0 <Cla1Task1>
     8e8:	80 06 c0 0b 	movg2c gr27
     8ec:	84 c3 1b 00 	add gr12 gr12 gr27
     8f0:	84 d3 4b 06 	xor gr13 gr13 gr11
     8f4:	84 e3 8c 00 	add gr14 gr14 gr12
     8f8:	84 f3 cd 06 	xor gr15 gr15 gr13
     8fc:	84 c3 0f 00 	add gr12 gr12 gr15
     900:	80 00 00 00 	nop
     904:	80 40 00 0f 	movc2g gr4
     908:	94 40 11 85 	movigl gr4 118 <.L0 +0xf>
     90c:	94 40 00 01 	movigh gr4 0 <Cla1Task1>
     910:	95 44 01 15 	movigl gr20 4011 <$line_table_start0+0x1120>
     914:	95 40 00 01 	movigh gr20 0 <Cla1Task1>
     918:	80 05 00 0b 	movg2c gr20
     91c:	84 c3 14 00 	add gr12 gr12 gr20
     920:	84 d3 44 06 	xor gr13 gr13 gr4
     924:	84 e3 8c 00 	add gr14 gr14 gr12
     928:	84 f3 cd 06 	xor gr15 gr15 gr13
     92c:	84 c3 0f 00 	add gr12 gr12 gr15
     930:	80 00 00 00 	nop
     934:	80 50 00 0f 	movc2g gr5
     938:	94 50 11 95 	movigl gr5 119 <.L0 +0x10>
     93c:	94 50 00 01 	movigh gr5 0 <Cla1Task1>
     940:	95 54 00 15 	movigl gr21 4001 <$line_table_start0+0x1110>
     944:	95 50 00 01 	movigh gr21 0 <Cla1Task1>
     948:	80 05 40 0b 	movg2c gr21
     94c:	84 c3 15 00 	add gr12 gr12 gr21
     950:	84 d3 45 06 	xor gr13 gr13 gr5
     954:	84 e3 8c 00 	add gr14 gr14 gr12
     958:	84 f3 cd 06 	xor gr15 gr15 gr13
     95c:	84 c3 0f 00 	add gr12 gr12 gr15
     960:	80 00 00 00 	nop
     964:	80 60 00 0f 	movc2g gr6
     968:	94 60 11 a5 	movigl gr6 11a <.L0 +0x11>
     96c:	94 60 00 01 	movigh gr6 0 <Cla1Task1>
     970:	95 64 00 15 	movigl gr22 4001 <$line_table_start0+0x1110>
     974:	95 60 00 01 	movigh gr22 0 <Cla1Task1>
     978:	80 05 80 0b 	movg2c gr22
     97c:	84 c3 16 00 	add gr12 gr12 gr22
     980:	84 d3 46 06 	xor gr13 gr13 gr6
     984:	84 e3 8c 00 	add gr14 gr14 gr12
     988:	84 f3 cd 06 	xor gr15 gr15 gr13
     98c:	84 c3 0f 00 	add gr12 gr12 gr15
     990:	80 00 00 00 	nop
     994:	80 70 00 0f 	movc2g gr7
     998:	94 70 11 b5 	movigl gr7 11b <.L0 +0x12>
     99c:	94 70 00 01 	movigh gr7 0 <Cla1Task1>
     9a0:	95 74 01 15 	movigl gr23 4011 <$line_table_start0+0x1120>
     9a4:	95 70 00 01 	movigh gr23 0 <Cla1Task1>
     9a8:	80 05 c0 0b 	movg2c gr23
     9ac:	84 c3 17 00 	add gr12 gr12 gr23
     9b0:	84 d3 47 06 	xor gr13 gr13 gr7
     9b4:	84 e3 8c 00 	add gr14 gr14 gr12
     9b8:	84 f3 cd 06 	xor gr15 gr15 gr13
     9bc:	84 c3 0f 00 	add gr12 gr12 gr15
     9c0:	80 00 00 00 	nop
     9c4:	80 80 00 0f 	movc2g gr8
     9c8:	94 80 11 c5 	movigl gr8 11c <.L0 +0x13>
     9cc:	94 80 00 01 	movigh gr8 0 <Cla1Task1>
     9d0:	95 84 00 15 	movigl gr24 4001 <$line_table_start0+0x1110>
     9d4:	95 80 00 01 	movigh gr24 0 <Cla1Task1>
     9d8:	80 06 00 0b 	movg2c gr24
     9dc:	84 c3 18 00 	add gr12 gr12 gr24
     9e0:	84 d3 48 06 	xor gr13 gr13 gr8
     9e4:	84 e3 8c 00 	add gr14 gr14 gr12
     9e8:	84 f3 cd 06 	xor gr15 gr15 gr13
     9ec:	84 c3 0f 00 	add gr12 gr12 gr15
     9f0:	80 00 00 00 	nop
     9f4:	80 90 00 0f 	movc2g gr9
     9f8:	94 90 11 d5 	movigl gr9 11d <.L0 +0x14>
     9fc:	94 90 00 01 	movigh gr9 0 <Cla1Task1>
     a00:	95 94 00 15 	movigl gr25 4001 <$line_table_start0+0x1110>
     a04:	95 90 00 01 	movigh gr25 0 <Cla1Task1>
     a08:	80 06 40 0b 	movg2c gr25
     a0c:	84 c3 19 00 	add gr12 gr12 gr25
     a10:	84 d3 49 06 	xor gr13 gr13 gr9
     a14:	84 e3 8c 00 	add gr14 gr14 gr12
     a18:	84 f3 cd 06 	xor gr15 gr15 gr13
     a1c:	84 c3 0f 00 	add gr12 gr12 gr15
     a20:	80 00 00 00 	nop
     a24:	80 a0 00 0f 	movc2g gr10
     a28:	94 a0 11 e5 	movigl gr10 11e <.L0 +0x15>
     a2c:	94 a0 00 01 	movigh gr10 0 <Cla1Task1>
     a30:	95 a4 01 15 	movigl gr26 4011 <$line_table_start0+0x1120>
     a34:	95 a0 00 01 	movigh gr26 0 <Cla1Task1>
     a38:	80 06 80 0b 	movg2c gr26
     a3c:	84 c3 1a 00 	add gr12 gr12 gr26
     a40:	84 d3 4a 06 	xor gr13 gr13 gr10
     a44:	84 e3 8c 00 	add gr14 gr14 gr12
     a48:	84 f3 cd 06 	xor gr15 gr15 gr13
     a4c:	84 c3 0f 00 	add gr12 gr12 gr15
     a50:	80 00 00 00 	nop
     a54:	80 b0 00 0f 	movc2g gr11
     a58:	94 b0 11 f5 	movigl gr11 11f <.L0 +0x16>
     a5c:	94 b0 00 01 	movigh gr11 0 <Cla1Task1>
     a60:	95 b4 00 15 	movigl gr27 4001 <$line_table_start0+0x1110>
     a64:	95 b0 00 01 	movigh gr27 0 <Cla1Task1>
     a68:	80 06 c0 0b 	movg2c gr27
     a6c:	84 c3 1b 00 	add gr12 gr12 gr27
     a70:	84 d3 4b 06 	xor gr13 gr13 gr11
     a74:	84 e3 8c 00 	add gr14 gr14 gr12
     a78:	84 f3 cd 06 	xor gr15 gr15 gr13
     a7c:	84 c3 0f 00 	add gr12 gr12 gr15
     a80:	80 00 00 00 	nop
     a84:	80 40 00 0f 	movc2g gr4
     a88:	94 40 12 05 	movigl gr4 120 <.L0 >
     a8c:	94 40 00 01 	movigh gr4 0 <Cla1Task1>
     a90:	95 44 00 15 	movigl gr20 4001 <$line_table_start0+0x1110>
     a94:	95 40 00 01 	movigh gr20 0 <Cla1Task1>
     a98:	80 05 00 0b 	movg2c gr20
     a9c:	84 c3 14 00 	add gr12 gr12 gr20
     aa0:	84 d3 44 06 	xor gr13 gr13 gr4
     aa4:	84 e3 8c 00 	add gr14 gr14 gr12
     aa8:	84 f3 cd 06 	xor gr15 gr15 gr13
     aac:	84 c3 0f 00 	add gr12 gr12 gr15
     ab0:	80 00 00 00 	nop
     ab4:	80 50 00 0f 	movc2g gr5
     ab8:	94 50 12 15 	movigl gr5 121 <.L0 +0x1>
     abc:	94 50 00 01 	movigh gr5 0 <Cla1Task1>
     ac0:	95 54 01 15 	movigl gr21 4011 <$line_table_start0+0x1120>
     ac4:	95 50 00 01 	movigh gr21 0 <Cla1Task1>
     ac8:	80 05 40 0b 	movg2c gr21
     acc:	84 c3 15 00 	add gr12 gr12 gr21
     ad0:	84 d3 45 06 	xor gr13 gr13 gr5
     ad4:	84 e3 8c 00 	add gr14 gr14 gr12
     ad8:	84 f3 cd 06 	xor gr15 gr15 gr13
     adc:	84 c3 0f 00 	add gr12 gr12 gr15
     ae0:	80 00 00 00 	nop
     ae4:	80 60 00 0f 	movc2g gr6
     ae8:	94 60 12 25 	movigl gr6 122 <.L0 +0x2>
     aec:	94 60 00 01 	movigh gr6 0 <Cla1Task1>
     af0:	95 64 00 15 	movigl gr22 4001 <$line_table_start0+0x1110>
     af4:	95 60 00 01 	movigh gr22 0 <Cla1Task1>
     af8:	80 05 80 0b 	movg2c gr22
     afc:	84 c3 16 00 	add gr12 gr12 gr22
     b00:	84 d3 46 06 	xor gr13 gr13 gr6
     b04:	84 e3 8c 00 	add gr14 gr14 gr12
     b08:	84 f3 cd 06 	xor gr15 gr15 gr13
     b0c:	84 c3 0f 00 	add gr12 gr12 gr15
     b10:	80 00 00 00 	nop
     b14:	80 70 00 0f 	movc2g gr7
     b18:	94 70 12 35 	movigl gr7 123 <.L0 +0x3>
     b1c:	94 70 00 01 	movigh gr7 0 <Cla1Task1>
     b20:	95 74 00 15 	movigl gr23 4001 <$line_table_start0+0x1110>
     b24:	95 70 00 01 	movigh gr23 0 <Cla1Task1>
     b28:	80 05 c0 0b 	movg2c gr23
     b2c:	84 c3 17 00 	add gr12 gr12 gr23
     b30:	84 d3 47 06 	xor gr13 gr13 gr7
     b34:	84 e3 8c 00 	add gr14 gr14 gr12
     b38:	84 f3 cd 06 	xor gr15 gr15 gr13
     b3c:	84 c3 0f 00 	add gr12 gr12 gr15
     b40:	80 00 00 00 	nop
     b44:	80 80 00 0f 	movc2g gr8
     b48:	94 80 12 45 	movigl gr8 124 <.L0 +0x4>
     b4c:	94 80 00 01 	movigh gr8 0 <Cla1Task1>
     b50:	95 84 01 15 	movigl gr24 4011 <$line_table_start0+0x1120>
     b54:	95 80 00 01 	movigh gr24 0 <Cla1Task1>
     b58:	80 06 00 0b 	movg2c gr24
     b5c:	84 c3 18 00 	add gr12 gr12 gr24
     b60:	84 d3 48 06 	xor gr13 gr13 gr8
     b64:	84 e3 8c 00 	add gr14 gr14 gr12
     b68:	84 f3 cd 06 	xor gr15 gr15 gr13
     b6c:	84 c3 0f 00 	add gr12 gr12 gr15
     b70:	80 00 00 00 	nop
     b74:	80 90 00 0f 	movc2g gr9
     b78:	94 90 12 55 	movigl gr9 125 <.L0 +0x5>
     b7c:	94 90 00 01 	movigh gr9 0 <Cla1Task1>
     b80:	95 94 00 15 	movigl gr25 4001 <$line_table_start0+0x1110>
     b84:	95 90 00 01 	movigh gr25 0 <Cla1Task1>
     b88:	80 06 40 0b 	movg2c gr25
     b8c:	84 c3 19 00 	add gr12 gr12 gr25
     b90:	84 d3 49 06 	xor gr13 gr13 gr9
     b94:	84 e3 8c 00 	add gr14 gr14 gr12
     b98:	84 f3 cd 06 	xor gr15 gr15 gr13
     b9c:	84 c3 0f 00 	add gr12 gr12 gr15
     ba0:	80 00 00 00 	nop
     ba4:	80 a0 00 0f 	movc2g gr10
     ba8:	94 a0 12 65 	movigl gr10 126 <.L0 +0x6>
     bac:	94 a0 00 01 	movigh gr10 0 <Cla1Task1>
     bb0:	95 a4 00 15 	movigl gr26 4001 <$line_table_start0+0x1110>
     bb4:	95 a0 00 01 	movigh gr26 0 <Cla1Task1>
     bb8:	80 06 80 0b 	movg2c gr26
     bbc:	84 c3 1a 00 	add gr12 gr12 gr26
     bc0:	84 d3 4a 06 	xor gr13 gr13 gr10
     bc4:	84 e3 8c 00 	add gr14 gr14 gr12
     bc8:	84 f3 cd 06 	xor gr15 gr15 gr13
     bcc:	84 c3 0f 00 	add gr12 gr12 gr15
     bd0:	80 00 00 00 	nop
     bd4:	80 b0 00 0f 	movc2g gr11
     bd8:	94 b0 12 75 	movigl gr11 127 <.L0 +0x7>
     bdc:	94 b0 00 01 	movigh gr11 0 <Cla1Task1>
     be0:	95 b4 01 15 	movigl gr27 4011 <$line_table_start0+0x1120>
     be4:	95 b0 00 01 	movigh gr27 0 <Cla1Task1>
     be8:	80 06 c0 0b 	movg2c gr27
     bec:	84 c3 1b 00 	add gr12 gr12 gr27
     bf0:	84 d3 4b 06 	xor gr13 gr13 gr11
     bf4:	84 e3 8c 00 	add gr14 gr14 gr12
     bf8:	84 f3 cd 06 	xor gr15 gr15 gr13
     bfc:	84 c3 0f 00 	add gr12 gr12 gr15
     c00:	80 00 00 00 	nop
     c04:	80 40 00 0f 	movc2g gr4
     c08:	94 40 12 85 	movigl gr4 128 <.L0 +0x8>
     c0c:	94 40 00 01 	movigh gr4 0 <Cla1Task1>
     c10:	95 44 00 15 	movigl gr20 4001 <$line_table_start0+0x1110>
     c14:	95 40 00 01 	movigh gr20 0 <Cla1Task1>
     c18:	80 05 00 0b 	movg2c gr20
     c1c:	84 c3 14 00 	add gr12 gr12 gr20
     c20:	84 d3 44 06 	xor gr13 gr13 gr4
     c24:	84 e3 8c 00 	add gr14 gr14 gr12
     c28:	84 f3 cd 06 	xor gr15 gr15 gr13
     c2c:	84 c3 0f 00 	add gr12 gr12 gr15
     c30:	80 00 00 00 	nop
     c34:	80 50 00 0f 	movc2g gr5
     c38:	94 50 12 95 	movigl gr5 129 <.L0 +0x9>
     c3c:	94 50 00 01 	movigh gr5 0 <Cla1Task1>
     c40:	95 54 00 15 	movigl gr21 4001 <$line_table_start0+0x1110>
     c44:	95 50 00 01 	movigh gr21 0 <Cla1Task1>
     c48:	80 05 40 0b 	movg2c gr21
     c4c:	84 c3 15 00 	add gr12 gr12 gr21
     c50:	84 d3 45 06 	xor gr13 gr13 gr5
     c54:	84 e3 8c 00 	add gr14 gr14 gr12
     c58:	84 f3 cd 06 	xor gr15 gr15 gr13
     c5c:	84 c3 0f 00 	add gr12 gr12 gr15
     c60:	80 00 00 00 	nop
     c64:	80 60 00 0f 	movc2g gr6
     c68:	94 60 12 a5 	movigl gr6 12a <.L0 +0xa>
     c6c:	94 60 00 01 	movigh gr6 0 <Cla1Task1>
     c70:	95 64 01 15 	movigl gr22 4011 <$line_table_start0+0x1120>
     c74:	95 60 00 01 	movigh gr22 0 <Cla1Task1>
     c78:	80 05 80 0b 	movg2c gr22
     c7c:	84 c3 16 00 	add gr12 gr12 gr22
     c80:	84 d3 46 06 	xor gr13 gr13 gr6
     c84:	84 e3 8c 00 	add gr14 gr14 gr12
     c88:	84 f3 cd 06 	xor gr15 gr15 gr13
     c8c:	84 c3 0f 00 	add gr12 gr12 gr15
     c90:	80 00 00 00 	nop
     c94:	80 70 00 0f 	movc2g gr7
     c98:	94 70 12 b5 	movigl gr7 12b <.L0 +0xb>
     c9c:	94 70 00 01 	movigh gr7 0 <Cla1Task1>
     ca0:	95 74 00 15 	movigl gr23 4001 <$line_table_start0+0x1110>
     ca4:	95 70 00 01 	movigh gr23 0 <Cla1Task1>
     ca8:	80 05 c0 0b 	movg2c gr23
     cac:	84 c3 17 00 	add gr12 gr12 gr23
     cb0:	84 d3 47 06 	xor gr13 gr13 gr7
     cb4:	84 e3 8c 00 	add gr14 gr14 gr12
     cb8:	84 f3 cd 06 	xor gr15 gr15 gr13
     cbc:	84 c3 0f 00 	add gr12 gr12 gr15
     cc0:	80 00 00 00 	nop
     cc4:	80 80 00 0f 	movc2g gr8
     cc8:	94 80 12 c5 	movigl gr8 12c <.L0 +0xc>
     ccc:	94 80 00 01 	movigh gr8 0 <Cla1Task1>
     cd0:	95 84 00 15 	movigl gr24 4001 <$line_table_start0+0x1110>
     cd4:	95 80 00 01 	movigh gr24 0 <Cla1Task1>
     cd8:	80 06 00 0b 	movg2c gr24
     cdc:	84 c3 18 00 	add gr12 gr12 gr24
     ce0:	84 d3 48 06 	xor gr13 gr13 gr8
     ce4:	84 e3 8c 00 	add gr14 gr14 gr12
     ce8:	84 f3 cd 06 	xor gr15 gr15 gr13
     cec:	84 c3 0f 00 	add gr12 gr12 gr15
     cf0:	80 00 00 00 	nop
     cf4:	80 90 00 0f 	movc2g gr9
     cf8:	94 90 12 d5 	movigl gr9 12d <.L0 +0xd>
     cfc:	94 90 00 01 	movigh gr9 0 <Cla1Task1>
     d00:	95 94 01 15 	movigl gr25 4011 <$line_table_start0+0x1120>
     d04:	95 90 00 01 	movigh gr25 0 <Cla1Task1>
     d08:	80 06 40 0b 	movg2c gr25
     d0c:	84 c3 19 00 	add gr12 gr12 gr25
     d10:	84 d3 49 06 	xor gr13 gr13 gr9
     d14:	84 e3 8c 00 	add gr14 gr14 gr12
     d18:	84 f3 cd 06 	xor gr15 gr15 gr13
     d1c:	84 c3 0f 00 	add gr12 gr12 gr15
     d20:	80 00 00 00 	nop
     d24:	80 a0 00 0f 	movc2g gr10
     d28:	94 a0 12 e5 	movigl gr10 12e <.L0 +0xe>
     d2c:	94 a0 00 01 	movigh gr10 0 <Cla1Task1>
     d30:	95 a4 00 15 	movigl gr26 4001 <$line_table_start0+0x1110>
     d34:	95 a0 00 01 	movigh gr26 0 <Cla1Task1>
     d38:	80 06 80 0b 	movg2c gr26
     d3c:	84 c3 1a 00 	add gr12 gr12 gr26
     d40:	84 d3 4a 06 	xor gr13 gr13 gr10
     d44:	84 e3 8c 00 	add gr14 gr14 gr12
     d48:	84 f3 cd 06 	xor gr15 gr15 gr13
     d4c:	84 c3 0f 00 	add gr12 gr12 gr15
     d50:	80 00 00 00 	nop
     d54:	80 b0 00 0f 	movc2g gr11
     d58:	94 b0 12 f5 	movigl gr11 12f <.L0 +0xf>
     d5c:	94 b0 00 01 	movigh gr11 0 <Cla1Task1>
     d60:	95 b4 00 15 	movigl gr27 4001 <$line_table_start0+0x1110>
     d64:	95 b0 00 01 	movigh gr27 0 <Cla1Task1>
     d68:	80 06 c0 0b 	movg2c gr27
     d6c:	84 c3 1b 00 	add gr12 gr12 gr27
     d70:	84 d3 4b 06 	xor gr13 gr13 gr11
     d74:	84 e3 8c 00 	add gr14 gr14 gr12
     d78:	84 f3 cd 06 	xor gr15 gr15 gr13
     d7c:	84 c3 0f 00 	add gr12 gr12 gr15
     d80:	80 00 00 00 	nop
     d84:	80 40 00 0f 	movc2g gr4
     d88:	94 40 13 05 	movigl gr4 130 <.L0 +0x10>
     d8c:	94 40 00 01 	movigh gr4 0 <Cla1Task1>
     d90:	95 44 01 15 	movigl gr20 4011 <$line_table_start0+0x1120>
     d94:	95 40 00 01 	movigh gr20 0 <Cla1Task1>
     d98:	80 05 00 0b 	movg2c gr20
     d9c:	84 c3 14 00 	add gr12 gr12 gr20
     da0:	84 d3 44 06 	xor gr13 gr13 gr4
     da4:	84 e3 8c 00 	add gr14 gr14 gr12
     da8:	84 f3 cd 06 	xor gr15 gr15 gr13
     dac:	84 c3 0f 00 	add gr12 gr12 gr15
     db0:	80 00 00 00 	nop
     db4:	80 50 00 0f 	movc2g gr5
     db8:	94 50 13 15 	movigl gr5 131 <.L0 +0x11>
     dbc:	94 50 00 01 	movigh gr5 0 <Cla1Task1>
     dc0:	95 54 00 15 	movigl gr21 4001 <$line_table_start0+0x1110>
     dc4:	95 50 00 01 	movigh gr21 0 <Cla1Task1>
     dc8:	80 05 40 0b 	movg2c gr21
     dcc:	84 c3 15 00 	add gr12 gr12 gr21
     dd0:	84 d3 45 06 	xor gr13 gr13 gr5
     dd4:	84 e3 8c 00 	add gr14 gr14 gr12
     dd8:	84 f3 cd 06 	xor gr15 gr15 gr13
     ddc:	84 c3 0f 00 	add gr12 gr12 gr15
     de0:	80 00 00 00 	nop
     de4:	80 60 00 0f 	movc2g gr6
     de8:	94 60 13 25 	movigl gr6 132 <.L0 >
     dec:	94 60 00 01 	movigh gr6 0 <Cla1Task1>
     df0:	95 64 00 15 	movigl gr22 4001 <$line_table_start0+0x1110>
     df4:	95 60 00 01 	movigh gr22 0 <Cla1Task1>
     df8:	80 05 80 0b 	movg2c gr22
     dfc:	84 c3 16 00 	add gr12 gr12 gr22
     e00:	84 d3 46 06 	xor gr13 gr13 gr6
     e04:	84 e3 8c 00 	add gr14 gr14 gr12
     e08:	84 f3 cd 06 	xor gr15 gr15 gr13
     e0c:	84 c3 0f 00 	add gr12 gr12 gr15
     e10:	80 00 00 00 	nop
     e14:	80 70 00 0f 	movc2g gr7
     e18:	94 70 13 35 	movigl gr7 133 <.L0 +0x1>
     e1c:	94 70 00 01 	movigh gr7 0 <Cla1Task1>
     e20:	95 74 01 15 	movigl gr23 4011 <$line_table_start0+0x1120>
     e24:	95 70 00 01 	movigh gr23 0 <Cla1Task1>
     e28:	80 05 c0 0b 	movg2c gr23
     e2c:	84 c3 17 00 	add gr12 gr12 gr23
     e30:	84 d3 47 06 	xor gr13 gr13 gr7
     e34:	84 e3 8c 00 	add gr14 gr14 gr12
     e38:	84 f3 cd 06 	xor gr15 gr15 gr13
     e3c:	84 c3 0f 00 	add gr12 gr12 gr15
     e40:	80 00 00 00 	nop
     e44:	80 80 00 0f 	movc2g gr8
     e48:	94 80 13 45 	movigl gr8 134 <Cla1Task3>
     e4c:	94 80 00 01 	movigh gr8 0 <Cla1Task1>
     e50:	95 84 00 15 	movigl gr24 4001 <$line_table_start0+0x1110>
     e54:	95 80 00 01 	movigh gr24 0 <Cla1Task1>
     e58:	80 06 00 0b 	movg2c gr24
     e5c:	84 c3 18 00 	add gr12 gr12 gr24
     e60:	84 d3 48 06 	xor gr13 gr13 gr8
     e64:	84 e3 8c 00 	add gr14 gr14 gr12
     e68:	84 f3 cd 06 	xor gr15 gr15 gr13
     e6c:	84 c3 0f 00 	add gr12 gr12 gr15
     e70:	80 00 00 00 	nop
     e74:	80 90 00 0f 	movc2g gr9
     e78:	94 90 13 55 	movigl gr9 135 <Cla1Task3+0x1>
     e7c:	94 90 00 01 	movigh gr9 0 <Cla1Task1>
     e80:	95 94 00 15 	movigl gr25 4001 <$line_table_start0+0x1110>
     e84:	95 90 00 01 	movigh gr25 0 <Cla1Task1>
     e88:	80 06 40 0b 	movg2c gr25
     e8c:	84 c3 19 00 	add gr12 gr12 gr25
     e90:	84 d3 49 06 	xor gr13 gr13 gr9
     e94:	84 e3 8c 00 	add gr14 gr14 gr12
     e98:	84 f3 cd 06 	xor gr15 gr15 gr13
     e9c:	84 c3 0f 00 	add gr12 gr12 gr15
     ea0:	80 00 00 00 	nop
     ea4:	80 a0 00 0f 	movc2g gr10
     ea8:	94 a0 13 65 	movigl gr10 136 <Cla1Task3+0x2>
     eac:	94 a0 00 01 	movigh gr10 0 <Cla1Task1>
     eb0:	95 a4 01 15 	movigl gr26 4011 <$line_table_start0+0x1120>
     eb4:	95 a0 00 01 	movigh gr26 0 <Cla1Task1>
     eb8:	80 06 80 0b 	movg2c gr26
     ebc:	84 c3 1a 00 	add gr12 gr12 gr26
     ec0:	84 d3 4a 06 	xor gr13 gr13 gr10
     ec4:	84 e3 8c 00 	add gr14 gr14 gr12
     ec8:	84 f3 cd 06 	xor gr15 gr15 gr13
     ecc:	84 c3 0f 00 	add gr12 gr12 gr15
     ed0:	80 00 00 00 	nop
     ed4:	80 b0 00 0f 	movc2g gr11
     ed8:	94 b0 13 75 	movigl gr11 137 <Cla1Task3+0x3>
     edc:	94 b0 00 01 	movigh gr11 0 <Cla1Task1>
     ee0:	95 b4 00 15 	movigl gr27 4001 <$line_table_start0+0x1110>
     ee4:	95 b0 00 01 	movigh gr27 0 <Cla1Task1>
     ee8:	80 06 c0 0b 	movg2c gr27
     eec:	84 c3 1b 00 	add gr12 gr12 gr27
     ef0:	84 d3 4b 06 	xor gr13 gr13 gr11
     ef4:	84 e3 8c 00 	add gr14 gr14 gr12
     ef8:	84 f3 cd 06 	xor gr15 gr15 gr13
     efc:	84 c3 0f 00 	add gr12 gr12 gr15
     f00:	80 00 00 00 	nop
     f04:	80 40 00 0f 	movc2g gr4
     f08:	94 40 13 85 	movigl gr4 138 <Cla1Task3+0x4>
     f0c:	94 40 00 01 	movigh gr4 0 <Cla1Task1>
     f10:	95 44 00 15 	movigl gr20 4001 <$line_table_start0+0x1110>
     f14:	95 40 00 01 	movigh gr20 0 <Cla1Task1>
     f18:	80 05 00 0b 	movg2c gr20
     f1c:	84 c3 14 00 	add gr12 gr12 gr20
     f20:	84 d3 44 06 	xor gr13 gr13 gr4
     f24:	84 e3 8c 00 	add gr14 gr14 gr12
     f28:	84 f3 cd 06 	xor gr15 gr15 gr13
     f2c:	84 c3 0f 00 	add gr12 gr12 gr15
     f30:	80 00 00 00 	nop
     f34:	80 50 00 0f 	movc2g gr5
     f38:	94 50 13 95 	movigl gr5 139 <Cla1Task3+0x5>
     f3c:	94 50 00 01 	movigh gr5 0 <Cla1Task1>
     f40:	95 54 01 15 	movigl gr21 4011 <$line_table_start0+0x1120>
     f44:	95 50 00 01 	movigh gr21 0 <Cla1Task1>
     f48:	80 05 40 0b 	movg2c gr21
     f4c:	84 c3 15 00 	add gr12 gr12 gr21
     f50:	84 d3 45 06 	xor gr13 gr13 gr5
     f54:	84 e3 8c 00 	add gr14 gr14 gr12
     f58:	84 f3 cd 06 	xor gr15 gr15 gr13
     f5c:	84 c3 0f 00 	add gr12 gr12 gr15
     f60:	80 00 00 00 	nop
     f64:	80 60 00 0f 	movc2g gr6
     f68:	94 60 13 a5 	movigl gr6 13a <Cla1Task3+0x6>
     f6c:	94 60 00 01 	movigh gr6 0 <Cla1Task1>
     f70:	95 64 00 15 	movigl gr22 4001 <$line_table_start0+0x1110>
     f74:	95 60 00 01 	movigh gr22 0 <Cla1Task1>
     f78:	80 05 80 0b 	movg2c gr22
     f7c:	84 c3 16 00 	add gr12 gr12 gr22
     f80:	84 d3 46 06 	xor gr13 gr13 gr6
     f84:	84 e3 8c 00 	add gr14 gr14 gr12
     f88:	84 f3 cd 06 	xor gr15 gr15 gr13
     f8c:	84 c3 0f 00 	add gr12 gr12 gr15
     f90:	80 00 00 00 	nop
     f94:	80 70 00 0f 	movc2g gr7
     f98:	94 70 13 b5 	movigl gr7 13b <Cla1Task3+0x7>
     f9c:	94 70 00 01 	movigh gr7 0 <Cla1Task1>
     fa0:	95 74 00 15 	movigl gr23 4001 <$line_table_start0+0x1110>
     fa4:	95 70 00 01 	movigh gr23 0 <Cla1Task1>
     fa8:	80 05 c0 0b 	movg2c gr23
     fac:	84 c3 17 00 	add gr12 gr12 gr23
     fb0:	84 d3 47 06 	xor gr13 gr13 gr7
     fb4:	84 e3 8c 00 	add gr14 gr14 gr12
     fb8:	84 f3 cd 06 	xor gr15 gr15 gr13
     fbc:	84 c3 0f 00 	add gr12 gr12 gr15
     fc0:	80 00 00 00 	nop
     fc4:	80 80 00 0f 	movc2g gr8
     fc8:	94 80 13 c5 	movigl gr8 13c <Cla1Task3+0x8>
     fcc:	94 80 00 01 	movigh gr8 0 <Cla1Task1>
     fd0:	95 84 01 15 	movigl gr24 4011 <$line_table_start0+0x1120>
     fd4:	95 80 00 01 	movigh gr24 0 <Cla1Task1>
     fd8:	80 06 00 0b 	movg2c gr24
     fdc:	84 c3 18 00 	add gr12 gr12 gr24
     fe0:	84 d3 48 06 	xor gr13 gr13 gr8
     fe4:	84 e3 8c 00 	add gr14 gr14 gr12
     fe8:	84 f3 cd 06 	xor gr15 gr15 gr13
     fec:	84 c3 0f 00 	add gr12 gr12 gr15
     ff0:	80 00 00 00 	nop
     ff4:	80 90 00 0f 	movc2g gr9
     ff8:	94 90 13 d5 	movigl gr9 13d <Cla1Task3+0x9>
     ffc:	94 90 00 01 	movigh gr9 0 <Cla1Task1>
    1000:	95 94 00 15 	movigl gr25 4001 <$line_table_start0+0x1110>
    1004:	95 90 00 01 	movigh gr25 0 <Cla1Task1>
    1008:	80 06 40 0b 	movg2c gr25
    100c:	84 c3 19 00 	add gr12 gr12 gr25
    1010:	84 d3 49 06 	xor gr13 gr13 gr9
    1014:	84 e3 8c 00 	add gr14 gr14 gr12
    1018:	84 f3 cd 06 	xor gr15 gr15 gr13
    101c:	84 c3 0f 00 	add gr12 gr12 gr15
    1020:	80 00 00 00 	nop
    1024:	80 a0 00 0f 	movc2g gr10
    1028:	94 a0 13 e5 	movigl gr10 13e <Cla1Task3+0xa>
    102c:	94 a0 00 01 	movigh gr10 0 <Cla1Task1>
    1030:	95 a4 00 15 	movigl gr26 4001 <$line_table_start0+0x1110>
    1034:	95 a0 00 01 	movigh gr26 0 <Cla1Task1>
    1038:	80 06 80 0b 	movg2c gr26
    103c:	84 c3 1a 00 	add gr12 gr12 gr26
    1040:	84 d3 4a 06 	xor gr13 gr13 gr10
    1044:	84 e3 8c 00 	add gr14 gr14 gr12
    1048:	84 f3 cd 06 	xor gr15 gr15 gr13
    104c:	84 c3 0f 00 	add gr12 gr12 gr15
    1050:	80 00 00 00 	nop
    1054:	80 b0 00 0f 	movc2g gr11
    1058:	94 b0 13 f5 	movigl gr11 13f <Cla1Task3+0xb>
    105c:	94 b0 00 01 	movigh gr11 0 <Cla1Task1>
    1060:	95 b4 01 15 	movigl gr27 4011 <$line_table_start0+0x1120>
    1064:	95 b0 00 01 	movigh gr27 0 <Cla1Task1>
    1068:	80 06 c0 0b 	movg2c gr27
    106c:	84 c3 1b 00 	add gr12 gr12 gr27
    1070:	84 d3 4b 06 	xor gr13 gr13 gr11
    1074:	84 e3 8c 00 	add gr14 gr14 gr12
    1078:	84 f3 cd 06 	xor gr15 gr15 gr13
    107c:	84 c3 0f 00 	add gr12 gr12 gr15
    1080:	80 00 00 00 	nop
    1084:	80 40 00 0f 	movc2g gr4
    1088:	94 40 14 05 	movigl gr4 140 <Cla1Task3+0xc>
    108c:	94 40 00 01 	movigh gr4 0 <Cla1Task1>
    1090:	95 44 00 15 	movigl gr20 4001 <$line_table_start0+0x1110>
    1094:	95 40 00 01 	movigh gr20 0 <Cla1Task1>
    1098:	80 05 00 0b 	movg2c gr20
    109c:	84 c3 14 00 	add gr12 gr12 gr20
    10a0:	84 d3 44 06 	xor gr13 gr13 gr4
    10a4:	84 e3 8c 00 	add gr14 gr14 gr12
    10a8:	84 f3 cd 06 	xor gr15 gr15 gr13
    10ac:	84 c3 0f 00 	add gr12 gr12 gr15
    10b0:	80 00 00 00 	nop
    10b4:	80 50 00 0f 	movc2g gr5
    10b8:	94 50 14 15 	movigl gr5 141 <Cla1Task3+0xd>
    10bc:	94 50 00 01 	movigh gr5 0 <Cla1Task1>
    10c0:	95 54 00 15 	movigl gr21 4001 <$line_table_start0+0x1110>
    10c4:	95 50 00 01 	movigh gr21 0 <Cla1Task1>
    10c8:	80 05 40 0b 	movg2c gr21
    10cc:	84 c3 15 00 	add gr12 gr12 gr21
    10d0:	84 d3 45 06 	xor gr13 gr13 gr5
    10d4:	84 e3 8c 00 	add gr14 gr14 gr12
    10d8:	84 f3 cd 06 	xor gr15 gr15 gr13
    10dc:	84 c3 0f 00 	add gr12 gr12 gr15
    10e0:	80 00 00 00 	nop
    10e4:	80 60 00 0f 	movc2g gr6
    10e8:	94 60 14 25 	movigl gr6 142 <Cla1Task3+0xe>
    10ec:	94 60 00 01 	movigh gr6 0 <Cla1Task1>
    10f0:	95 64 01 15 	movigl gr22 4011 <$line_table_start0+0x1120>
    10f4:	95 60 00 01 	movigh gr22 0 <Cla1Task1>
    10f8:	80 05 80 0b 	movg2c gr22
    10fc:	84 c3 16 00 	add gr12 gr12 gr22
    1100:	84 d3 46 06 	xor gr13 gr13 gr6
    1104:	84 e3 8c 00 	add gr14 gr14 gr12
    1108:	84 f3 cd 06 	xor gr15 gr15 gr13
    110c:	84 c3 0f 00 	add gr12 gr12 gr15
    1110:	80 00 00 00 	nop
    1114:	80 70 00 0f 	movc2g gr7
    1118:	94 70 14 35 	movigl gr7 143 <Cla1Task3+0xf>
    111c:	94 70 00 01 	movigh gr7 0 <Cla1Task1>
    1120:	95 74 00 15 	movigl gr23 4001 <$line_table_start0+0x1110>
    1124:	95 70 00 01 	movigh gr23 0 <Cla1Task1>
    1128:	80 05 c0 0b 	movg2c gr23
    112c:	84 c3 17 00 	add gr12 gr12 gr23
    1130:	84 d3 47 06 	xor gr13 gr13 gr7
    1134:	84 e3 8c 00 	add gr14 gr14 gr12
    1138:	84 f3 cd 06 	xor gr15 gr15 gr13
    113c:	84 c3 0f 00 	add gr12 gr12 gr15
    1140:	80 00 00 00 	nop
    1144:	80 80 00 0f 	movc2g gr8
    1148:	94 80 14 45 	movigl gr8 144 <Cla1Task3+0x10>
    114c:	94 80 00 01 	movigh gr8 0 <Cla1Task1>
    1150:	95 84 00 15 	movigl gr24 4001 <$line_table_start0+0x1110>
    1154:	95 80 00 01 	movigh gr24 0 <Cla1Task1>
    1158:	80 06 00 0b 	movg2c gr24
    115c:	84 c3 18 00 	add gr12 gr12 gr24
    1160:	84 d3 48 06 	xor gr13 gr13 gr8
    1164:	84 e3 8c 00 	add gr14 gr14 gr12
    1168:	84 f3 cd 06 	xor gr15 gr15 gr13
    116c:	84 c3 0f 00 	add gr12 gr12 gr15
    1170:	80 00 00 00 	nop
    1174:	80 90 00 0f 	movc2g gr9
    1178:	94 90 14 55 	movigl gr9 145 <Cla1Task3+0x11>
    117c:	94 90 00 01 	movigh gr9 0 <Cla1Task1>
    1180:	95 94 01 15 	movigl gr25 4011 <$line_table_start0+0x1120>
    1184:	95 90 00 01 	movigh gr25 0 <Cla1Task1>
    1188:	80 06 40 0b 	movg2c gr25
    118c:	84 c3 19 00 	add gr12 gr12 gr25
    1190:	84 d3 49 06 	xor gr13 gr13 gr9
    1194:	84 e3 8c 00 	add gr14 gr14 gr12
    1198:	84 f3 cd 06 	xor gr15 gr15 gr13
    119c:	84 c3 0f 00 	add gr12 gr12 gr15
    11a0:	80 00 00 00 	nop
    11a4:	80 a0 00 0f 	movc2g gr10
    11a8:	94 a0 14 65 	movigl gr10 146 <Cla1Task3+0x12>
    11ac:	94 a0 00 01 	movigh gr10 0 <Cla1Task1>
    11b0:	95 a4 00 15 	movigl gr26 4001 <$line_table_start0+0x1110>
    11b4:	95 a0 00 01 	movigh gr26 0 <Cla1Task1>
    11b8:	80 06 80 0b 	movg2c gr26
    11bc:	84 c3 1a 00 	add gr12 gr12 gr26
    11c0:	84 d3 4a 06 	xor gr13 gr13 gr10
    11c4:	84 e3 8c 00 	add gr14 gr14 gr12
    11c8:	84 f3 cd 06 	xor gr15 gr15 gr13
    11cc:	84 c3 0f 00 	add gr12 gr12 gr15
    11d0:	80 00 00 00 	nop
    11d4:	80 b0 00 0f 	movc2g gr11
    11d8:	94 b0 14 75 	movigl gr11 147 <Cla1Task3+0x13>
    11dc:	94 b0 00 01 	movigh gr11 0 <Cla1Task1>
    11e0:	95 b4 00 15 	movigl gr27 4001 <$line_table_start0+0x1110>
    11e4:	95 b0 00 01 	movigh gr27 0 <Cla1Task1>
    11e8:	80 06 c0 0b 	movg2c gr27
    11ec:	84 c3 1b 00 	add gr12 gr12 gr27
    11f0:	84 d3 4b 06 	xor gr13 gr13 gr11
    11f4:	84 e3 8c 00 	add gr14 gr14 gr12
    11f8:	84 f3 cd 06 	xor gr15 gr15 gr13
    11fc:	84 c3 0f 00 	add gr12 gr12 gr15
    1200:	80 00 00 00 	nop
    1204:	80 40 00 0f 	movc2g gr4
    1208:	94 40 14 85 	movigl gr4 148 <Cla1Task3+0x14>
    120c:	94 40 00 01 	movigh gr4 0 <Cla1Task1>
    1210:	95 44 01 15 	movigl gr20 4011 <$line_table_start0+0x1120>
    1214:	95 40 00 01 	movigh gr20 0 <Cla1Task1>
    1218:	80 05 00 0b 	movg2c gr20
    121c:	84 c3 14 00 	add gr12 gr12 gr20
    1220:	84 d3 44 06 	xor gr13 gr13 gr4
    1224:	84 e3 8c 00 	add gr14 gr14 gr12
    1228:	84 f3 cd 06 	xor gr15 gr15 gr13
    122c:	84 c3 0f 00 	add gr12 gr12 gr15
    1230:	80 00 00 00 	nop
    1234:	80 50 00 0f 	movc2g gr5
    1238:	94 50 14 95 	movigl gr5 149 <Cla1Task3+0x15>
    123c:	94 50 00 01 	movigh gr5 0 <Cla1Task1>
    1240:	95 54 00 15 	movigl gr21 4001 <$line_table_start0+0x1110>
    1244:	95 50 00 01 	movigh gr21 0 <Cla1Task1>
    1248:	80 05 40 0b 	movg2c gr21
    124c:	84 c3 15 00 	add gr12 gr12 gr21
    1250:	84 d3 45 06 	xor gr13 gr13 gr5
    1254:	84 e3 8c 00 	add gr14 gr14 gr12
    1258:	84 f3 cd 06 	xor gr15 gr15 gr13
    125c:	84 c3 0f 00 	add gr12 gr12 gr15
    1260:	80 00 00 00 	nop
    1264:	80 60 00 0f 	movc2g gr6
    1268:	94 60 14 a5 	movigl gr6 14a <Cla1Task3+0x16>
    126c:	94 60 00 01 	movigh gr6 0 <Cla1Task1>
    1270:	95 64 00 15 	movigl gr22 4001 <$line_table_start0+0x1110>
    1274:	95 60 00 01 	movigh gr22 0 <Cla1Task1>
    1278:	80 05 80 0b 	movg2c gr22
    127c:	84 c3 16 00 	add gr12 gr12 gr22
    1280:	84 d3 46 06 	xor gr13 gr13 gr6
    1284:	84 e3 8c 00 	add gr14 gr14 gr12
    1288:	84 f3 cd 06 	xor gr15 gr15 gr13
    128c:	84 c3 0f 00 	add gr12 gr12 gr15
    1290:	80 00 00 00 	nop
    1294:	80 70 00 0f 	movc2g gr7
    1298:	94 70 14 b5 	movigl gr7 14b <Cla1Task3+0x17>
    129c:	94 70 00 01 	movigh gr7 0 <Cla1Task1>
    12a0:	95 74 01 15 	movigl gr23 4011 <$line_table_start0+0x1120>
    12a4:	95 70 00 01 	movigh gr23 0 <Cla1Task1>
    12a8:	80 05 c0 0b 	movg2c gr23
    12ac:	84 c3 17 00 	add gr12 gr12 gr23
    12b0:	84 d3 47 06 	xor gr13 gr13 gr7
    12b4:	84 e3 8c 00 	add gr14 gr14 gr12
    12b8:	84 f3 cd 06 	xor gr15 gr15 gr13
    12bc:	84 c3 0f 00 	add gr12 gr12 gr15
    12c0:	80 00 00 00 	nop
    12c4:	80 80 00 0f 	movc2g gr8
    12c8:	94 80 14 c5 	movigl gr8 14c <Cla1Task3+0x18>
    12cc:	94 80 00 01 	movigh gr8 0 <Cla1Task1>
    12d0:	95 84 00 15 	movigl gr24 4001 <$line_table_start0+0x1110>
    12d4:	95 80 00 01 	movigh gr24 0 <Cla1Task1>
    12d8:	80 06 00 0b 	movg2c gr24
    12dc:	84 c3 18 00 	add gr12 gr12 gr24
    12e0:	84 d3 48 06 	xor gr13 gr13 gr8
    12e4:	84 e3 8c 00 	add gr14 gr14 gr12
    12e8:	84 f3 cd 06 	xor gr15 gr15 gr13
    12ec:	84 c3 0f 00 	add gr12 gr12 gr15
    12f0:	80 00 00 00 	nop
    12f4:	80 90 00 0f 	movc2g gr9
    12f8:	94 90 14 d5 	movigl gr9 14d <Cla1Task3+0x19>
    12fc:	94 90 00 01 	movigh gr9 0 <Cla1Task1>
    1300:	95 94 00 15 	movigl gr25 4001 <$line_table_start0+0x1110>
    1304:	95 90 00 01 	movigh gr25 0 <Cla1Task1>
    1308:	80 06 40 0b 	movg2c gr25
    130c:	84 c3 19 00 	add gr12 gr12 gr25
    1310:	84 d3 49 06 	xor gr13 gr13 gr9
    1314:	84 e3 8c 00 	add gr14 gr14 gr12
    1318:	84 f3 cd 06 	xor gr15 gr15 gr13
    131c:	84 c3 0f 00 	add gr12 gr12 gr15
    1320:	80 00 00 00 	nop
    1324:	80 a0 00 0f 	movc2g gr10
    1328:	94 a0 14 e5 	movigl gr10 14e <Cla1Task3+0x1a>
    132c:	94 a0 00 01 	movigh gr10 0 <Cla1Task1>
    1330:	95 a4 01 15 	movigl gr26 4011 <$line_table_start0+0x1120>
    1334:	95 a0 00 01 	movigh gr26 0 <Cla1Task1>
    1338:	80 06 80 0b 	movg2c gr26
    133c:	84 c3 1a 00 	add gr12 gr12 gr26
    1340:	84 d3 4a 06 	xor gr13 gr13 gr10
    1344:	84 e3 8c 00 	add gr14 gr14 gr12
    1348:	84 f3 cd 06 	xor gr15 gr15 gr13
    134c:	84 c3 0f 00 	add gr12 gr12 gr15
    1350:	80 00 00 00 	nop
    1354:	80 b0 00 0f 	movc2g gr11
    1358:	94 b0 14 f5 	movigl gr11 14f <Cla1Task3+0x1b>
    135c:	94 b0 00 01 	movigh gr11 0 <Cla1Task1>
    1360:	95 b4 00 15 	movigl gr27 4001 <$line_table_start0+0x1110>
    1364:	95 b0 00 01 	movigh gr27 0 <Cla1Task1>
    1368:	80 06 c0 0b 	movg2c gr27
    136c:	84 c3 1b 00 	add gr12 gr12 gr27
    1370:	84 d3 4b 06 	xor gr13 gr13 gr11
    1374:	84 e3 8c 00 	add gr14 gr14 gr12
    1378:	84 f3 cd 06 	xor gr15 gr15 gr13
    137c:	84 c3 0f 00 	add gr12 gr12 gr15
    1380:	80 00 00 00 	nop
    1384:	80 40 00 0f 	movc2g gr4
    1388:	94 40 15 05 	movigl gr4 150 <Cla1Task3+0x1c>
    138c:	94 40 00 01 	movigh gr4 0 <Cla1Task1>
    1390:	95 44 00 15 	movigl gr20 4001 <$line_table_start0+0x1110>
    1394:	95 40 00 01 	movigh gr20 0 <Cla1Task1>
    1398:	80 05 00 0b 	movg2c gr20
    139c:	84 c3 14 00 	add gr12 gr12 gr20
    13a0:	84 d3 44 06 	xor gr13 gr13 gr4
    13a4:	84 e3 8c 00 	add gr14 gr14 gr12
    13a8:	84 f3 cd 06 	xor gr15 gr15 gr13
    13ac:	84 c3 0f 00 	add gr12 gr12 gr15
    13b0:	80 00 00 00 	nop
    13b4:	80 50 00 0f 	movc2g gr5
    13b8:	94 50 15 15 	movigl gr5 151 <Cla1Task3+0x1d>
    13bc:	94 50 00 01 	movigh gr5 0 <Cla1Task1>
    13c0:	95 54 01 15 	movigl gr21 4011 <$line_table_start0+0x1120>
    13c4:	95 50 00 01 	movigh gr21 0 <Cla1Task1>
    13c8:	80 05 40 0b 	movg2c gr21
    13cc:	84 c3 15 00 	add gr12 gr12 gr21
    13d0:	84 d3 45 06 	xor gr13 gr13 gr5
    13d4:	84 e3 8c 00 	add gr14 gr14 gr12
    13d8:	84 f3 cd 06 	xor gr15 gr15 gr13
    13dc:	84 c3 0f 00 	add gr12 gr12 gr15
    13e0:	80 00 00 00 	nop
    13e4:	80 60 00 0f 	movc2g gr6
    13e8:	94 60 15 25 	movigl gr6 152 <Cla1Task3+0x1e>
    13ec:	94 60 00 01 	movigh gr6 0 <Cla1Task1>
    13f0:	95 64 00 15 	movigl gr22 4001 <$line_table_start0+0x1110>
    13f4:	95 60 00 01 	movigh gr22 0 <Cla1Task1>
    13f8:	80 05 80 0b 	movg2c gr22
    13fc:	84 c3 16 00 	add gr12 gr12 gr22
    1400:	84 d3 46 06 	xor gr13 gr13 gr6
    1404:	84 e3 8c 00 	add gr14 gr14 gr12
    1408:	84 f3 cd 06 	xor gr15 gr15 gr13
    140c:	84 c3 0f 00 	add gr12 gr12 gr15
    1410:	80 00 00 00 	nop
    1414:	80 70 00 0f 	movc2g gr7
    1418:	94 70 15 35 	movigl gr7 153 <Cla1Task3+0x1f>
    141c:	94 70 00 01 	movigh gr7 0 <Cla1Task1>
    1420:	95 74 00 15 	movigl gr23 4001 <$line_table_start0+0x1110>
    1424:	95 70 00 01 	movigh gr23 0 <Cla1Task1>
    1428:	80 05 c0 0b 	movg2c gr23
    142c:	84 c3 17 00 	add gr12 gr12 gr23
    1430:	84 d3 47 06 	xor gr13 gr13 gr7
    1434:	84 e3 8c 00 	add gr14 gr14 gr12
    1438:	84 f3 cd 06 	xor gr15 gr15 gr13
    143c:	84 c3 0f 00 	add gr12 gr12 gr15
    1440:	80 00 00 00 	nop
    1444:	80 80 00 0f 	movc2g gr8
    1448:	94 80 15 45 	movigl gr8 154 <Cla1Task3+0x20>
    144c:	94 80 00 01 	movigh gr8 0 <Cla1Task1>
    1450:	95 84 01 15 	movigl gr24 4011 <$line_table_start0+0x1120>
    1454:	95 80 00 01 	movigh gr24 0 <Cla1Task1>
    1458:	80 06 00 0b 	movg2c gr24
    145c:	84 c3 18 00 	add gr12 gr12 gr24
    1460:	84 d3 48 06 	xor gr13 gr13 gr8
    1464:	84 e3 8c 00 	add gr14 gr14 gr12
    1468:	84 f3 cd 06 	xor gr15 gr15 gr13
    146c:	84 c3 0f 00 	add gr12 gr12 gr15
    1470:	80 00 00 00 	nop
    1474:	80 90 00 0f 	movc2g gr9
    1478:	94 90 15 55 	movigl gr9 155 <Cla1Task3+0x21>
    147c:	94 90 00 01 	movigh gr9 0 <Cla1Task1>
    1480:	95 94 00 15 	movigl gr25 4001 <$line_table_start0+0x1110>
    1484:	95 90 00 01 	movigh gr25 0 <Cla1Task1>
    1488:	80 06 40 0b 	movg2c gr25
    148c:	84 c3 19 00 	add gr12 gr12 gr25
    1490:	84 d3 49 06 	xor gr13 gr13 gr9
    1494:	84 e3 8c 00 	add gr14 gr14 gr12
    1498:	84 f3 cd 06 	xor gr15 gr15 gr13
    149c:	84 c3 0f 00 	add gr12 gr12 gr15
    14a0:	80 00 00 00 	nop
    14a4:	80 a0 00 0f 	movc2g gr10
    14a8:	94 a0 15 65 	movigl gr10 156 <Cla1Task3+0x22>
    14ac:	94 a0 00 01 	movigh gr10 0 <Cla1Task1>
    14b0:	95 a4 00 15 	movigl gr26 4001 <$line_table_start0+0x1110>
    14b4:	95 a0 00 01 	movigh gr26 0 <Cla1Task1>
    14b8:	80 06 80 0b 	movg2c gr26
    14bc:	84 c3 1a 00 	add gr12 gr12 gr26
    14c0:	84 d3 4a 06 	xor gr13 gr13 gr10
    14c4:	84 e3 8c 00 	add gr14 gr14 gr12
    14c8:	84 f3 cd 06 	xor gr15 gr15 gr13
    14cc:	84 c3 0f 00 	add gr12 gr12 gr15
    14d0:	80 00 00 00 	nop
    14d4:	80 b0 00 0f 	movc2g gr11
    14d8:	94 b0 15 75 	movigl gr11 157 <Cla1Task3+0x23>
    14dc:	94 b0 00 01 	movigh gr11 0 <Cla1Task1>
    14e0:	95 b4 01 15 	movigl gr27 4011 <$line_table_start0+0x1120>
    14e4:	95 b0 00 01 	movigh gr27 0 <Cla1Task1>
    14e8:	80 06 c0 0b 	movg2c gr27
    14ec:	84 c3 1b 00 	add gr12 gr12 gr27
    14f0:	84 d3 4b 06 	xor gr13 gr13 gr11
    14f4:	84 e3 8c 00 	add gr14 gr14 gr12
    14f8:	84 f3 cd 06 	xor gr15 gr15 gr13
    14fc:	84 c3 0f 00 	add gr12 gr12 gr15
    1500:	80 00 00 00 	nop
    1504:	80 40 00 0f 	movc2g gr4
    1508:	94 40 15 85 	movigl gr4 158 <Cla1Task3+0x24>
    150c:	94 40 00 01 	movigh gr4 0 <Cla1Task1>
    1510:	95 44 00 15 	movigl gr20 4001 <$line_table_start0+0x1110>
    1514:	95 40 00 01 	movigh gr20 0 <Cla1Task1>
    1518:	80 05 00 0b 	movg2c gr20
    151c:	84 c3 14 00 	add gr12 gr12 gr20
    1520:	84 d3 44 06 	xor gr13 gr13 gr4
    1524:	84 e3 8c 00 	add gr14 gr14 gr12
    1528:	84 f3 cd 06 	xor gr15 gr15 gr13
    152c:	84 c3 0f 00 	add gr12 gr12 gr15
    1530:	80 00 00 00 	nop
    1534:	80 50 00 0f 	movc2g gr5
    1538:	94 50 15 95 	movigl gr5 159 <Cla1Task3+0x25>
    153c:	94 50 00 01 	movigh gr5 0 <Cla1Task1>
    1540:	95 54 00 15 	movigl gr21 4001 <$line_table_start0+0x1110>
    1544:	95 50 00 01 	movigh gr21 0 <Cla1Task1>
    1548:	80 05 40 0b 	movg2c gr21
    154c:	84 c3 15 00 	add gr12 gr12 gr21
    1550:	84 d3 45 06 	xor gr13 gr13 gr5
    1554:	84 e3 8c 00 	add gr14 gr14 gr12
    1558:	84 f3 cd 06 	xor gr15 gr15 gr13
    155c:	84 c3 0f 00 	add gr12 gr12 gr15
    1560:	80 00 00 00 	nop
    1564:	80 60 00 0f 	movc2g gr6
    1568:	94 60 15 a5 	movigl gr6 15a <Cla1Task3+0x26>
    156c:	94 60 00 01 	movigh gr6 0 <Cla1Task1>
    1570:	95 64 01 15 	movigl gr22 4011 <$line_table_start0+0x1120>
    1574:	95 60 00 01 	movigh gr22 0 <Cla1Task1>
    1578:	80 05 80 0b 	movg2c gr22
    157c:	84 c3 16 00 	add gr12 gr12 gr22
    1580:	84 d3 46 06 	xor gr13 gr13 gr6
    1584:	84 e3 8c 00 	add gr14 gr14 gr12
    1588:	84 f3 cd 06 	xor gr15 gr15 gr13
    158c:	84 c3 0f 00 	add gr12 gr12 gr15
    1590:	80 00 00 00 	nop
    1594:	80 70 00 0f 	movc2g gr7
    1598:	94 70 15 b5 	movigl gr7 15b <Cla1Task3+0x27>
    159c:	94 70 00 01 	movigh gr7 0 <Cla1Task1>
    15a0:	95 74 00 15 	movigl gr23 4001 <$line_table_start0+0x1110>
    15a4:	95 70 00 01 	movigh gr23 0 <Cla1Task1>
    15a8:	80 05 c0 0b 	movg2c gr23
    15ac:	84 c3 17 00 	add gr12 gr12 gr23
    15b0:	84 d3 47 06 	xor gr13 gr13 gr7
    15b4:	84 e3 8c 00 	add gr14 gr14 gr12
    15b8:	84 f3 cd 06 	xor gr15 gr15 gr13
    15bc:	84 c3 0f 00 	add gr12 gr12 gr15
    15c0:	80 00 00 00 	nop
    15c4:	80 80 00 0f 	movc2g gr8
    15c8:	94 80 15 c5 	movigl gr8 15c <Cla1Task3+0x28>
    15cc:	94 80 00 01 	movigh gr8 0 <Cla1Task1>
    15d0:	95 84 00 15 	movigl gr24 4001 <$line_table_start0+0x1110>
    15d4:	95 80 00 01 	movigh gr24 0 <Cla1Task1>
    15d8:	80 06 00 0b 	movg2c gr24
    15dc:	84 c3 18 00 	add gr12 gr12 gr24
    15e0:	84 d3 48 06 	xor gr13 gr13 gr8
    15e4:	84 e3 8c 00 	add gr14 gr14 gr12
    15e8:	84 f3 cd 06 	xor gr15 gr15 gr13
    15ec:	84 c3 0f 00 	add gr12 gr12 gr15
    15f0:	80 00 00 00 	nop
    15f4:	80 90 00 0f 	movc2g gr9
    15f8:	94 90 15 d5 	movigl gr9 15d <Cla1Task3+0x29>
    15fc:	94 90 00 01 	movigh gr9 0 <Cla1Task1>
    1600:	95 94 01 15 	movigl gr25 4011 <$line_table_start0+0x1120>
    1604:	95 90 00 01 	movigh gr25 0 <Cla1Task1>
    1608:	80 06 40 0b 	movg2c gr25
    160c:	84 c3 19 00 	add gr12 gr12 gr25
    1610:	84 d3 49 06 	xor gr13 gr13 gr9
    1614:	84 e3 8c 00 	add gr14 gr14 gr12
    1618:	84 f3 cd 06 	xor gr15 gr15 gr13
    161c:	84 c3 0f 00 	add gr12 gr12 gr15
    1620:	80 00 00 00 	nop
    1624:	80 a0 00 0f 	movc2g gr10
    1628:	94 a0 15 e5 	movigl gr10 15e <Cla1Task3+0x2a>
    162c:	94 a0 00 01 	movigh gr10 0 <Cla1Task1>
    1630:	95 a4 00 15 	movigl gr26 4001 <$line_table_start0+0x1110>
    1634:	95 a0 00 01 	movigh gr26 0 <Cla1Task1>
    1638:	80 06 80 0b 	movg2c gr26
    163c:	84 c3 1a 00 	add gr12 gr12 gr26
    1640:	84 d3 4a 06 	xor gr13 gr13 gr10
    1644:	84 e3 8c 00 	add gr14 gr14 gr12
    1648:	84 f3 cd 06 	xor gr15 gr15 gr13
    164c:	84 c3 0f 00 	add gr12 gr12 gr15
    1650:	80 00 00 00 	nop
    1654:	80 b0 00 0f 	movc2g gr11
    1658:	94 b0 15 f5 	movigl gr11 15f <Cla1Task3+0x2b>
    165c:	94 b0 00 01 	movigh gr11 0 <Cla1Task1>
    1660:	95 b4 00 15 	movigl gr27 4001 <$line_table_start0+0x1110>
    1664:	95 b0 00 01 	movigh gr27 0 <Cla1Task1>
    1668:	80 06 c0 0b 	movg2c gr27
    166c:	84 c3 1b 00 	add gr12 gr12 gr27
    1670:	84 d3 4b 06 	xor gr13 gr13 gr11
    1674:	84 e3 8c 00 	add gr14 gr14 gr12
    1678:	84 f3 cd 06 	xor gr15 gr15 gr13
    167c:	84 c3 0f 00 	add gr12 gr12 gr15
    1680:	80 00 00 00 	nop
    1684:	80 40 00 0f 	movc2g gr4
    1688:	94 40 16 05 	movigl gr4 160 <Cla1Task3+0x2c>
    168c:	94 40 00 01 	movigh gr4 0 <Cla1Task1>
    1690:	95 44 01 15 	movigl gr20 4011 <$line_table_start0+0x1120>
    1694:	95 40 00 01 	movigh gr20 0 <Cla1Task1>
    1698:	80 05 00 0b 	movg2c gr20
    169c:	84 c3 14 00 	add gr12 gr12 gr20
    16a0:	84 d3 44 06 	xor gr13 gr13 gr4
    16a4:	84 e3 8c 00 	add gr14 gr14 gr12
    16a8:	84 f3 cd 06 	xor gr15 gr15 gr13
    16ac:	84 c3 0f 00 	add gr12 gr12 gr15
    16b0:	80 00 00 00 	nop
    16b4:	80 50 00 0f 	movc2g gr5
    16b8:	94 50 16 15 	movigl gr5 161 <Cla1Task3+0x2d>
    16bc:	94 50 00 01 	movigh gr5 0 <Cla1Task1>
    16c0:	95 54 00 15 	movigl gr21 4001 <$line_table_start0+0x1110>
    16c4:	95 50 00 01 	movigh gr21 0 <Cla1Task1>
    16c8:	80 05 40 0b 	movg2c gr21
    16cc:	84 c3 15 00 	add gr12 gr12 gr21
    16d0:	84 d3 45 06 	xor gr13 gr13 gr5
    16d4:	84 e3 8c 00 	add gr14 gr14 gr12
    16d8:	84 f3 cd 06 	xor gr15 gr15 gr13
    16dc:	84 c3 0f 00 	add gr12 gr12 gr15
    16e0:	80 00 00 00 	nop
    16e4:	80 60 00 0f 	movc2g gr6
    16e8:	94 60 16 25 	movigl gr6 162 <Cla1Task3+0x2e>
    16ec:	94 60 00 01 	movigh gr6 0 <Cla1Task1>
    16f0:	95 64 00 15 	movigl gr22 4001 <$line_table_start0+0x1110>
    16f4:	95 60 00 01 	movigh gr22 0 <Cla1Task1>
    16f8:	80 05 80 0b 	movg2c gr22
    16fc:	84 c3 16 00 	add gr12 gr12 gr22
    1700:	84 d3 46 06 	xor gr13 gr13 gr6
    1704:	84 e3 8c 00 	add gr14 gr14 gr12
    1708:	84 f3 cd 06 	xor gr15 gr15 gr13
    170c:	84 c3 0f 00 	add gr12 gr12 gr15
    1710:	80 00 00 00 	nop
    1714:	80 70 00 0f 	movc2g gr7
    1718:	94 70 16 35 	movigl gr7 163 <Cla1Task3+0x2f>
    171c:	94 70 00 01 	movigh gr7 0 <Cla1Task1>
    1720:	95 74 01 15 	movigl gr23 4011 <$line_table_start0+0x1120>
    1724:	95 70 00 01 	movigh gr23 0 <Cla1Task1>
    1728:	80 05 c0 0b 	movg2c gr23
    172c:	84 c3 17 00 	add gr12 gr12 gr23
    1730:	84 d3 47 06 	xor gr13 gr13 gr7
    1734:	84 e3 8c 00 	add gr14 gr14 gr12
    1738:	84 f3 cd 06 	xor gr15 gr15 gr13
    173c:	84 c3 0f 00 	add gr12 gr12 gr15
    1740:	80 00 00 00 	nop
    1744:	80 80 00 0f 	movc2g gr8
    1748:	94 80 16 45 	movigl gr8 164 <Cla1Task3+0x30>
    174c:	94 80 00 01 	movigh gr8 0 <Cla1Task1>
    1750:	95 84 00 15 	movigl gr24 4001 <$line_table_start0+0x1110>
    1754:	95 80 00 01 	movigh gr24 0 <Cla1Task1>
    1758:	80 06 00 0b 	movg2c gr24
    175c:	84 c3 18 00 	add gr12 gr12 gr24
    1760:	84 d3 48 06 	xor gr13 gr13 gr8
    1764:	84 e3 8c 00 	add gr14 gr14 gr12
    1768:	84 f3 cd 06 	xor gr15 gr15 gr13
    176c:	84 c3 0f 00 	add gr12 gr12 gr15
    1770:	80 00 00 00 	nop
    1774:	80 90 00 0f 	movc2g gr9
    1778:	94 90 16 55 	movigl gr9 165 <Cla1Task3+0x31>
    177c:	94 90 00 01 	movigh gr9 0 <Cla1Task1>
    1780:	95 94 00 15 	movigl gr25 4001 <$line_table_start0+0x1110>
    1784:	95 90 00 01 	movigh gr25 0 <Cla1Task1>
    1788:	80 06 40 0b 	movg2c gr25
    178c:	84 c3 19 00 	add gr12 gr12 gr25
    1790:	84 d3 49 06 	xor gr13 gr13 gr9
    1794:	84 e3 8c 00 	add gr14 gr14 gr12
    1798:	84 f3 cd 06 	xor gr15 gr15 gr13
    179c:	84 c3 0f 00 	add gr12 gr12 gr15
    17a0:	80 00 00 00 	nop
    17a4:	80 a0 00 0f 	movc2g gr10
    17a8:	94 a0 16 65 	movigl gr10 166 <$line_table_start0>
    17ac:	94 a0 00 01 	movigh gr10 0 <Cla1Task1>
    17b0:	95 a4 01 15 	movigl gr26 4011 <$line_table_start0+0x1120>
    17b4:	95 a0 00 01 	movigh gr26 0 <Cla1Task1>
    17b8:	80 06 80 0b 	movg2c gr26
    17bc:	84 c3 1a 00 	add gr12 gr12 gr26
    17c0:	84 d3 4a 06 	xor gr13 gr13 gr10
    17c4:	84 e3 8c 00 	add gr14 gr14 gr12
    17c8:	84 f3 cd 06 	xor gr15 gr15 gr13
    17cc:	84 c3 0f 00 	add gr12 gr12 gr15
    17d0:	80 00 00 00 	nop
    17d4:	80 b0 00 0f 	movc2g gr11
    17d8:	94 b0 16 75 	movigl gr11 167 <$line_table_start0+0x1>
    17dc:	94 b0 00 01 	movigh gr11 0 <Cla1Task1>
    17e0:	95 b4 00 15 	movigl gr27 4001 <$line_table_start0+0x1110>
    17e4:	95 b0 00 01 	movigh gr27 0 <Cla1Task1>
    17e8:	80 06 c0 0b 	movg2c gr27
    17ec:	84 c3 1b 00 	add gr12 gr12 gr27
    17f0:	84 d3 4b 06 	xor gr13 gr13 gr11
    17f4:	84 e3 8c 00 	add gr14 gr14 gr12
    17f8:	84 f3 cd 06 	xor gr15 gr15 gr13
    17fc:	84 c3 0f 00 	add gr12 gr12 gr15
    1800:	80 00 00 00 	nop
    1804:	80 40 00 0f 	movc2g gr4
    1808:	94 40 16 85 	movigl gr4 168 <$line_table_start0+0x2>
    180c:	94 40 00 01 	movigh gr4 0 <Cla1Task1>
    1810:	95 44 00 15 	movigl gr20 4001 <$line_table_start0+0x1110>
    1814:	95 40 00 01 	movigh gr20 0 <Cla1Task1>
    1818:	80 05 00 0b 	movg2c gr20
    181c:	84 c3 14 00 	add gr12 gr12 gr20
    1820:	84 d3 44 06 	xor gr13 gr13 gr4
    1824:	84 e3 8c 00 	add gr14 gr14 gr12
    1828:	84 f3 cd 06 	xor gr15 gr15 gr13
    182c:	84 c3 0f 00 	add gr12 gr12 gr15
    1830:	80 00 00 00 	nop
    1834:	80 50 00 0f 	movc2g gr5
    1838:	94 50 16 95 	movigl gr5 169 <$line_table_start0+0x3>
    183c:	94 50 00 01 	movigh gr5 0 <Cla1Task1>
    1840:	95 54 01 15 	movigl gr21 4011 <$line_table_start0+0x1120>
    1844:	95 50 00 01 	movigh gr21 0 <Cla1Task1>
    1848:	80 05 40 0b 	movg2c gr21
    184c:	84 c3 15 00 	add gr12 gr12 gr21
    1850:	84 d3 45 06 	xor gr13 gr13 gr5
    1854:	84 e3 8c 00 	add gr14 gr14 gr12
    1858:	84 f3 cd 06 	xor gr15 gr15 gr13
    185c:	84 c3 0f 00 	add gr12 gr12 gr15
    1860:	80 00 00 00 	nop
    1864:	80 60 00 0f 	movc2g gr6
    1868:	94 60 16 a5 	movigl gr6 16a <$line_table_start0+0x4>
    186c:	94 60 00 01 	movigh gr6 0 <Cla1Task1>
    1870:	95 64 00 15 	movigl gr22 4001 <$line_table_start0+0x1110>
    1874:	95 60 00 01 	movigh gr22 0 <Cla1Task1>
    1878:	80 05 80 0b 	movg2c gr22
    187c:	84 c3 16 00 	add gr12 gr12 gr22
    1880:	84 d3 46 06 	xor gr13 gr13 gr6
    1884:	84 e3 8c 00 	add gr14 gr14 gr12
    1888:	84 f3 cd 06 	xor gr15 gr15 gr13
    188c:	84 c3 0f 00 	add gr12 gr12 gr15
    1890:	80 00 00 00 	nop
    1894:	80 70 00 0f 	movc2g gr7
    1898:	94 70 16 b5 	movigl gr7 16b <$line_table_start0+0x5>
    189c:	94 70 00 01 	movigh gr7 0 <Cla1Task1>
    18a0:	95 74 00 15 	movigl gr23 4001 <$line_table_start0+0x1110>
    18a4:	95 70 00 01 	movigh gr23 0 <Cla1Task1>
    18a8:	80 05 c0 0b 	movg2c gr23
    18ac:	84 c3 17 00 	add gr12 gr12 gr23
    18b0:	84 d3 47 06 	xor gr13 gr13 gr7
    18b4:	84 e3 8c 00 	add gr14 gr14 gr12
    18b8:	84 f3 cd 06 	xor gr15 gr15 gr13
    18bc:	84 c3 0f 00 	add gr12 gr12 gr15
    18c0:	80 00 00 00 	nop
    18c4:	80 80 00 0f 	movc2g gr8
    18c8:	94 80 16 c5 	movigl gr8 16c <$line_table_start0+0x6>
    18cc:	94 80 00 01 	movigh gr8 0 <Cla1Task1>
    18d0:	95 84 01 15 	movigl gr24 4011 <$line_table_start0+0x1120>
    18d4:	95 80 00 01 	movigh gr24 0 <Cla1Task1>
    18d8:	80 06 00 0b 	movg2c gr24
    18dc:	84 c3 18 00 	add gr12 gr12 gr24
    18e0:	84 d3 48 06 	xor gr13 gr13 gr8
    18e4:	84 e3 8c 00 	add gr14 gr14 gr12
    18e8:	84 f3 cd 06 	xor gr15 gr15 gr13
    18ec:	84 c3 0f 00 	add gr12 gr12 gr15
    18f0:	80 00 00 00 	nop
    18f4:	80 90 00 0f 	movc2g gr9
    18f8:	94 90 16 d5 	movigl gr9 16d <$line_table_start0+0x7>
    18fc:	94 90 00 01 	movigh gr9 0 <Cla1Task1>
    1900:	95 94 00 15 	movigl gr25 4001 <$line_table_start0+0x1110>
    1904:	95 90 00 01 	movigh gr25 0 <Cla1Task1>
    1908:	80 06 40 0b 	movg2c gr25
    190c:	84 c3 19 00 	add gr12 gr12 gr25
    1910:	84 d3 49 06 	xor gr13 gr13 gr9
    1914:	84 e3 8c 00 	add gr14 gr14 gr12
    1918:	84 f3 cd 06 	xor gr15 gr15 gr13
    191c:	84 c3 0f 00 	add gr12 gr12 gr15
    1920:	80 00 00 00 	nop
    1924:	80 a0 00 0f 	movc2g gr10
    1928:	94 a0 16 e5 	movigl gr10 16e <$line_table_start0+0x8>
    192c:	94 a0 00 01 	movigh gr10 0 <Cla1Task1>
    1930:	95 a4 00 15 	movigl gr26 4001 <$line_table_start0+0x1110>
    1934:	95 a0 00 01 	movigh gr26 0 <Cla1Task1>
    1938:	80 06 80 0b 	movg2c gr26
    193c:	84 c3 1a 00 	add gr12 gr12 gr26
    1940:	84 d3 4a 06 	xor gr13 gr13 gr10
    1944:	84 e3 8c 00 	add gr14 gr14 gr12
    1948:	84 f3 cd 06 	xor gr15 gr15 gr13
    194c:	84 c3 0f 00 	add gr12 gr12 gr15
    1950:	80 00 00 00 	nop
    1954:	80 b0 00 0f 	movc2g gr11
    1958:	94 b0 16 f5 	movigl gr11 16f <$line_table_start0+0x9>
    195c:	94 b0 00 01 	movigh gr11 0 <Cla1Task1>
    1960:	95 b4 01 15 	movigl gr27 4011 <$line_table_start0+0x1120>
    1964:	95 b0 00 01 	movigh gr27 0 <Cla1Task1>
    1968:	80 06 c0 0b 	movg2c gr27
    196c:	84 c3 1b 00 	add gr12 gr12 gr27
    1970:	84 d3 4b 06 	xor gr13 gr13 gr11
    1974:	84 e3 8c 00 	add gr14 gr14 gr12
    1978:	84 f3 cd 06 	xor gr15 gr15 gr13
    197c:	84 c3 0f 00 	add gr12 gr12 gr15
    1980:	80 00 00 00 	nop
    1984:	80 40 00 0f 	movc2g gr4
    1988:	94 40 17 05 	movigl gr4 170 <$line_table_start0+0xa>
    198c:	94 40 00 01 	movigh gr4 0 <Cla1Task1>
    1990:	95 44 00 15 	movigl gr20 4001 <$line_table_start0+0x1110>
    1994:	95 40 00 01 	movigh gr20 0 <Cla1Task1>
    1998:	80 05 00 0b 	movg2c gr20
    199c:	84 c3 14 00 	add gr12 gr12 gr20
    19a0:	84 d3 44 06 	xor gr13 gr13 gr4
    19a4:	84 e3 8c 00 	add gr14 gr14 gr12
    19a8:	84 f3 cd 06 	xor gr15 gr15 gr13
    19ac:	84 c3 0f 00 	add gr12 gr12 gr15
    19b0:	80 00 00 00 	nop
    19b4:	80 50 00 0f 	movc2g gr5
    19b8:	94 50 17 15 	movigl gr5 171 <$line_table_start0+0xb>
    19bc:	94 50 00 01 	movigh gr5 0 <Cla1Task1>
    19c0:	95 54 00 15 	movigl gr21 4001 <$line_table_start0+0x1110>
    19c4:	95 50 00 01 	movigh gr21 0 <Cla1Task1>
    19c8:	80 05 40 0b 	movg2c gr21
    19cc:	84 c3 15 00 	add gr12 gr12 gr21
    19d0:	84 d3 45 06 	xor gr13 gr13 gr5
    19d4:	84 e3 8c 00 	add gr14 gr14 gr12
    19d8:	84 f3 cd 06 	xor gr15 gr15 gr13
    19dc:	84 c3 0f 00 	add gr12 gr12 gr15
    19e0:	80 00 00 00 	nop
    19e4:	80 60 00 0f 	movc2g gr6
    19e8:	94 60 17 25 	movigl gr6 172 <$line_table_start0+0xc>
    19ec:	94 60 00 01 	movigh gr6 0 <Cla1Task1>
    19f0:	95 64 01 15 	movigl gr22 4011 <$line_table_start0+0x1120>
    19f4:	95 60 00 01 	movigh gr22 0 <Cla1Task1>
    19f8:	80 05 80 0b 	movg2c gr22
    19fc:	84 c3 16 00 	add gr12 gr12 gr22
    1a00:	84 d3 46 06 	xor gr13 gr13 gr6
    1a04:	84 e3 8c 00 	add gr14 gr14 gr12
    1a08:	84 f3 cd 06 	xor gr15 gr15 gr13
    1a0c:	84 c3 0f 00 	add gr12 gr12 gr15
    1a10:	80 00 00 00 	nop
    1a14:	80 70 00 0f 	movc2g gr7
    1a18:	94 70 17 35 	movigl gr7 173 <$line_table_start0+0xd>
    1a1c:	94 70 00 01 	movigh gr7 0 <Cla1Task1>
    1a20:	95 74 00 15 	movigl gr23 4001 <$line_table_start0+0x1110>
    1a24:	95 70 00 01 	movigh gr23 0 <Cla1Task1>
    1a28:	80 05 c0 0b 	movg2c gr23
    1a2c:	84 c3 17 00 	add gr12 gr12 gr23
    1a30:	84 d3 47 06 	xor gr13 gr13 gr7
    1a34:	84 e3 8c 00 	add gr14 gr14 gr12
    1a38:	84 f3 cd 06 	xor gr15 gr15 gr13
    1a3c:	84 c3 0f 00 	add gr12 gr12 gr15
    1a40:	80 00 00 00 	nop
    1a44:	80 80 00 0f 	movc2g gr8
    1a48:	94 80 17 45 	movigl gr8 174 <$line_table_start0+0xe>
    1a4c:	94 80 00 01 	movigh gr8 0 <Cla1Task1>
    1a50:	95 84 00 15 	movigl gr24 4001 <$line_table_start0+0x1110>
    1a54:	95 80 00 01 	movigh gr24 0 <Cla1Task1>
    1a58:	80 06 00 0b 	movg2c gr24
    1a5c:	84 c3 18 00 	add gr12 gr12 gr24
    1a60:	84 d3 48 06 	xor gr13 gr13 gr8
    1a64:	84 e3 8c 00 	add gr14 gr14 gr12
    1a68:	84 f3 cd 06 	xor gr15 gr15 gr13
    1a6c:	84 c3 0f 00 	add gr12 gr12 gr15
    1a70:	80 00 00 00 	nop
    1a74:	80 90 00 0f 	movc2g gr9
    1a78:	94 90 17 55 	movigl gr9 175 <$line_table_start0+0xf>
    1a7c:	94 90 00 01 	movigh gr9 0 <Cla1Task1>
    1a80:	95 94 01 15 	movigl gr25 4011 <$line_table_start0+0x1120>
    1a84:	95 90 00 01 	movigh gr25 0 <Cla1Task1>
    1a88:	80 06 40 0b 	movg2c gr25
    1a8c:	84 c3 19 00 	add gr12 gr12 gr25
    1a90:	84 d3 49 06 	xor gr13 gr13 gr9
    1a94:	84 e3 8c 00 	add gr14 gr14 gr12
    1a98:	84 f3 cd 06 	xor gr15 gr15 gr13
    1a9c:	84 c3 0f 00 	add gr12 gr12 gr15
    1aa0:	80 00 00 00 	nop
    1aa4:	80 a0 00 0f 	movc2g gr10
    1aa8:	94 a0 17 65 	movigl gr10 176 <$line_table_start0+0x10>
    1aac:	94 a0 00 01 	movigh gr10 0 <Cla1Task1>
    1ab0:	95 a4 00 15 	movigl gr26 4001 <$line_table_start0+0x1110>
    1ab4:	95 a0 00 01 	movigh gr26 0 <Cla1Task1>
    1ab8:	80 06 80 0b 	movg2c gr26
    1abc:	84 c3 1a 00 	add gr12 gr12 gr26
    1ac0:	84 d3 4a 06 	xor gr13 gr13 gr10
    1ac4:	84 e3 8c 00 	add gr14 gr14 gr12
    1ac8:	84 f3 cd 06 	xor gr15 gr15 gr13
    1acc:	84 c3 0f 00 	add gr12 gr12 gr15
    1ad0:	80 00 00 00 	nop
    1ad4:	80 b0 00 0f 	movc2g gr11
    1ad8:	94 b0 17 75 	movigl gr11 177 <$line_table_start0+0x11>
    1adc:	94 b0 00 01 	movigh gr11 0 <Cla1Task1>
    1ae0:	95 b4 00 15 	movigl gr27 4001 <$line_table_start0+0x1110>
    1ae4:	95 b0 00 01 	movigh gr27 0 <Cla1Task1>
    1ae8:	80 06 c0 0b 	movg2c gr27
    1aec:	84 c3 1b 00 	add gr12 gr12 gr27
    1af0:	84 d3 4b 06 	xor gr13 gr13 gr11
    1af4:	84 e3 8c 00 	add gr14 gr14 gr12
    1af8:	84 f3 cd 06 	xor gr15 gr15 gr13
    1afc:	84 c3 0f 00 	add gr12 gr12 gr15
    1b00:	80 00 00 00 	nop
    1b04:	80 40 00 0f 	movc2g gr4
    1b08:	94 40 17 85 	movigl gr4 178 <$line_table_start0+0x12>
    1b0c:	94 40 00 01 	movigh gr4 0 <Cla1Task1>
    1b10:	95 44 01 15 	movigl gr20 4011 <$line_table_start0+0x1120>
    1b14:	95 40 00 01 	movigh gr20 0 <Cla1Task1>
    1b18:	80 05 00 0b 	movg2c gr20
    1b1c:	84 c3 14 00 	add gr12 gr12 gr20
    1b20:	84 d3 44 06 	xor gr13 gr13 gr4
    1b24:	84 e3 8c 00 	add gr14 gr14 gr12
    1b28:	84 f3 cd 06 	xor gr15 gr15 gr13
    1b2c:	84 c3 0f 00 	add gr12 gr12 gr15
    1b30:	80 00 00 00 	nop
    1b34:	80 50 00 0f 	movc2g gr5
    1b38:	94 50 17 95 	movigl gr5 179 <$line_table_start0+0x13>
    1b3c:	94 50 00 01 	movigh gr5 0 <Cla1Task1>
    1b40:	95 54 00 15 	movigl gr21 4001 <$line_table_start0+0x1110>
    1b44:	95 50 00 01 	movigh gr21 0 <Cla1Task1>
    1b48:	80 05 40 0b 	movg2c gr21
    1b4c:	84 c3 15 00 	add gr12 gr12 gr21
    1b50:	84 d3 45 06 	xor gr13 gr13 gr5
    1b54:	84 e3 8c 00 	add gr14 gr14 gr12
    1b58:	84 f3 cd 06 	xor gr15 gr15 gr13
    1b5c:	84 c3 0f 00 	add gr12 gr12 gr15
    1b60:	80 00 00 00 	nop
    1b64:	80 60 00 0f 	movc2g gr6
    1b68:	94 60 17 a5 	movigl gr6 17a <$line_table_start0+0x14>
    1b6c:	94 60 00 01 	movigh gr6 0 <Cla1Task1>
    1b70:	95 64 00 15 	movigl gr22 4001 <$line_table_start0+0x1110>
    1b74:	95 60 00 01 	movigh gr22 0 <Cla1Task1>
    1b78:	80 05 80 0b 	movg2c gr22
    1b7c:	84 c3 16 00 	add gr12 gr12 gr22
    1b80:	84 d3 46 06 	xor gr13 gr13 gr6
    1b84:	84 e3 8c 00 	add gr14 gr14 gr12
    1b88:	84 f3 cd 06 	xor gr15 gr15 gr13
    1b8c:	84 c3 0f 00 	add gr12 gr12 gr15
    1b90:	80 00 00 00 	nop
    1b94:	80 70 00 0f 	movc2g gr7
    1b98:	94 70 17 b5 	movigl gr7 17b <$line_table_start0+0x15>
    1b9c:	94 70 00 01 	movigh gr7 0 <Cla1Task1>
    1ba0:	95 74 01 15 	movigl gr23 4011 <$line_table_start0+0x1120>
    1ba4:	95 70 00 01 	movigh gr23 0 <Cla1Task1>
    1ba8:	80 05 c0 0b 	movg2c gr23
    1bac:	84 c3 17 00 	add gr12 gr12 gr23
    1bb0:	84 d3 47 06 	xor gr13 gr13 gr7
    1bb4:	84 e3 8c 00 	add gr14 gr14 gr12
    1bb8:	84 f3 cd 06 	xor gr15 gr15 gr13
    1bbc:	84 c3 0f 00 	add gr12 gr12 gr15
    1bc0:	80 00 00 00 	nop
    1bc4:	80 80 00 0f 	movc2g gr8
    1bc8:	94 80 17 c5 	movigl gr8 17c <$line_table_start0+0x16>
    1bcc:	94 80 00 01 	movigh gr8 0 <Cla1Task1>
    1bd0:	95 84 00 15 	movigl gr24 4001 <$line_table_start0+0x1110>
    1bd4:	95 80 00 01 	movigh gr24 0 <Cla1Task1>
    1bd8:	80 06 00 0b 	movg2c gr24
    1bdc:	84 c3 18 00 	add gr12 gr12 gr24
    1be0:	84 d3 48 06 	xor gr13 gr13 gr8
    1be4:	84 e3 8c 00 	add gr14 gr14 gr12
    1be8:	84 f3 cd 06 	xor gr15 gr15 gr13
    1bec:	84 c3 0f 00 	add gr12 gr12 gr15
    1bf0:	80 00 00 00 	nop
    1bf4:	80 90 00 0f 	movc2g gr9
    1bf8:	94 90 17 d5 	movigl gr9 17d <$line_table_start0+0x17>
    1bfc:	94 90 00 01 	movigh gr9 0 <Cla1Task1>
    1c00:	95 94 00 15 	movigl gr25 4001 <$line_table_start0+0x1110>
    1c04:	95 90 00 01 	movigh gr25 0 <Cla1Task1>
    1c08:	80 06 40 0b 	movg2c gr25
    1c0c:	84 c3 19 00 	add gr12 gr12 gr25
    1c10:	84 d3 49 06 	xor gr13 gr13 gr9
    1c14:	84 e3 8c 00 	add gr14 gr14 gr12
    1c18:	84 f3 cd 06 	xor gr15 gr15 gr13
    1c1c:	84 c3 0f 00 	add gr12 gr12 gr15
    1c20:	80 00 00 00 	nop
    1c24:	80 a0 00 0f 	movc2g gr10
    1c28:	94 a0 17 e5 	movigl gr10 17e <$line_table_start0+0x18>
    1c2c:	94 a0 00 01 	movigh gr10 0 <Cla1Task1>
    1c30:	95 a4 01 15 	movigl gr26 4011 <$line_table_start0+0x1120>
    1c34:	95 a0 00 01 	movigh gr26 0 <Cla1Task1>
    1c38:	80 06 80 0b 	movg2c gr26
    1c3c:	84 c3 1a 00 	add gr12 gr12 gr26
    1c40:	84 d3 4a 06 	xor gr13 gr13 gr10
    1c44:	84 e3 8c 00 	add gr14 gr14 gr12
    1c48:	84 f3 cd 06 	xor gr15 gr15 gr13
    1c4c:	84 c3 0f 00 	add gr12 gr12 gr15
    1c50:	80 00 00 00 	nop
    1c54:	80 b0 00 0f 	movc2g gr11
    1c58:	94 b0 17 f5 	movigl gr11 17f <$line_table_start0+0x19>
    1c5c:	94 b0 00 01 	movigh gr11 0 <Cla1Task1>
    1c60:	95 b4 00 15 	movigl gr27 4001 <$line_table_start0+0x1110>
    1c64:	95 b0 00 01 	movigh gr27 0 <Cla1Task1>
    1c68:	80 06 c0 0b 	movg2c gr27
    1c6c:	84 c3 1b 00 	add gr12 gr12 gr27
    1c70:	84 d3 4b 06 	xor gr13 gr13 gr11
    1c74:	84 e3 8c 00 	add gr14 gr14 gr12
    1c78:	84 f3 cd 06 	xor gr15 gr15 gr13
    1c7c:	84 c3 0f 00 	add gr12 gr12 gr15
    1c80:	80 00 00 00 	nop
    1c84:	80 40 00 0f 	movc2g gr4
    1c88:	94 40 18 05 	movigl gr4 180 <$line_table_start0+0x1a>
    1c8c:	94 40 00 01 	movigh gr4 0 <Cla1Task1>
    1c90:	95 44 00 15 	movigl gr20 4001 <$line_table_start0+0x1110>
    1c94:	95 40 00 01 	movigh gr20 0 <Cla1Task1>
    1c98:	80 05 00 0b 	movg2c gr20
    1c9c:	84 c3 14 00 	add gr12 gr12 gr20
    1ca0:	84 d3 44 06 	xor gr13 gr13 gr4
    1ca4:	84 e3 8c 00 	add gr14 gr14 gr12
    1ca8:	84 f3 cd 06 	xor gr15 gr15 gr13
    1cac:	84 c3 0f 00 	add gr12 gr12 gr15
    1cb0:	80 00 00 00 	nop
    1cb4:	80 50 00 0f 	movc2g gr5
    1cb8:	94 50 18 15 	movigl gr5 181 <$line_table_start0+0x1b>
    1cbc:	94 50 00 01 	movigh gr5 0 <Cla1Task1>
    1cc0:	95 54 01 15 	movigl gr21 4011 <$line_table_start0+0x1120>
    1cc4:	95 50 00 01 	movigh gr21 0 <Cla1Task1>
    1cc8:	80 05 40 0b 	movg2c gr21
    1ccc:	84 c3 15 00 	add gr12 gr12 gr21
    1cd0:	84 d3 45 06 	xor gr13 gr13 gr5
    1cd4:	84 e3 8c 00 	add gr14 gr14 gr12
    1cd8:	84 f3 cd 06 	xor gr15 gr15 gr13
    1cdc:	84 c3 0f 00 	add gr12 gr12 gr15
    1ce0:	80 00 00 00 	nop
    1ce4:	80 60 00 0f 	movc2g gr6
    1ce8:	94 60 18 25 	movigl gr6 182 <$line_table_start0+0x1c>
    1cec:	94 60 00 01 	movigh gr6 0 <Cla1Task1>
    1cf0:	95 64 00 15 	movigl gr22 4001 <$line_table_start0+0x1110>
    1cf4:	95 60 00 01 	movigh gr22 0 <Cla1Task1>
    1cf8:	80 05 80 0b 	movg2c gr22
    1cfc:	84 c3 16 00 	add gr12 gr12 gr22
    1d00:	84 d3 46 06 	xor gr13 gr13 gr6
    1d04:	84 e3 8c 00 	add gr14 gr14 gr12
    1d08:	84 f3 cd 06 	xor gr15 gr15 gr13
    1d0c:	84 c3 0f 00 	add gr12 gr12 gr15
    1d10:	80 00 00 00 	nop
    1d14:	80 70 00 0f 	movc2g gr7
    1d18:	94 70 18 35 	movigl gr7 183 <$line_table_start0+0x1d>
    1d1c:	94 70 00 01 	movigh gr7 0 <Cla1Task1>
    1d20:	95 74 00 15 	movigl gr23 4001 <$line_table_start0+0x1110>
    1d24:	95 70 00 01 	movigh gr23 0 <Cla1Task1>
    1d28:	80 05 c0 0b 	movg2c gr23
    1d2c:	84 c3 17 00 	add gr12 gr12 gr23
    1d30:	84 d3 47 06 	xor gr13 gr13 gr7
    1d34:	84 e3 8c 00 	add gr14 gr14 gr12
    1d38:	84 f3 cd 06 	xor gr15 gr15 gr13
    1d3c:	84 c3 0f 00 	add gr12 gr12 gr15
    1d40:	80 00 00 00 	nop
    1d44:	80 80 00 0f 	movc2g gr8
    1d48:	94 80 18 45 	movigl gr8 184 <$line_table_start0+0x1e>
    1d4c:	94 80 00 01 	movigh gr8 0 <Cla1Task1>
    1d50:	95 84 01 15 	movigl gr24 4011 <$line_table_start0+0x1120>
    1d54:	95 80 00 01 	movigh gr24 0 <Cla1Task1>
    1d58:	80 06 00 0b 	movg2c gr24
    1d5c:	84 c3 18 00 	add gr12 gr12 gr24
    1d60:	84 d3 48 06 	xor gr13 gr13 gr8
    1d64:	84 e3 8c 00 	add gr14 gr14 gr12
    1d68:	84 f3 cd 06 	xor gr15 gr15 gr13
    1d6c:	84 c3 0f 00 	add gr12 gr12 gr15
    1d70:	80 00 00 00 	nop
    1d74:	80 90 00 0f 	movc2g gr9
    1d78:	94 90 18 55 	movigl gr9 185 <$line_table_start0+0x1f>
    1d7c:	94 90 00 01 	movigh gr9 0 <Cla1Task1>
    1d80:	95 94 00 15 	movigl gr25 4001 <$line_table_start0+0x1110>
    1d84:	95 90 00 01 	movigh gr25 0 <Cla1Task1>
    1d88:	80 06 40 0b 	movg2c gr25
    1d8c:	84 c3 19 00 	add gr12 gr12 gr25
    1d90:	84 d3 49 06 	xor gr13 gr13 gr9
    1d94:	84 e3 8c 00 	add gr14 gr14 gr12
    1d98:	84 f3 cd 06 	xor gr15 gr15 gr13
    1d9c:	84 c3 0f 00 	add gr12 gr12 gr15
    1da0:	80 00 00 00 	nop
    1da4:	80 a0 00 0f 	movc2g gr10
    1da8:	94 a0 18 65 	movigl gr10 186 <$line_table_start0+0x20>
    1dac:	94 a0 00 01 	movigh gr10 0 <Cla1Task1>
    1db0:	95 a4 00 15 	movigl gr26 4001 <$line_table_start0+0x1110>
    1db4:	95 a0 00 01 	movigh gr26 0 <Cla1Task1>
    1db8:	80 06 80 0b 	movg2c gr26
    1dbc:	84 c3 1a 00 	add gr12 gr12 gr26
    1dc0:	84 d3 4a 06 	xor gr13 gr13 gr10
    1dc4:	84 e3 8c 00 	add gr14 gr14 gr12
    1dc8:	84 f3 cd 06 	xor gr15 gr15 gr13
    1dcc:	84 c3 0f 00 	add gr12 gr12 gr15
    1dd0:	80 00 00 00 	nop
    1dd4:	80 b0 00 0f 	movc2g gr11
    1dd8:	94 b0 18 75 	movigl gr11 187 <$line_table_start0+0x21>
    1ddc:	94 b0 00 01 	movigh gr11 0 <Cla1Task1>
    1de0:	95 b4 01 15 	movigl gr27 4011 <$line_table_start0+0x1120>
    1de4:	95 b0 00 01 	movigh gr27 0 <Cla1Task1>
    1de8:	80 06 c0 0b 	movg2c gr27
    1dec:	84 c3 1b 00 	add gr12 gr12 gr27
    1df0:	84 d3 4b 06 	xor gr13 gr13 gr11
    1df4:	84 e3 8c 00 	add gr14 gr14 gr12
    1df8:	84 f3 cd 06 	xor gr15 gr15 gr13
    1dfc:	84 c3 0f 00 	add gr12 gr12 gr15
    1e00:	80 00 00 00 	nop
    1e04:	80 40 00 0f 	movc2g gr4
    1e08:	94 40 18 85 	movigl gr4 188 <$line_table_start0+0x22>
    1e0c:	94 40 00 01 	movigh gr4 0 <Cla1Task1>
    1e10:	95 44 00 15 	movigl gr20 4001 <$line_table_start0+0x1110>
    1e14:	95 40 00 01 	movigh gr20 0 <Cla1Task1>
    1e18:	80 05 00 0b 	movg2c gr20
    1e1c:	84 c3 14 00 	add gr12 gr12 gr20
    1e20:	84 d3 44 06 	xor gr13 gr13 gr4
    1e24:	84 e3 8c 00 	add gr14 gr14 gr12
    1e28:	84 f3 cd 06 	xor gr15 gr15 gr13
    1e2c:	84 c3 0f 00 	add gr12 gr12 gr15
    1e30:	80 00 00 00 	nop
    1e34:	80 50 00 0f 	movc2g gr5
    1e38:	94 50 18 95 	movigl gr5 189 <$line_table_start0+0x23>
    1e3c:	94 50 00 01 	movigh gr5 0 <Cla1Task1>
    1e40:	95 54 00 15 	movigl gr21 4001 <$line_table_start0+0x1110>
    1e44:	95 50 00 01 	movigh gr21 0 <Cla1Task1>
    1e48:	80 05 40 0b 	movg2c gr21
    1e4c:	84 c3 15 00 	add gr12 gr12 gr21
    1e50:	84 d3 45 06 	xor gr13 gr13 gr5
    1e54:	84 e3 8c 00 	add gr14 gr14 gr12
    1e58:	84 f3 cd 06 	xor gr15 gr15 gr13
    1e5c:	84 c3 0f 00 	add gr12 gr12 gr15
    1e60:	80 00 00 00 	nop
    1e64:	80 60 00 0f 	movc2g gr6
    1e68:	94 60 18 a5 	movigl gr6 18a <$line_table_start0+0x24>
    1e6c:	94 60 00 01 	movigh gr6 0 <Cla1Task1>
    1e70:	95 64 01 15 	movigl gr22 4011 <$line_table_start0+0x1120>
    1e74:	95 60 00 01 	movigh gr22 0 <Cla1Task1>
    1e78:	80 05 80 0b 	movg2c gr22
    1e7c:	84 c3 16 00 	add gr12 gr12 gr22
    1e80:	84 d3 46 06 	xor gr13 gr13 gr6
    1e84:	84 e3 8c 00 	add gr14 gr14 gr12
    1e88:	84 f3 cd 06 	xor gr15 gr15 gr13
    1e8c:	84 c3 0f 00 	add gr12 gr12 gr15
    1e90:	80 00 00 00 	nop
    1e94:	80 70 00 0f 	movc2g gr7
    1e98:	94 70 18 b5 	movigl gr7 18b <$line_table_start0+0x25>
    1e9c:	94 70 00 01 	movigh gr7 0 <Cla1Task1>
    1ea0:	95 74 00 15 	movigl gr23 4001 <$line_table_start0+0x1110>
    1ea4:	95 70 00 01 	movigh gr23 0 <Cla1Task1>
    1ea8:	80 05 c0 0b 	movg2c gr23
    1eac:	84 c3 17 00 	add gr12 gr12 gr23
    1eb0:	84 d3 47 06 	xor gr13 gr13 gr7
    1eb4:	84 e3 8c 00 	add gr14 gr14 gr12
    1eb8:	84 f3 cd 06 	xor gr15 gr15 gr13
    1ebc:	84 c3 0f 00 	add gr12 gr12 gr15
    1ec0:	80 00 00 00 	nop
    1ec4:	80 80 00 0f 	movc2g gr8
    1ec8:	94 80 18 c5 	movigl gr8 18c <$line_table_start0+0x26>
    1ecc:	94 80 00 01 	movigh gr8 0 <Cla1Task1>
    1ed0:	95 84 00 15 	movigl gr24 4001 <$line_table_start0+0x1110>
    1ed4:	95 80 00 01 	movigh gr24 0 <Cla1Task1>
    1ed8:	80 06 00 0b 	movg2c gr24
    1edc:	84 c3 18 00 	add gr12 gr12 gr24
    1ee0:	84 d3 48 06 	xor gr13 gr13 gr8
    1ee4:	84 e3 8c 00 	add gr14 gr14 gr12
    1ee8:	84 f3 cd 06 	xor gr15 gr15 gr13
    1eec:	84 c3 0f 00 	add gr12 gr12 gr15
    1ef0:	80 00 00 00 	nop
    1ef4:	80 90 00 0f 	movc2g gr9
    1ef8:	94 90 18 d5 	movigl gr9 18d <$line_table_start0+0x27>
    1efc:	94 90 00 01 	movigh gr9 0 <Cla1Task1>
    1f00:	95 94 01 15 	movigl gr25 4011 <$line_table_start0+0x1120>
    1f04:	95 90 00 01 	movigh gr25 0 <Cla1Task1>
    1f08:	80 06 40 0b 	movg2c gr25
    1f0c:	84 c3 19 00 	add gr12 gr12 gr25
    1f10:	84 d3 49 06 	xor gr13 gr13 gr9
    1f14:	84 e3 8c 00 	add gr14 gr14 gr12
    1f18:	84 f3 cd 06 	xor gr15 gr15 gr13
    1f1c:	84 c3 0f 00 	add gr12 gr12 gr15
    1f20:	80 00 00 00 	nop
    1f24:	80 a0 00 0f 	movc2g gr10
    1f28:	94 a0 18 e5 	movigl gr10 18e <$line_table_start0+0x28>
    1f2c:	94 a0 00 01 	movigh gr10 0 <Cla1Task1>
    1f30:	95 a4 00 15 	movigl gr26 4001 <$line_table_start0+0x1110>
    1f34:	95 a0 00 01 	movigh gr26 0 <Cla1Task1>
    1f38:	80 06 80 0b 	movg2c gr26
    1f3c:	84 c3 1a 00 	add gr12 gr12 gr26
    1f40:	84 d3 4a 06 	xor gr13 gr13 gr10
    1f44:	84 e3 8c 00 	add gr14 gr14 gr12
    1f48:	84 f3 cd 06 	xor gr15 gr15 gr13
    1f4c:	84 c3 0f 00 	add gr12 gr12 gr15
    1f50:	80 00 00 00 	nop
    1f54:	80 b0 00 0f 	movc2g gr11
    1f58:	94 b0 18 f5 	movigl gr11 18f <.L0 >
    1f5c:	94 b0 00 01 	movigh gr11 0 <Cla1Task1>
    1f60:	95 b4 00 15 	movigl gr27 4001 <$line_table_start0+0x1110>
    1f64:	95 b0 00 01 	movigh gr27 0 <Cla1Task1>
    1f68:	80 06 c0 0b 	movg2c gr27
    1f6c:	84 c3 1b 00 	add gr12 gr12 gr27
    1f70:	84 d3 4b 06 	xor gr13 gr13 gr11
    1f74:	84 e3 8c 00 	add gr14 gr14 gr12
    1f78:	84 f3 cd 06 	xor gr15 gr15 gr13
    1f7c:	84 c3 0f 00 	add gr12 gr12 gr15
    1f80:	80 00 00 00 	nop
    1f84:	80 40 00 0f 	movc2g gr4
    1f88:	94 40 19 05 	movigl gr4 190 <.L0 >
    1f8c:	94 40 00 01 	movigh gr4 0 <Cla1Task1>
    1f90:	95 44 01 15 	movigl gr20 4011 <$line_table_start0+0x1120>
    1f94:	95 40 00 01 	movigh gr20 0 <Cla1Task1>
    1f98:	80 05 00 0b 	movg2c gr20
    1f9c:	84 c3 14 00 	add gr12 gr12 gr20
    1fa0:	84 d3 44 06 	xor gr13 gr13 gr4
    1fa4:	84 e3 8c 00 	add gr14 gr14 gr12
    1fa8:	84 f3 cd 06 	xor gr15 gr15 gr13
    1fac:	84 c3 0f 00 	add gr12 gr12 gr15
    1fb0:	80 00 00 00 	nop
    1fb4:	80 50 00 0f 	movc2g gr5
    1fb8:	94 50 19 15 	movigl gr5 191 <.L0 +0x1>
    1fbc:	94 50 00 01 	movigh gr5 0 <Cla1Task1>
    1fc0:	95 54 00 15 	movigl gr21 4001 <$line_table_start0+0x1110>
    1fc4:	95 50 00 01 	movigh gr21 0 <Cla1Task1>
    1fc8:	80 05 40 0b 	movg2c gr21
    1fcc:	84 c3 15 00 	add gr12 gr12 gr21
    1fd0:	84 d3 45 06 	xor gr13 gr13 gr5
    1fd4:	84 e3 8c 00 	add gr14 gr14 gr12
    1fd8:	84 f3 cd 06 	xor gr15 gr15 gr13
    1fdc:	84 c3 0f 00 	add gr12 gr12 gr15
    1fe0:	80 00 00 00 	nop
    1fe4:	80 60 00 0f 	movc2g gr6
    1fe8:	94 60 19 25 	movigl gr6 192 <.L0 +0x2>
    1fec:	94 60 00 01 	movigh gr6 0 <Cla1Task1>
    1ff0:	95 64 00 15 	movigl gr22 4001 <$line_table_start0+0x1110>
    1ff4:	95 60 00 01 	movigh gr22 0 <Cla1Task1>
    1ff8:	80 05 80 0b 	movg2c gr22
    1ffc:	84 c3 16 00 	add gr12 gr12 gr22
    2000:	84 d3 46 06 	xor gr13 gr13 gr6
    2004:	84 e3 8c 00 	add gr14 gr14 gr12
    2008:	84 f3 cd 06 	xor gr15 gr15 gr13
    200c:	84 c3 0f 00 	add gr12 gr12 gr15
    2010:	80 00 00 00 	nop
    2014:	80 70 00 0f 	movc2g gr7
    2018:	94 70 19 35 	movigl gr7 193 <.L0 +0x3>
    201c:	94 70 00 01 	movigh gr7 0 <Cla1Task1>
    2020:	95 74 01 15 	movigl gr23 4011 <$line_table_start0+0x1120>
    2024:	95 70 00 01 	movigh gr23 0 <Cla1Task1>
    2028:	80 05 c0 0b 	movg2c gr23
    202c:	84 c3 17 00 	add gr12 gr12 gr23
    2030:	84 d3 47 06 	xor gr13 gr13 gr7
    2034:	84 e3 8c 00 	add gr14 gr14 gr12
    2038:	84 f3 cd 06 	xor gr15 gr15 gr13
    203c:	84 c3 0f 00 	add gr12 gr12 gr15
    2040:	80 00 00 00 	nop
    2044:	80 80 00 0f 	movc2g gr8
    2048:	94 80 19 45 	movigl gr8 194 <.L0 +0x4>
    204c:	94 80 00 01 	movigh gr8 0 <Cla1Task1>
    2050:	95 84 00 15 	movigl gr24 4001 <$line_table_start0+0x1110>
    2054:	95 80 00 01 	movigh gr24 0 <Cla1Task1>
    2058:	80 06 00 0b 	movg2c gr24
    205c:	84 c3 18 00 	add gr12 gr12 gr24
    2060:	84 d3 48 06 	xor gr13 gr13 gr8
    2064:	84 e3 8c 00 	add gr14 gr14 gr12
    2068:	84 f3 cd 06 	xor gr15 gr15 gr13
    206c:	84 c3 0f 00 	add gr12 gr12 gr15
    2070:	80 00 00 00 	nop
    2074:	80 90 00 0f 	movc2g gr9
    2078:	94 90 19 55 	movigl gr9 195 <.L0 +0x5>
    207c:	94 90 00 01 	movigh gr9 0 <Cla1Task1>
    2080:	95 94 00 15 	movigl gr25 4001 <$line_table_start0+0x1110>
    2084:	95 90 00 01 	movigh gr25 0 <Cla1Task1>
    2088:	80 06 40 0b 	movg2c gr25
    208c:	84 c3 19 00 	add gr12 gr12 gr25
    2090:	84 d3 49 06 	xor gr13 gr13 gr9
    2094:	84 e3 8c 00 	add gr14 gr14 gr12
    2098:	84 f3 cd 06 	xor gr15 gr15 gr13
    209c:	84 c3 0f 00 	add gr12 gr12 gr15
    20a0:	80 00 00 00 	nop
    20a4:	80 a0 00 0f 	movc2g gr10
    20a8:	94 a0 19 65 	movigl gr10 196 <.L0 +0x6>
    20ac:	94 a0 00 01 	movigh gr10 0 <Cla1Task1>
    20b0:	95 a4 01 15 	movigl gr26 4011 <$line_table_start0+0x1120>
    20b4:	95 a0 00 01 	movigh gr26 0 <Cla1Task1>
    20b8:	80 06 80 0b 	movg2c gr26
    20bc:	84 c3 1a 00 	add gr12 gr12 gr26
    20c0:	84 d3 4a 06 	xor gr13 gr13 gr10
    20c4:	84 e3 8c 00 	add gr14 gr14 gr12
    20c8:	84 f3 cd 06 	xor gr15 gr15 gr13
    20cc:	84 c3 0f 00 	add gr12 gr12 gr15
    20d0:	80 00 00 00 	nop
    20d4:	80 b0 00 0f 	movc2g gr11
    20d8:	94 b0 19 75 	movigl gr11 197 <.L0 +0x7>
    20dc:	94 b0 00 01 	movigh gr11 0 <Cla1Task1>
    20e0:	95 b4 00 15 	movigl gr27 4001 <$line_table_start0+0x1110>
    20e4:	95 b0 00 01 	movigh gr27 0 <Cla1Task1>
    20e8:	80 06 c0 0b 	movg2c gr27
    20ec:	84 c3 1b 00 	add gr12 gr12 gr27
    20f0:	84 d3 4b 06 	xor gr13 gr13 gr11
    20f4:	84 e3 8c 00 	add gr14 gr14 gr12
    20f8:	84 f3 cd 06 	xor gr15 gr15 gr13
    20fc:	84 c3 0f 00 	add gr12 gr12 gr15
    2100:	80 00 00 00 	nop
    2104:	80 40 00 0f 	movc2g gr4
    2108:	94 40 19 85 	movigl gr4 198 <.L0 +0x8>
    210c:	94 40 00 01 	movigh gr4 0 <Cla1Task1>
    2110:	95 44 00 15 	movigl gr20 4001 <$line_table_start0+0x1110>
    2114:	95 40 00 01 	movigh gr20 0 <Cla1Task1>
    2118:	80 05 00 0b 	movg2c gr20
    211c:	84 c3 14 00 	add gr12 gr12 gr20
    2120:	84 d3 44 06 	xor gr13 gr13 gr4
    2124:	84 e3 8c 00 	add gr14 gr14 gr12
    2128:	84 f3 cd 06 	xor gr15 gr15 gr13
    212c:	84 c3 0f 00 	add gr12 gr12 gr15
    2130:	80 00 00 00 	nop
    2134:	80 50 00 0f 	movc2g gr5
    2138:	94 50 19 95 	movigl gr5 199 <.L0 +0x9>
    213c:	94 50 00 01 	movigh gr5 0 <Cla1Task1>
    2140:	95 54 01 15 	movigl gr21 4011 <$line_table_start0+0x1120>
    2144:	95 50 00 01 	movigh gr21 0 <Cla1Task1>
    2148:	80 05 40 0b 	movg2c gr21
    214c:	84 c3 15 00 	add gr12 gr12 gr21
    2150:	84 d3 45 06 	xor gr13 gr13 gr5
    2154:	84 e3 8c 00 	add gr14 gr14 gr12
    2158:	84 f3 cd 06 	xor gr15 gr15 gr13
    215c:	84 c3 0f 00 	add gr12 gr12 gr15
    2160:	80 00 00 00 	nop
    2164:	80 60 00 0f 	movc2g gr6
    2168:	94 60 19 a5 	movigl gr6 19a <.L0 +0xa>
    216c:	94 60 00 01 	movigh gr6 0 <Cla1Task1>
    2170:	95 64 00 15 	movigl gr22 4001 <$line_table_start0+0x1110>
    2174:	95 60 00 01 	movigh gr22 0 <Cla1Task1>
    2178:	80 05 80 0b 	movg2c gr22
    217c:	84 c3 16 00 	add gr12 gr12 gr22
    2180:	84 d3 46 06 	xor gr13 gr13 gr6
    2184:	84 e3 8c 00 	add gr14 gr14 gr12
    2188:	84 f3 cd 06 	xor gr15 gr15 gr13
    218c:	84 c3 0f 00 	add gr12 gr12 gr15
    2190:	80 00 00 00 	nop
    2194:	80 70 00 0f 	movc2g gr7
    2198:	94 70 19 b5 	movigl gr7 19b <.L0 +0xb>
    219c:	94 70 00 01 	movigh gr7 0 <Cla1Task1>
    21a0:	95 74 00 15 	movigl gr23 4001 <$line_table_start0+0x1110>
    21a4:	95 70 00 01 	movigh gr23 0 <Cla1Task1>
    21a8:	80 05 c0 0b 	movg2c gr23
    21ac:	84 c3 17 00 	add gr12 gr12 gr23
    21b0:	84 d3 47 06 	xor gr13 gr13 gr7
    21b4:	84 e3 8c 00 	add gr14 gr14 gr12
    21b8:	84 f3 cd 06 	xor gr15 gr15 gr13
    21bc:	84 c3 0f 00 	add gr12 gr12 gr15
    21c0:	80 00 00 00 	nop
    21c4:	80 80 00 0f 	movc2g gr8
    21c8:	94 80 19 c5 	movigl gr8 19c <.L0 +0xc>
    21cc:	94 80 00 01 	movigh gr8 0 <Cla1Task1>
    21d0:	95 84 01 15 	movigl gr24 4011 <$line_table_start0+0x1120>
    21d4:	95 80 00 01 	movigh gr24 0 <Cla1Task1>
    21d8:	80 06 00 0b 	movg2c gr24
    21dc:	84 c3 18 00 	add gr12 gr12 gr24
    21e0:	84 d3 48 06 	xor gr13 gr13 gr8
    21e4:	84 e3 8c 00 	add gr14 gr14 gr12
    21e8:	84 f3 cd 06 	xor gr15 gr15 gr13
    21ec:	84 c3 0f 00 	add gr12 gr12 gr15
    21f0:	80 00 00 00 	nop
    21f4:	80 90 00 0f 	movc2g gr9
    21f8:	94 90 19 d5 	movigl gr9 19d <.L0 +0xd>
    21fc:	94 90 00 01 	movigh gr9 0 <Cla1Task1>
    2200:	95 94 00 15 	movigl gr25 4001 <$line_table_start0+0x1110>
    2204:	95 90 00 01 	movigh gr25 0 <Cla1Task1>
    2208:	80 06 40 0b 	movg2c gr25
    220c:	84 c3 19 00 	add gr12 gr12 gr25
    2210:	84 d3 49 06 	xor gr13 gr13 gr9
    2214:	84 e3 8c 00 	add gr14 gr14 gr12
    2218:	84 f3 cd 06 	xor gr15 gr15 gr13
    221c:	84 c3 0f 00 	add gr12 gr12 gr15
    2220:	80 00 00 00 	nop
    2224:	80 a0 00 0f 	movc2g gr10
    2228:	94 a0 19 e5 	movigl gr10 19e <.L0 +0xe>
    222c:	94 a0 00 01 	movigh gr10 0 <Cla1Task1>
    2230:	95 a4 00 15 	movigl gr26 4001 <$line_table_start0+0x1110>
    2234:	95 a0 00 01 	movigh gr26 0 <Cla1Task1>
    2238:	80 06 80 0b 	movg2c gr26
    223c:	84 c3 1a 00 	add gr12 gr12 gr26
    2240:	84 d3 4a 06 	xor gr13 gr13 gr10
    2244:	84 e3 8c 00 	add gr14 gr14 gr12
    2248:	84 f3 cd 06 	xor gr15 gr15 gr13
    224c:	84 c3 0f 00 	add gr12 gr12 gr15
    2250:	80 00 00 00 	nop
    2254:	80 b0 00 0f 	movc2g gr11
    2258:	94 b0 19 f5 	movigl gr11 19f <.L0 +0xf>
    225c:	94 b0 00 01 	movigh gr11 0 <Cla1Task1>
    2260:	95 b4 01 15 	movigl gr27 4011 <$line_table_start0+0x1120>
    2264:	95 b0 00 01 	movigh gr27 0 <Cla1Task1>
    2268:	80 06 c0 0b 	movg2c gr27
    226c:	84 c3 1b 00 	add gr12 gr12 gr27
    2270:	84 d3 4b 06 	xor gr13 gr13 gr11
    2274:	84 e3 8c 00 	add gr14 gr14 gr12
    2278:	84 f3 cd 06 	xor gr15 gr15 gr13
    227c:	84 c3 0f 00 	add gr12 gr12 gr15
    2280:	80 00 00 00 	nop
    2284:	80 40 00 0f 	movc2g gr4
    2288:	94 40 1a 05 	movigl gr4 1a0 <.L0 +0x10>
    228c:	94 40 00 01 	movigh gr4 0 <Cla1Task1>
    2290:	95 44 00 15 	movigl gr20 4001 <$line_table_start0+0x1110>
    2294:	95 40 00 01 	movigh gr20 0 <Cla1Task1>
    2298:	80 05 00 0b 	movg2c gr20
    229c:	84 c3 14 00 	add gr12 gr12 gr20
    22a0:	84 d3 44 06 	xor gr13 gr13 gr4
    22a4:	84 e3 8c 00 	add gr14 gr14 gr12
    22a8:	84 f3 cd 06 	xor gr15 gr15 gr13
    22ac:	84 c3 0f 00 	add gr12 gr12 gr15
    22b0:	80 00 00 00 	nop
    22b4:	80 50 00 0f 	movc2g gr5
    22b8:	94 50 1a 15 	movigl gr5 1a1 <.L0 +0x11>
    22bc:	94 50 00 01 	movigh gr5 0 <Cla1Task1>
    22c0:	95 54 00 15 	movigl gr21 4001 <$line_table_start0+0x1110>
    22c4:	95 50 00 01 	movigh gr21 0 <Cla1Task1>
    22c8:	80 05 40 0b 	movg2c gr21
    22cc:	84 c3 15 00 	add gr12 gr12 gr21
    22d0:	84 d3 45 06 	xor gr13 gr13 gr5
    22d4:	84 e3 8c 00 	add gr14 gr14 gr12
    22d8:	84 f3 cd 06 	xor gr15 gr15 gr13
    22dc:	84 c3 0f 00 	add gr12 gr12 gr15
    22e0:	80 00 00 00 	nop
    22e4:	80 60 00 0f 	movc2g gr6
    22e8:	94 60 1a 25 	movigl gr6 1a2 <.L0 +0x12>
    22ec:	94 60 00 01 	movigh gr6 0 <Cla1Task1>
    22f0:	95 64 01 15 	movigl gr22 4011 <$line_table_start0+0x1120>
    22f4:	95 60 00 01 	movigh gr22 0 <Cla1Task1>
    22f8:	80 05 80 0b 	movg2c gr22
    22fc:	84 c3 16 00 	add gr12 gr12 gr22
    2300:	84 d3 46 06 	xor gr13 gr13 gr6
    2304:	84 e3 8c 00 	add gr14 gr14 gr12
    2308:	84 f3 cd 06 	xor gr15 gr15 gr13
    230c:	84 c3 0f 00 	add gr12 gr12 gr15
    2310:	80 00 00 00 	nop
    2314:	80 70 00 0f 	movc2g gr7
    2318:	94 70 1a 35 	movigl gr7 1a3 <.L0 +0x13>
    231c:	94 70 00 01 	movigh gr7 0 <Cla1Task1>
    2320:	95 74 00 15 	movigl gr23 4001 <$line_table_start0+0x1110>
    2324:	95 70 00 01 	movigh gr23 0 <Cla1Task1>
    2328:	80 05 c0 0b 	movg2c gr23
    232c:	84 c3 17 00 	add gr12 gr12 gr23
    2330:	84 d3 47 06 	xor gr13 gr13 gr7
    2334:	84 e3 8c 00 	add gr14 gr14 gr12
    2338:	84 f3 cd 06 	xor gr15 gr15 gr13
    233c:	84 c3 0f 00 	add gr12 gr12 gr15
    2340:	80 00 00 00 	nop
    2344:	80 80 00 0f 	movc2g gr8
    2348:	94 80 1a 45 	movigl gr8 1a4 <.L0 +0x14>
    234c:	94 80 00 01 	movigh gr8 0 <Cla1Task1>
    2350:	95 84 00 15 	movigl gr24 4001 <$line_table_start0+0x1110>
    2354:	95 80 00 01 	movigh gr24 0 <Cla1Task1>
    2358:	80 06 00 0b 	movg2c gr24
    235c:	84 c3 18 00 	add gr12 gr12 gr24
    2360:	84 d3 48 06 	xor gr13 gr13 gr8
    2364:	84 e3 8c 00 	add gr14 gr14 gr12
    2368:	84 f3 cd 06 	xor gr15 gr15 gr13
    236c:	84 c3 0f 00 	add gr12 gr12 gr15
    2370:	80 00 00 00 	nop
    2374:	80 90 00 0f 	movc2g gr9
    2378:	94 90 1a 55 	movigl gr9 1a5 <.L0 +0x15>
    237c:	94 90 00 01 	movigh gr9 0 <Cla1Task1>
    2380:	95 94 01 15 	movigl gr25 4011 <$line_table_start0+0x1120>
    2384:	95 90 00 01 	movigh gr25 0 <Cla1Task1>
    2388:	80 06 40 0b 	movg2c gr25
    238c:	84 c3 19 00 	add gr12 gr12 gr25
    2390:	84 d3 49 06 	xor gr13 gr13 gr9
    2394:	84 e3 8c 00 	add gr14 gr14 gr12
    2398:	84 f3 cd 06 	xor gr15 gr15 gr13
    239c:	84 c3 0f 00 	add gr12 gr12 gr15
    23a0:	80 00 00 00 	nop
    23a4:	80 a0 00 0f 	movc2g gr10
    23a8:	94 a0 1a 65 	movigl gr10 1a6 <.L0 +0x16>
    23ac:	94 a0 00 01 	movigh gr10 0 <Cla1Task1>
    23b0:	95 a4 00 15 	movigl gr26 4001 <$line_table_start0+0x1110>
    23b4:	95 a0 00 01 	movigh gr26 0 <Cla1Task1>
    23b8:	80 06 80 0b 	movg2c gr26
    23bc:	84 c3 1a 00 	add gr12 gr12 gr26
    23c0:	84 d3 4a 06 	xor gr13 gr13 gr10
    23c4:	84 e3 8c 00 	add gr14 gr14 gr12
    23c8:	84 f3 cd 06 	xor gr15 gr15 gr13
    23cc:	84 c3 0f 00 	add gr12 gr12 gr15
    23d0:	80 00 00 00 	nop
    23d4:	80 b0 00 0f 	movc2g gr11
    23d8:	94 b0 1a 75 	movigl gr11 1a7 <.L0 +0x17>
    23dc:	94 b0 00 01 	movigh gr11 0 <Cla1Task1>
    23e0:	95 b4 00 15 	movigl gr27 4001 <$line_table_start0+0x1110>
    23e4:	95 b0 00 01 	movigh gr27 0 <Cla1Task1>
    23e8:	80 06 c0 0b 	movg2c gr27
    23ec:	84 c3 1b 00 	add gr12 gr12 gr27
    23f0:	84 d3 4b 06 	xor gr13 gr13 gr11
    23f4:	84 e3 8c 00 	add gr14 gr14 gr12
    23f8:	84 f3 cd 06 	xor gr15 gr15 gr13
    23fc:	84 c3 0f 00 	add gr12 gr12 gr15
    2400:	80 00 00 00 	nop
    2404:	80 40 00 0f 	movc2g gr4
    2408:	94 40 1a 85 	movigl gr4 1a8 <.L0 +0x18>
    240c:	94 40 00 01 	movigh gr4 0 <Cla1Task1>
    2410:	95 44 01 15 	movigl gr20 4011 <$line_table_start0+0x1120>
    2414:	95 40 00 01 	movigh gr20 0 <Cla1Task1>
    2418:	80 05 00 0b 	movg2c gr20
    241c:	84 c3 14 00 	add gr12 gr12 gr20
    2420:	84 d3 44 06 	xor gr13 gr13 gr4
    2424:	84 e3 8c 00 	add gr14 gr14 gr12
    2428:	84 f3 cd 06 	xor gr15 gr15 gr13
    242c:	84 c3 0f 00 	add gr12 gr12 gr15
    2430:	80 00 00 00 	nop
    2434:	80 50 00 0f 	movc2g gr5
    2438:	94 50 1a 95 	movigl gr5 1a9 <.L0 +0x19>
    243c:	94 50 00 01 	movigh gr5 0 <Cla1Task1>
    2440:	95 54 00 15 	movigl gr21 4001 <$line_table_start0+0x1110>
    2444:	95 50 00 01 	movigh gr21 0 <Cla1Task1>
    2448:	80 05 40 0b 	movg2c gr21
    244c:	84 c3 15 00 	add gr12 gr12 gr21
    2450:	84 d3 45 06 	xor gr13 gr13 gr5
    2454:	84 e3 8c 00 	add gr14 gr14 gr12
    2458:	84 f3 cd 06 	xor gr15 gr15 gr13
    245c:	84 c3 0f 00 	add gr12 gr12 gr15
    2460:	80 00 00 00 	nop
    2464:	80 60 00 0f 	movc2g gr6
    2468:	94 60 1a a5 	movigl gr6 1aa <.L0 +0x1a>
    246c:	94 60 00 01 	movigh gr6 0 <Cla1Task1>
    2470:	95 64 00 15 	movigl gr22 4001 <$line_table_start0+0x1110>
    2474:	95 60 00 01 	movigh gr22 0 <Cla1Task1>
    2478:	80 05 80 0b 	movg2c gr22
    247c:	84 c3 16 00 	add gr12 gr12 gr22
    2480:	84 d3 46 06 	xor gr13 gr13 gr6
    2484:	84 e3 8c 00 	add gr14 gr14 gr12
    2488:	84 f3 cd 06 	xor gr15 gr15 gr13
    248c:	84 c3 0f 00 	add gr12 gr12 gr15
    2490:	80 00 00 00 	nop
    2494:	80 70 00 0f 	movc2g gr7
    2498:	94 70 1a b5 	movigl gr7 1ab <.L0 +0x1b>
    249c:	94 70 00 01 	movigh gr7 0 <Cla1Task1>
    24a0:	95 74 01 15 	movigl gr23 4011 <$line_table_start0+0x1120>
    24a4:	95 70 00 01 	movigh gr23 0 <Cla1Task1>
    24a8:	80 05 c0 0b 	movg2c gr23
    24ac:	84 c3 17 00 	add gr12 gr12 gr23
    24b0:	84 d3 47 06 	xor gr13 gr13 gr7
    24b4:	84 e3 8c 00 	add gr14 gr14 gr12
    24b8:	84 f3 cd 06 	xor gr15 gr15 gr13
    24bc:	84 c3 0f 00 	add gr12 gr12 gr15
    24c0:	80 00 00 00 	nop
    24c4:	80 80 00 0f 	movc2g gr8
    24c8:	94 80 1a c5 	movigl gr8 1ac <.L0 +0x1c>
    24cc:	94 80 00 01 	movigh gr8 0 <Cla1Task1>
    24d0:	95 84 00 15 	movigl gr24 4001 <$line_table_start0+0x1110>
    24d4:	95 80 00 01 	movigh gr24 0 <Cla1Task1>
    24d8:	80 06 00 0b 	movg2c gr24
    24dc:	84 c3 18 00 	add gr12 gr12 gr24
    24e0:	84 d3 48 06 	xor gr13 gr13 gr8
    24e4:	84 e3 8c 00 	add gr14 gr14 gr12
    24e8:	84 f3 cd 06 	xor gr15 gr15 gr13
    24ec:	84 c3 0f 00 	add gr12 gr12 gr15
    24f0:	80 00 00 00 	nop
    24f4:	80 90 00 0f 	movc2g gr9
    24f8:	94 90 1a d5 	movigl gr9 1ad <.L0 >
    24fc:	94 90 00 01 	movigh gr9 0 <Cla1Task1>
    2500:	95 94 00 15 	movigl gr25 4001 <$line_table_start0+0x1110>
    2504:	95 90 00 01 	movigh gr25 0 <Cla1Task1>
    2508:	80 06 40 0b 	movg2c gr25
    250c:	84 c3 19 00 	add gr12 gr12 gr25
    2510:	84 d3 49 06 	xor gr13 gr13 gr9
    2514:	84 e3 8c 00 	add gr14 gr14 gr12
    2518:	84 f3 cd 06 	xor gr15 gr15 gr13
    251c:	84 c3 0f 00 	add gr12 gr12 gr15
    2520:	80 00 00 00 	nop
    2524:	80 a0 00 0f 	movc2g gr10
    2528:	94 a0 1a e5 	movigl gr10 1ae <.L0 +0x1>
    252c:	94 a0 00 01 	movigh gr10 0 <Cla1Task1>
    2530:	95 a4 01 15 	movigl gr26 4011 <$line_table_start0+0x1120>
    2534:	95 a0 00 01 	movigh gr26 0 <Cla1Task1>
    2538:	80 06 80 0b 	movg2c gr26
    253c:	84 c3 1a 00 	add gr12 gr12 gr26
    2540:	84 d3 4a 06 	xor gr13 gr13 gr10
    2544:	84 e3 8c 00 	add gr14 gr14 gr12
    2548:	84 f3 cd 06 	xor gr15 gr15 gr13
    254c:	84 c3 0f 00 	add gr12 gr12 gr15
    2550:	80 00 00 00 	nop
    2554:	80 b0 00 0f 	movc2g gr11
    2558:	94 b0 1a f5 	movigl gr11 1af <.L0 +0x2>
    255c:	94 b0 00 01 	movigh gr11 0 <Cla1Task1>
    2560:	95 b4 00 15 	movigl gr27 4001 <$line_table_start0+0x1110>
    2564:	95 b0 00 01 	movigh gr27 0 <Cla1Task1>
    2568:	80 06 c0 0b 	movg2c gr27
    256c:	84 c3 1b 00 	add gr12 gr12 gr27
    2570:	84 d3 4b 06 	xor gr13 gr13 gr11
    2574:	84 e3 8c 00 	add gr14 gr14 gr12
    2578:	84 f3 cd 06 	xor gr15 gr15 gr13
    257c:	84 c3 0f 00 	add gr12 gr12 gr15
    2580:	80 00 00 00 	nop
    2584:	80 40 00 0f 	movc2g gr4
    2588:	94 40 1b 05 	movigl gr4 1b0 <.L0 +0x3>
    258c:	94 40 00 01 	movigh gr4 0 <Cla1Task1>
    2590:	95 44 00 15 	movigl gr20 4001 <$line_table_start0+0x1110>
    2594:	95 40 00 01 	movigh gr20 0 <Cla1Task1>
    2598:	80 05 00 0b 	movg2c gr20
    259c:	84 c3 14 00 	add gr12 gr12 gr20
    25a0:	84 d3 44 06 	xor gr13 gr13 gr4
    25a4:	84 e3 8c 00 	add gr14 gr14 gr12
    25a8:	84 f3 cd 06 	xor gr15 gr15 gr13
    25ac:	84 c3 0f 00 	add gr12 gr12 gr15
    25b0:	80 00 00 00 	nop
    25b4:	80 50 00 0f 	movc2g gr5
    25b8:	94 50 1b 15 	movigl gr5 1b1 <.L0 +0x4>
    25bc:	94 50 00 01 	movigh gr5 0 <Cla1Task1>
    25c0:	95 54 01 15 	movigl gr21 4011 <$line_table_start0+0x1120>
    25c4:	95 50 00 01 	movigh gr21 0 <Cla1Task1>
    25c8:	80 05 40 0b 	movg2c gr21
    25cc:	84 c3 15 00 	add gr12 gr12 gr21
    25d0:	84 d3 45 06 	xor gr13 gr13 gr5
    25d4:	84 e3 8c 00 	add gr14 gr14 gr12
    25d8:	84 f3 cd 06 	xor gr15 gr15 gr13
    25dc:	84 c3 0f 00 	add gr12 gr12 gr15
    25e0:	80 00 00 00 	nop
    25e4:	80 60 00 0f 	movc2g gr6
    25e8:	94 60 1b 25 	movigl gr6 1b2 <.L0 +0x5>
    25ec:	94 60 00 01 	movigh gr6 0 <Cla1Task1>
    25f0:	95 64 00 15 	movigl gr22 4001 <$line_table_start0+0x1110>
    25f4:	95 60 00 01 	movigh gr22 0 <Cla1Task1>
    25f8:	80 05 80 0b 	movg2c gr22
    25fc:	84 c3 16 00 	add gr12 gr12 gr22
    2600:	84 d3 46 06 	xor gr13 gr13 gr6
    2604:	84 e3 8c 00 	add gr14 gr14 gr12
    2608:	84 f3 cd 06 	xor gr15 gr15 gr13
    260c:	84 c3 0f 00 	add gr12 gr12 gr15
    2610:	80 00 00 00 	nop
    2614:	80 70 00 0f 	movc2g gr7
    2618:	94 70 1b 35 	movigl gr7 1b3 <.L0 +0x6>
    261c:	94 70 00 01 	movigh gr7 0 <Cla1Task1>
    2620:	95 74 00 15 	movigl gr23 4001 <$line_table_start0+0x1110>
    2624:	95 70 00 01 	movigh gr23 0 <Cla1Task1>
    2628:	80 05 c0 0b 	movg2c gr23
    262c:	84 c3 17 00 	add gr12 gr12 gr23
    2630:	84 d3 47 06 	xor gr13 gr13 gr7
    2634:	84 e3 8c 00 	add gr14 gr14 gr12
    2638:	84 f3 cd 06 	xor gr15 gr15 gr13
    263c:	84 c3 0f 00 	add gr12 gr12 gr15
    2640:	80 00 00 00 	nop
    2644:	80 80 00 0f 	movc2g gr8
    2648:	94 80 1b 45 	movigl gr8 1b4 <.L0 +0x7>
    264c:	94 80 00 01 	movigh gr8 0 <Cla1Task1>
    2650:	95 84 01 15 	movigl gr24 4011 <$line_table_start0+0x1120>
    2654:	95 80 00 01 	movigh gr24 0 <Cla1Task1>
    2658:	80 06 00 0b 	movg2c gr24
    265c:	84 c3 18 00 	add gr12 gr12 gr24
    2660:	84 d3 48 06 	xor gr13 gr13 gr8
    2664:	84 e3 8c 00 	add gr14 gr14 gr12
    2668:	84 f3 cd 06 	xor gr15 gr15 gr13
    266c:	84 c3 0f 00 	add gr12 gr12 gr15
    2670:	80 00 00 00 	nop
    2674:	80 90 00 0f 	movc2g gr9
    2678:	94 90 1b 55 	movigl gr9 1b5 <.L0 +0x8>
    267c:	94 90 00 01 	movigh gr9 0 <Cla1Task1>
    2680:	95 94 00 15 	movigl gr25 4001 <$line_table_start0+0x1110>
    2684:	95 90 00 01 	movigh gr25 0 <Cla1Task1>
    2688:	80 06 40 0b 	movg2c gr25
    268c:	84 c3 19 00 	add gr12 gr12 gr25
    2690:	84 d3 49 06 	xor gr13 gr13 gr9
    2694:	84 e3 8c 00 	add gr14 gr14 gr12
    2698:	84 f3 cd 06 	xor gr15 gr15 gr13
    269c:	84 c3 0f 00 	add gr12 gr12 gr15
    26a0:	80 00 00 00 	nop
    26a4:	80 a0 00 0f 	movc2g gr10
    26a8:	94 a0 1b 65 	movigl gr10 1b6 <.L0 +0x9>
    26ac:	94 a0 00 01 	movigh gr10 0 <Cla1Task1>
    26b0:	95 a4 00 15 	movigl gr26 4001 <$line_table_start0+0x1110>
    26b4:	95 a0 00 01 	movigh gr26 0 <Cla1Task1>
    26b8:	80 06 80 0b 	movg2c gr26
    26bc:	84 c3 1a 00 	add gr12 gr12 gr26
    26c0:	84 d3 4a 06 	xor gr13 gr13 gr10
    26c4:	84 e3 8c 00 	add gr14 gr14 gr12
    26c8:	84 f3 cd 06 	xor gr15 gr15 gr13
    26cc:	84 c3 0f 00 	add gr12 gr12 gr15
    26d0:	80 00 00 00 	nop
    26d4:	80 b0 00 0f 	movc2g gr11
    26d8:	94 b0 1b 75 	movigl gr11 1b7 <.L0 +0xa>
    26dc:	94 b0 00 01 	movigh gr11 0 <Cla1Task1>
    26e0:	95 b4 01 15 	movigl gr27 4011 <$line_table_start0+0x1120>
    26e4:	95 b0 00 01 	movigh gr27 0 <Cla1Task1>
    26e8:	80 06 c0 0b 	movg2c gr27
    26ec:	84 c3 1b 00 	add gr12 gr12 gr27
    26f0:	84 d3 4b 06 	xor gr13 gr13 gr11
    26f4:	84 e3 8c 00 	add gr14 gr14 gr12
    26f8:	84 f3 cd 06 	xor gr15 gr15 gr13
    26fc:	84 c3 0f 00 	add gr12 gr12 gr15
    2700:	80 00 00 00 	nop
    2704:	80 40 00 0f 	movc2g gr4
    2708:	94 40 1b 85 	movigl gr4 1b8 <.L0 +0xb>
    270c:	94 40 00 01 	movigh gr4 0 <Cla1Task1>
    2710:	95 44 00 15 	movigl gr20 4001 <$line_table_start0+0x1110>
    2714:	95 40 00 01 	movigh gr20 0 <Cla1Task1>
    2718:	80 05 00 0b 	movg2c gr20
    271c:	84 c3 14 00 	add gr12 gr12 gr20
    2720:	84 d3 44 06 	xor gr13 gr13 gr4
    2724:	84 e3 8c 00 	add gr14 gr14 gr12
    2728:	84 f3 cd 06 	xor gr15 gr15 gr13
    272c:	84 c3 0f 00 	add gr12 gr12 gr15
    2730:	80 00 00 00 	nop
    2734:	80 50 00 0f 	movc2g gr5
    2738:	94 50 1b 95 	movigl gr5 1b9 <.L0 +0xc>
    273c:	94 50 00 01 	movigh gr5 0 <Cla1Task1>
    2740:	95 54 00 15 	movigl gr21 4001 <$line_table_start0+0x1110>
    2744:	95 50 00 01 	movigh gr21 0 <Cla1Task1>
    2748:	80 05 40 0b 	movg2c gr21
    274c:	84 c3 15 00 	add gr12 gr12 gr21
    2750:	84 d3 45 06 	xor gr13 gr13 gr5
    2754:	84 e3 8c 00 	add gr14 gr14 gr12
    2758:	84 f3 cd 06 	xor gr15 gr15 gr13
    275c:	84 c3 0f 00 	add gr12 gr12 gr15
    2760:	80 00 00 00 	nop
    2764:	80 60 00 0f 	movc2g gr6
    2768:	94 60 1b a5 	movigl gr6 1ba <.L0 +0xd>
    276c:	94 60 00 01 	movigh gr6 0 <Cla1Task1>
    2770:	95 64 01 15 	movigl gr22 4011 <$line_table_start0+0x1120>
    2774:	95 60 00 01 	movigh gr22 0 <Cla1Task1>
    2778:	80 05 80 0b 	movg2c gr22
    277c:	84 c3 16 00 	add gr12 gr12 gr22
    2780:	84 d3 46 06 	xor gr13 gr13 gr6
    2784:	84 e3 8c 00 	add gr14 gr14 gr12
    2788:	84 f3 cd 06 	xor gr15 gr15 gr13
    278c:	84 c3 0f 00 	add gr12 gr12 gr15
    2790:	80 00 00 00 	nop
    2794:	80 70 00 0f 	movc2g gr7
    2798:	94 70 1b b5 	movigl gr7 1bb <.L0 +0xe>
    279c:	94 70 00 01 	movigh gr7 0 <Cla1Task1>
    27a0:	95 74 00 15 	movigl gr23 4001 <$line_table_start0+0x1110>
    27a4:	95 70 00 01 	movigh gr23 0 <Cla1Task1>
    27a8:	80 05 c0 0b 	movg2c gr23
    27ac:	84 c3 17 00 	add gr12 gr12 gr23
    27b0:	84 d3 47 06 	xor gr13 gr13 gr7
    27b4:	84 e3 8c 00 	add gr14 gr14 gr12
    27b8:	84 f3 cd 06 	xor gr15 gr15 gr13
    27bc:	84 c3 0f 00 	add gr12 gr12 gr15
    27c0:	80 00 00 00 	nop
    27c4:	80 80 00 0f 	movc2g gr8
    27c8:	94 80 1b c5 	movigl gr8 1bc <.L0 +0xf>
    27cc:	94 80 00 01 	movigh gr8 0 <Cla1Task1>
    27d0:	95 84 00 15 	movigl gr24 4001 <$line_table_start0+0x1110>
    27d4:	95 80 00 01 	movigh gr24 0 <Cla1Task1>
    27d8:	80 06 00 0b 	movg2c gr24
    27dc:	84 c3 18 00 	add gr12 gr12 gr24
    27e0:	84 d3 48 06 	xor gr13 gr13 gr8
    27e4:	84 e3 8c 00 	add gr14 gr14 gr12
    27e8:	84 f3 cd 06 	xor gr15 gr15 gr13
    27ec:	84 c3 0f 00 	add gr12 gr12 gr15
    27f0:	80 00 00 00 	nop
    27f4:	80 90 00 0f 	movc2g gr9
    27f8:	94 90 1b d5 	movigl gr9 1bd <.L0 +0x10>
    27fc:	94 90 00 01 	movigh gr9 0 <Cla1Task1>
    2800:	95 94 01 15 	movigl gr25 4011 <$line_table_start0+0x1120>
    2804:	95 90 00 01 	movigh gr25 0 <Cla1Task1>
    2808:	80 06 40 0b 	movg2c gr25
    280c:	84 c3 19 00 	add gr12 gr12 gr25
    2810:	84 d3 49 06 	xor gr13 gr13 gr9
    2814:	84 e3 8c 00 	add gr14 gr14 gr12
    2818:	84 f3 cd 06 	xor gr15 gr15 gr13
    281c:	84 c3 0f 00 	add gr12 gr12 gr15
    2820:	80 00 00 00 	nop
    2824:	80 a0 00 0f 	movc2g gr10
    2828:	94 a0 1b e5 	movigl gr10 1be <.L0 +0x11>
    282c:	94 a0 00 01 	movigh gr10 0 <Cla1Task1>
    2830:	95 a4 00 15 	movigl gr26 4001 <$line_table_start0+0x1110>
    2834:	95 a0 00 01 	movigh gr26 0 <Cla1Task1>
    2838:	80 06 80 0b 	movg2c gr26
    283c:	84 c3 1a 00 	add gr12 gr12 gr26
    2840:	84 d3 4a 06 	xor gr13 gr13 gr10
    2844:	84 e3 8c 00 	add gr14 gr14 gr12
    2848:	84 f3 cd 06 	xor gr15 gr15 gr13
    284c:	84 c3 0f 00 	add gr12 gr12 gr15
    2850:	80 00 00 00 	nop
    2854:	80 b0 00 0f 	movc2g gr11
    2858:	94 b0 1b f5 	movigl gr11 1bf <.L0 +0x12>
    285c:	94 b0 00 01 	movigh gr11 0 <Cla1Task1>
    2860:	95 b4 00 15 	movigl gr27 4001 <$line_table_start0+0x1110>
    2864:	95 b0 00 01 	movigh gr27 0 <Cla1Task1>
    2868:	80 06 c0 0b 	movg2c gr27
    286c:	84 c3 1b 00 	add gr12 gr12 gr27
    2870:	84 d3 4b 06 	xor gr13 gr13 gr11
    2874:	84 e3 8c 00 	add gr14 gr14 gr12
    2878:	84 f3 cd 06 	xor gr15 gr15 gr13
    287c:	84 c3 0f 00 	add gr12 gr12 gr15
    2880:	80 00 00 00 	nop
    2884:	80 40 00 0f 	movc2g gr4
    2888:	94 40 1c 05 	movigl gr4 1c0 <.L0 >
    288c:	94 40 00 01 	movigh gr4 0 <Cla1Task1>
    2890:	95 44 01 15 	movigl gr20 4011 <$line_table_start0+0x1120>
    2894:	95 40 00 01 	movigh gr20 0 <Cla1Task1>
    2898:	80 05 00 0b 	movg2c gr20
    289c:	84 c3 14 00 	add gr12 gr12 gr20
    28a0:	84 d3 44 06 	xor gr13 gr13 gr4
    28a4:	84 e3 8c 00 	add gr14 gr14 gr12
    28a8:	84 f3 cd 06 	xor gr15 gr15 gr13
    28ac:	84 c3 0f 00 	add gr12 gr12 gr15
    28b0:	80 00 00 00 	nop
    28b4:	80 50 00 0f 	movc2g gr5
    28b8:	94 50 1c 15 	movigl gr5 1c1 <.L0 +0x1>
    28bc:	94 50 00 01 	movigh gr5 0 <Cla1Task1>
    28c0:	95 54 00 15 	movigl gr21 4001 <$line_table_start0+0x1110>
    28c4:	95 50 00 01 	movigh gr21 0 <Cla1Task1>
    28c8:	80 05 40 0b 	movg2c gr21
    28cc:	84 c3 15 00 	add gr12 gr12 gr21
    28d0:	84 d3 45 06 	xor gr13 gr13 gr5
    28d4:	84 e3 8c 00 	add gr14 gr14 gr12
    28d8:	84 f3 cd 06 	xor gr15 gr15 gr13
    28dc:	84 c3 0f 00 	add gr12 gr12 gr15
    28e0:	80 00 00 00 	nop
    28e4:	80 60 00 0f 	movc2g gr6
    28e8:	94 60 1c 25 	movigl gr6 1c2 <.L0 +0x2>
    28ec:	94 60 00 01 	movigh gr6 0 <Cla1Task1>
    28f0:	95 64 00 15 	movigl gr22 4001 <$line_table_start0+0x1110>
    28f4:	95 60 00 01 	movigh gr22 0 <Cla1Task1>
    28f8:	80 05 80 0b 	movg2c gr22
    28fc:	84 c3 16 00 	add gr12 gr12 gr22
    2900:	84 d3 46 06 	xor gr13 gr13 gr6
    2904:	84 e3 8c 00 	add gr14 gr14 gr12
    2908:	84 f3 cd 06 	xor gr15 gr15 gr13
    290c:	84 c3 0f 00 	add gr12 gr12 gr15
    2910:	80 00 00 00 	nop
    2914:	80 70 00 0f 	movc2g gr7
    2918:	94 70 1c 35 	movigl gr7 1c3 <.L0 +0x3>
    291c:	94 70 00 01 	movigh gr7 0 <Cla1Task1>
    2920:	95 74 01 15 	movigl gr23 4011 <$line_table_start0+0x1120>
    2924:	95 70 00 01 	movigh gr23 0 <Cla1Task1>
    2928:	80 05 c0 0b 	movg2c gr23
    292c:	84 c3 17 00 	add gr12 gr12 gr23
    2930:	84 d3 47 06 	xor gr13 gr13 gr7
    2934:	84 e3 8c 00 	add gr14 gr14 gr12
    2938:	84 f3 cd 06 	xor gr15 gr15 gr13
    293c:	84 c3 0f 00 	add gr12 gr12 gr15
    2940:	80 00 00 00 	nop
    2944:	80 80 00 0f 	movc2g gr8
    2948:	94 80 1c 45 	movigl gr8 1c4 <.L0 +0x4>
    294c:	94 80 00 01 	movigh gr8 0 <Cla1Task1>
    2950:	95 84 00 15 	movigl gr24 4001 <$line_table_start0+0x1110>
    2954:	95 80 00 01 	movigh gr24 0 <Cla1Task1>
    2958:	80 06 00 0b 	movg2c gr24
    295c:	84 c3 18 00 	add gr12 gr12 gr24
    2960:	84 d3 48 06 	xor gr13 gr13 gr8
    2964:	84 e3 8c 00 	add gr14 gr14 gr12
    2968:	84 f3 cd 06 	xor gr15 gr15 gr13
    296c:	84 c3 0f 00 	add gr12 gr12 gr15
    2970:	80 00 00 00 	nop
    2974:	80 90 00 0f 	movc2g gr9
    2978:	94 90 1c 55 	movigl gr9 1c5 <.L0 +0x5>
    297c:	94 90 00 01 	movigh gr9 0 <Cla1Task1>
    2980:	95 94 00 15 	movigl gr25 4001 <$line_table_start0+0x1110>
    2984:	95 90 00 01 	movigh gr25 0 <Cla1Task1>
    2988:	80 06 40 0b 	movg2c gr25
    298c:	84 c3 19 00 	add gr12 gr12 gr25
    2990:	84 d3 49 06 	xor gr13 gr13 gr9
    2994:	84 e3 8c 00 	add gr14 gr14 gr12
    2998:	84 f3 cd 06 	xor gr15 gr15 gr13
    299c:	84 c3 0f 00 	add gr12 gr12 gr15
    29a0:	80 00 00 00 	nop
    29a4:	80 a0 00 0f 	movc2g gr10
    29a8:	94 a0 1c 65 	movigl gr10 1c6 <.L0 +0x6>
    29ac:	94 a0 00 01 	movigh gr10 0 <Cla1Task1>
    29b0:	95 a4 01 15 	movigl gr26 4011 <$line_table_start0+0x1120>
    29b4:	95 a0 00 01 	movigh gr26 0 <Cla1Task1>
    29b8:	80 06 80 0b 	movg2c gr26
    29bc:	84 c3 1a 00 	add gr12 gr12 gr26
    29c0:	84 d3 4a 06 	xor gr13 gr13 gr10
    29c4:	84 e3 8c 00 	add gr14 gr14 gr12
    29c8:	84 f3 cd 06 	xor gr15 gr15 gr13
    29cc:	84 c3 0f 00 	add gr12 gr12 gr15
    29d0:	80 00 00 00 	nop
    29d4:	80 b0 00 0f 	movc2g gr11
    29d8:	94 b0 1c 75 	movigl gr11 1c7 <.L0 +0x7>
    29dc:	94 b0 00 01 	movigh gr11 0 <Cla1Task1>
    29e0:	95 b4 00 15 	movigl gr27 4001 <$line_table_start0+0x1110>
    29e4:	95 b0 00 01 	movigh gr27 0 <Cla1Task1>
    29e8:	80 06 c0 0b 	movg2c gr27
    29ec:	84 c3 1b 00 	add gr12 gr12 gr27
    29f0:	84 d3 4b 06 	xor gr13 gr13 gr11
    29f4:	84 e3 8c 00 	add gr14 gr14 gr12
    29f8:	84 f3 cd 06 	xor gr15 gr15 gr13
    29fc:	84 c3 0f 00 	add gr12 gr12 gr15
    2a00:	80 00 00 00 	nop
    2a04:	80 40 00 0f 	movc2g gr4
    2a08:	94 40 1c 85 	movigl gr4 1c8 <.L0 +0x8>
    2a0c:	94 40 00 01 	movigh gr4 0 <Cla1Task1>
    2a10:	95 44 00 15 	movigl gr20 4001 <$line_table_start0+0x1110>
    2a14:	95 40 00 01 	movigh gr20 0 <Cla1Task1>
    2a18:	80 05 00 0b 	movg2c gr20
    2a1c:	84 c3 14 00 	add gr12 gr12 gr20
    2a20:	84 d3 44 06 	xor gr13 gr13 gr4
    2a24:	84 e3 8c 00 	add gr14 gr14 gr12
    2a28:	84 f3 cd 06 	xor gr15 gr15 gr13
    2a2c:	84 c3 0f 00 	add gr12 gr12 gr15
    2a30:	80 00 00 00 	nop
    2a34:	80 50 00 0f 	movc2g gr5
    2a38:	94 50 1c 95 	movigl gr5 1c9 <.L0 +0x9>
    2a3c:	94 50 00 01 	movigh gr5 0 <Cla1Task1>
    2a40:	95 54 01 15 	movigl gr21 4011 <$line_table_start0+0x1120>
    2a44:	95 50 00 01 	movigh gr21 0 <Cla1Task1>
    2a48:	80 05 40 0b 	movg2c gr21
    2a4c:	84 c3 15 00 	add gr12 gr12 gr21
    2a50:	84 d3 45 06 	xor gr13 gr13 gr5
    2a54:	84 e3 8c 00 	add gr14 gr14 gr12
    2a58:	84 f3 cd 06 	xor gr15 gr15 gr13
    2a5c:	84 c3 0f 00 	add gr12 gr12 gr15
    2a60:	80 00 00 00 	nop
    2a64:	80 60 00 0f 	movc2g gr6
    2a68:	94 60 1c a5 	movigl gr6 1ca <.L0 +0xa>
    2a6c:	94 60 00 01 	movigh gr6 0 <Cla1Task1>
    2a70:	95 64 00 15 	movigl gr22 4001 <$line_table_start0+0x1110>
    2a74:	95 60 00 01 	movigh gr22 0 <Cla1Task1>
    2a78:	80 05 80 0b 	movg2c gr22
    2a7c:	84 c3 16 00 	add gr12 gr12 gr22
    2a80:	84 d3 46 06 	xor gr13 gr13 gr6
    2a84:	84 e3 8c 00 	add gr14 gr14 gr12
    2a88:	84 f3 cd 06 	xor gr15 gr15 gr13
    2a8c:	84 c3 0f 00 	add gr12 gr12 gr15
    2a90:	80 00 00 00 	nop
    2a94:	80 70 00 0f 	movc2g gr7
    2a98:	94 70 1c b5 	movigl gr7 1cb <.L0 +0xb>
    2a9c:	94 70 00 01 	movigh gr7 0 <Cla1Task1>
    2aa0:	95 74 00 15 	movigl gr23 4001 <$line_table_start0+0x1110>
    2aa4:	95 70 00 01 	movigh gr23 0 <Cla1Task1>
    2aa8:	80 05 c0 0b 	movg2c gr23
    2aac:	84 c3 17 00 	add gr12 gr12 gr23
    2ab0:	84 d3 47 06 	xor gr13 gr13 gr7
    2ab4:	84 e3 8c 00 	add gr14 gr14 gr12
    2ab8:	84 f3 cd 06 	xor gr15 gr15 gr13
    2abc:	84 c3 0f 00 	add gr12 gr12 gr15
    2ac0:	80 00 00 00 	nop
    2ac4:	80 80 00 0f 	movc2g gr8
    2ac8:	94 80 1c c5 	movigl gr8 1cc <.L0 +0xc>
    2acc:	94 80 00 01 	movigh gr8 0 <Cla1Task1>
    2ad0:	95 84 01 15 	movigl gr24 4011 <$line_table_start0+0x1120>
    2ad4:	95 80 00 01 	movigh gr24 0 <Cla1Task1>
    2ad8:	80 06 00 0b 	movg2c gr24
    2adc:	84 c3 18 00 	add gr12 gr12 gr24
    2ae0:	84 d3 48 06 	xor gr13 gr13 gr8
    2ae4:	84 e3 8c 00 	add gr14 gr14 gr12
    2ae8:	84 f3 cd 06 	xor gr15 gr15 gr13
    2aec:	84 c3 0f 00 	add gr12 gr12 gr15
    2af0:	80 00 00 00 	nop
    2af4:	80 90 00 0f 	movc2g gr9
    2af8:	94 90 1c d5 	movigl gr9 1cd <.L0 +0xd>
    2afc:	94 90 00 01 	movigh gr9 0 <Cla1Task1>
    2b00:	95 94 00 15 	movigl gr25 4001 <$line_table_start0+0x1110>
    2b04:	95 90 00 01 	movigh gr25 0 <Cla1Task1>
    2b08:	80 06 40 0b 	movg2c gr25
    2b0c:	84 c3 19 00 	add gr12 gr12 gr25
    2b10:	84 d3 49 06 	xor gr13 gr13 gr9
    2b14:	84 e3 8c 00 	add gr14 gr14 gr12
    2b18:	84 f3 cd 06 	xor gr15 gr15 gr13
    2b1c:	84 c3 0f 00 	add gr12 gr12 gr15
    2b20:	80 00 00 00 	nop
    2b24:	80 a0 00 0f 	movc2g gr10
    2b28:	94 a0 1c e5 	movigl gr10 1ce <.L0 +0xe>
    2b2c:	94 a0 00 01 	movigh gr10 0 <Cla1Task1>
    2b30:	95 a4 00 15 	movigl gr26 4001 <$line_table_start0+0x1110>
    2b34:	95 a0 00 01 	movigh gr26 0 <Cla1Task1>
    2b38:	80 06 80 0b 	movg2c gr26
    2b3c:	84 c3 1a 00 	add gr12 gr12 gr26
    2b40:	84 d3 4a 06 	xor gr13 gr13 gr10
    2b44:	84 e3 8c 00 	add gr14 gr14 gr12
    2b48:	84 f3 cd 06 	xor gr15 gr15 gr13
    2b4c:	84 c3 0f 00 	add gr12 gr12 gr15
    2b50:	80 00 00 00 	nop
    2b54:	80 b0 00 0f 	movc2g gr11
    2b58:	94 b0 1c f5 	movigl gr11 1cf <.L0 +0xf>
    2b5c:	94 b0 00 01 	movigh gr11 0 <Cla1Task1>
    2b60:	95 b4 01 15 	movigl gr27 4011 <$line_table_start0+0x1120>
    2b64:	95 b0 00 01 	movigh gr27 0 <Cla1Task1>
    2b68:	80 06 c0 0b 	movg2c gr27
    2b6c:	84 c3 1b 00 	add gr12 gr12 gr27
    2b70:	84 d3 4b 06 	xor gr13 gr13 gr11
    2b74:	84 e3 8c 00 	add gr14 gr14 gr12
    2b78:	84 f3 cd 06 	xor gr15 gr15 gr13
    2b7c:	84 c3 0f 00 	add gr12 gr12 gr15
    2b80:	80 00 00 00 	nop
    2b84:	80 40 00 0f 	movc2g gr4
    2b88:	94 40 1d 05 	movigl gr4 1d0 <.L0 +0x10>
    2b8c:	94 40 00 01 	movigh gr4 0 <Cla1Task1>
    2b90:	95 44 00 15 	movigl gr20 4001 <$line_table_start0+0x1110>
    2b94:	95 40 00 01 	movigh gr20 0 <Cla1Task1>
    2b98:	80 05 00 0b 	movg2c gr20
    2b9c:	84 c3 14 00 	add gr12 gr12 gr20
    2ba0:	84 d3 44 06 	xor gr13 gr13 gr4
    2ba4:	84 e3 8c 00 	add gr14 gr14 gr12
    2ba8:	84 f3 cd 06 	xor gr15 gr15 gr13
    2bac:	84 c3 0f 00 	add gr12 gr12 gr15
    2bb0:	80 00 00 00 	nop
    2bb4:	80 50 00 0f 	movc2g gr5
    2bb8:	94 50 1d 15 	movigl gr5 1d1 <.L0 +0x11>
    2bbc:	94 50 00 01 	movigh gr5 0 <Cla1Task1>
    2bc0:	95 54 00 15 	movigl gr21 4001 <$line_table_start0+0x1110>
    2bc4:	95 50 00 01 	movigh gr21 0 <Cla1Task1>
    2bc8:	80 05 40 0b 	movg2c gr21
    2bcc:	84 c3 15 00 	add gr12 gr12 gr21
    2bd0:	84 d3 45 06 	xor gr13 gr13 gr5
    2bd4:	84 e3 8c 00 	add gr14 gr14 gr12
    2bd8:	84 f3 cd 06 	xor gr15 gr15 gr13
    2bdc:	84 c3 0f 00 	add gr12 gr12 gr15
    2be0:	80 00 00 00 	nop
    2be4:	80 60 00 0f 	movc2g gr6
    2be8:	94 60 1d 25 	movigl gr6 1d2 <.L0 +0x12>
    2bec:	94 60 00 01 	movigh gr6 0 <Cla1Task1>
    2bf0:	95 64 01 15 	movigl gr22 4011 <$line_table_start0+0x1120>
    2bf4:	95 60 00 01 	movigh gr22 0 <Cla1Task1>
    2bf8:	80 05 80 0b 	movg2c gr22
    2bfc:	84 c3 16 00 	add gr12 gr12 gr22
    2c00:	84 d3 46 06 	xor gr13 gr13 gr6
    2c04:	84 e3 8c 00 	add gr14 gr14 gr12
    2c08:	84 f3 cd 06 	xor gr15 gr15 gr13
    2c0c:	84 c3 0f 00 	add gr12 gr12 gr15
    2c10:	80 00 00 00 	nop
    2c14:	80 70 00 0f 	movc2g gr7
    2c18:	94 70 1d 35 	movigl gr7 1d3 <.L0 +0x13>
    2c1c:	94 70 00 01 	movigh gr7 0 <Cla1Task1>
    2c20:	95 74 00 15 	movigl gr23 4001 <$line_table_start0+0x1110>
    2c24:	95 70 00 01 	movigh gr23 0 <Cla1Task1>
    2c28:	80 05 c0 0b 	movg2c gr23
    2c2c:	84 c3 17 00 	add gr12 gr12 gr23
    2c30:	84 d3 47 06 	xor gr13 gr13 gr7
    2c34:	84 e3 8c 00 	add gr14 gr14 gr12
    2c38:	84 f3 cd 06 	xor gr15 gr15 gr13
    2c3c:	84 c3 0f 00 	add gr12 gr12 gr15
    2c40:	80 00 00 00 	nop
    2c44:	80 80 00 0f 	movc2g gr8
    2c48:	94 80 1d 45 	movigl gr8 1d4 <.L0 +0x14>
    2c4c:	94 80 00 01 	movigh gr8 0 <Cla1Task1>
    2c50:	95 84 00 15 	movigl gr24 4001 <$line_table_start0+0x1110>
    2c54:	95 80 00 01 	movigh gr24 0 <Cla1Task1>
    2c58:	80 06 00 0b 	movg2c gr24
    2c5c:	84 c3 18 00 	add gr12 gr12 gr24
    2c60:	84 d3 48 06 	xor gr13 gr13 gr8
    2c64:	84 e3 8c 00 	add gr14 gr14 gr12
    2c68:	84 f3 cd 06 	xor gr15 gr15 gr13
    2c6c:	84 c3 0f 00 	add gr12 gr12 gr15
    2c70:	80 00 00 00 	nop
    2c74:	80 90 00 0f 	movc2g gr9
    2c78:	94 90 1d 55 	movigl gr9 1d5 <.L0 +0x15>
    2c7c:	94 90 00 01 	movigh gr9 0 <Cla1Task1>
    2c80:	95 94 01 15 	movigl gr25 4011 <$line_table_start0+0x1120>
    2c84:	95 90 00 01 	movigh gr25 0 <Cla1Task1>
    2c88:	80 06 40 0b 	movg2c gr25
    2c8c:	84 c3 19 00 	add gr12 gr12 gr25
    2c90:	84 d3 49 06 	xor gr13 gr13 gr9
    2c94:	84 e3 8c 00 	add gr14 gr14 gr12
    2c98:	84 f3 cd 06 	xor gr15 gr15 gr13
    2c9c:	84 c3 0f 00 	add gr12 gr12 gr15
    2ca0:	80 00 00 00 	nop
    2ca4:	80 a0 00 0f 	movc2g gr10
    2ca8:	94 a0 1d 65 	movigl gr10 1d6 <.L0 >
    2cac:	94 a0 00 01 	movigh gr10 0 <Cla1Task1>
    2cb0:	95 a4 00 15 	movigl gr26 4001 <$line_table_start0+0x1110>
    2cb4:	95 a0 00 01 	movigh gr26 0 <Cla1Task1>
    2cb8:	80 06 80 0b 	movg2c gr26
    2cbc:	84 c3 1a 00 	add gr12 gr12 gr26
    2cc0:	84 d3 4a 06 	xor gr13 gr13 gr10
    2cc4:	84 e3 8c 00 	add gr14 gr14 gr12
    2cc8:	84 f3 cd 06 	xor gr15 gr15 gr13
    2ccc:	84 c3 0f 00 	add gr12 gr12 gr15
    2cd0:	80 00 00 00 	nop
    2cd4:	80 b0 00 0f 	movc2g gr11
    2cd8:	94 b0 1d 75 	movigl gr11 1d7 <.L0 +0x1>
    2cdc:	94 b0 00 01 	movigh gr11 0 <Cla1Task1>
    2ce0:	95 b4 00 15 	movigl gr27 4001 <$line_table_start0+0x1110>
    2ce4:	95 b0 00 01 	movigh gr27 0 <Cla1Task1>
    2ce8:	80 06 c0 0b 	movg2c gr27
    2cec:	84 c3 1b 00 	add gr12 gr12 gr27
    2cf0:	84 d3 4b 06 	xor gr13 gr13 gr11
    2cf4:	84 e3 8c 00 	add gr14 gr14 gr12
    2cf8:	84 f3 cd 06 	xor gr15 gr15 gr13
    2cfc:	84 c3 0f 00 	add gr12 gr12 gr15
    2d00:	80 00 00 00 	nop
    2d04:	80 40 00 0f 	movc2g gr4
    2d08:	94 40 1d 85 	movigl gr4 1d8 <.L0 +0x2>
    2d0c:	94 40 00 01 	movigh gr4 0 <Cla1Task1>
    2d10:	95 44 01 15 	movigl gr20 4011 <$line_table_start0+0x1120>
    2d14:	95 40 00 01 	movigh gr20 0 <Cla1Task1>
    2d18:	80 05 00 0b 	movg2c gr20
    2d1c:	84 c3 14 00 	add gr12 gr12 gr20
    2d20:	84 d3 44 06 	xor gr13 gr13 gr4
    2d24:	84 e3 8c 00 	add gr14 gr14 gr12
    2d28:	84 f3 cd 06 	xor gr15 gr15 gr13
    2d2c:	84 c3 0f 00 	add gr12 gr12 gr15
    2d30:	80 00 00 00 	nop
    2d34:	80 50 00 0f 	movc2g gr5
    2d38:	94 50 1d 95 	movigl gr5 1d9 <.L0 +0x3>
    2d3c:	94 50 00 01 	movigh gr5 0 <Cla1Task1>
    2d40:	95 54 00 15 	movigl gr21 4001 <$line_table_start0+0x1110>
    2d44:	95 50 00 01 	movigh gr21 0 <Cla1Task1>
    2d48:	80 05 40 0b 	movg2c gr21
    2d4c:	84 c3 15 00 	add gr12 gr12 gr21
    2d50:	84 d3 45 06 	xor gr13 gr13 gr5
    2d54:	84 e3 8c 00 	add gr14 gr14 gr12
    2d58:	84 f3 cd 06 	xor gr15 gr15 gr13
    2d5c:	84 c3 0f 00 	add gr12 gr12 gr15
    2d60:	80 00 00 00 	nop
    2d64:	80 60 00 0f 	movc2g gr6
    2d68:	94 60 1d a5 	movigl gr6 1da <.L0 +0x4>
    2d6c:	94 60 00 01 	movigh gr6 0 <Cla1Task1>
    2d70:	95 64 00 15 	movigl gr22 4001 <$line_table_start0+0x1110>
    2d74:	95 60 00 01 	movigh gr22 0 <Cla1Task1>
    2d78:	80 05 80 0b 	movg2c gr22
    2d7c:	84 c3 16 00 	add gr12 gr12 gr22
    2d80:	84 d3 46 06 	xor gr13 gr13 gr6
    2d84:	84 e3 8c 00 	add gr14 gr14 gr12
    2d88:	84 f3 cd 06 	xor gr15 gr15 gr13
    2d8c:	84 c3 0f 00 	add gr12 gr12 gr15
    2d90:	80 00 00 00 	nop
    2d94:	80 70 00 0f 	movc2g gr7
    2d98:	94 70 1d b5 	movigl gr7 1db <.L0 +0x5>
    2d9c:	94 70 00 01 	movigh gr7 0 <Cla1Task1>
    2da0:	95 74 01 15 	movigl gr23 4011 <$line_table_start0+0x1120>
    2da4:	95 70 00 01 	movigh gr23 0 <Cla1Task1>
    2da8:	80 05 c0 0b 	movg2c gr23
    2dac:	84 c3 17 00 	add gr12 gr12 gr23
    2db0:	84 d3 47 06 	xor gr13 gr13 gr7
    2db4:	84 e3 8c 00 	add gr14 gr14 gr12
    2db8:	84 f3 cd 06 	xor gr15 gr15 gr13
    2dbc:	84 c3 0f 00 	add gr12 gr12 gr15
    2dc0:	80 00 00 00 	nop
    2dc4:	80 80 00 0f 	movc2g gr8
    2dc8:	94 80 1d c5 	movigl gr8 1dc <Cla1Task4>
    2dcc:	94 80 00 01 	movigh gr8 0 <Cla1Task1>
    2dd0:	95 84 00 15 	movigl gr24 4001 <$line_table_start0+0x1110>
    2dd4:	95 80 00 01 	movigh gr24 0 <Cla1Task1>
    2dd8:	80 06 00 0b 	movg2c gr24
    2ddc:	84 c3 18 00 	add gr12 gr12 gr24
    2de0:	84 d3 48 06 	xor gr13 gr13 gr8
    2de4:	84 e3 8c 00 	add gr14 gr14 gr12
    2de8:	84 f3 cd 06 	xor gr15 gr15 gr13
    2dec:	84 c3 0f 00 	add gr12 gr12 gr15
    2df0:	80 00 00 00 	nop
    2df4:	80 90 00 0f 	movc2g gr9
    2df8:	94 90 1d d5 	movigl gr9 1dd <Cla1Task4+0x1>
    2dfc:	94 90 00 01 	movigh gr9 0 <Cla1Task1>
    2e00:	95 94 00 15 	movigl gr25 4001 <$line_table_start0+0x1110>
    2e04:	95 90 00 01 	movigh gr25 0 <Cla1Task1>
    2e08:	80 06 40 0b 	movg2c gr25
    2e0c:	84 c3 19 00 	add gr12 gr12 gr25
    2e10:	84 d3 49 06 	xor gr13 gr13 gr9
    2e14:	84 e3 8c 00 	add gr14 gr14 gr12
    2e18:	84 f3 cd 06 	xor gr15 gr15 gr13
    2e1c:	84 c3 0f 00 	add gr12 gr12 gr15
    2e20:	80 00 00 00 	nop
    2e24:	80 a0 00 0f 	movc2g gr10
    2e28:	94 a0 1d e5 	movigl gr10 1de <Cla1Task4+0x2>
    2e2c:	94 a0 00 01 	movigh gr10 0 <Cla1Task1>
    2e30:	95 a4 01 15 	movigl gr26 4011 <$line_table_start0+0x1120>
    2e34:	95 a0 00 01 	movigh gr26 0 <Cla1Task1>
    2e38:	80 06 80 0b 	movg2c gr26
    2e3c:	84 c3 1a 00 	add gr12 gr12 gr26
    2e40:	84 d3 4a 06 	xor gr13 gr13 gr10
    2e44:	84 e3 8c 00 	add gr14 gr14 gr12
    2e48:	84 f3 cd 06 	xor gr15 gr15 gr13
    2e4c:	84 c3 0f 00 	add gr12 gr12 gr15
    2e50:	80 00 00 00 	nop
    2e54:	80 b0 00 0f 	movc2g gr11
    2e58:	94 b0 1d f5 	movigl gr11 1df <Cla1Task4+0x3>
    2e5c:	94 b0 00 01 	movigh gr11 0 <Cla1Task1>
    2e60:	95 b4 00 15 	movigl gr27 4001 <$line_table_start0+0x1110>
    2e64:	95 b0 00 01 	movigh gr27 0 <Cla1Task1>
    2e68:	80 06 c0 0b 	movg2c gr27
    2e6c:	84 c3 1b 00 	add gr12 gr12 gr27
    2e70:	84 d3 4b 06 	xor gr13 gr13 gr11
    2e74:	84 e3 8c 00 	add gr14 gr14 gr12
    2e78:	84 f3 cd 06 	xor gr15 gr15 gr13
    2e7c:	84 c3 0f 00 	add gr12 gr12 gr15
    2e80:	80 00 00 00 	nop
    2e84:	80 40 00 0f 	movc2g gr4
    2e88:	94 40 1e 05 	movigl gr4 1e0 <Cla1Task4+0x4>
    2e8c:	94 40 00 01 	movigh gr4 0 <Cla1Task1>
    2e90:	95 44 00 15 	movigl gr20 4001 <$line_table_start0+0x1110>
    2e94:	95 40 00 01 	movigh gr20 0 <Cla1Task1>
    2e98:	80 05 00 0b 	movg2c gr20
    2e9c:	84 c3 14 00 	add gr12 gr12 gr20
    2ea0:	84 d3 44 06 	xor gr13 gr13 gr4
    2ea4:	84 e3 8c 00 	add gr14 gr14 gr12
    2ea8:	84 f3 cd 06 	xor gr15 gr15 gr13
    2eac:	84 c3 0f 00 	add gr12 gr12 gr15
    2eb0:	80 00 00 00 	nop
    2eb4:	80 50 00 0f 	movc2g gr5
    2eb8:	94 50 1e 15 	movigl gr5 1e1 <Cla1Task4+0x5>
    2ebc:	94 50 00 01 	movigh gr5 0 <Cla1Task1>
    2ec0:	95 54 01 15 	movigl gr21 4011 <$line_table_start0+0x1120>
    2ec4:	95 50 00 01 	movigh gr21 0 <Cla1Task1>
    2ec8:	80 05 40 0b 	movg2c gr21
    2ecc:	84 c3 15 00 	add gr12 gr12 gr21
    2ed0:	84 d3 45 06 	xor gr13 gr13 gr5
    2ed4:	84 e3 8c 00 	add gr14 gr14 gr12
    2ed8:	84 f3 cd 06 	xor gr15 gr15 gr13
    2edc:	84 c3 0f 00 	add gr12 gr12 gr15
    2ee0:	80 00 00 00 	nop
    2ee4:	80 60 00 0f 	movc2g gr6
    2ee8:	94 60 1e 25 	movigl gr6 1e2 <Cla1Task4+0x6>
    2eec:	94 60 00 01 	movigh gr6 0 <Cla1Task1>
    2ef0:	95 64 00 15 	movigl gr22 4001 <$line_table_start0+0x1110>
    2ef4:	95 60 00 01 	movigh gr22 0 <Cla1Task1>
    2ef8:	80 05 80 0b 	movg2c gr22
    2efc:	84 c3 16 00 	add gr12 gr12 gr22
    2f00:	84 d3 46 06 	xor gr13 gr13 gr6
    2f04:	84 e3 8c 00 	add gr14 gr14 gr12
    2f08:	84 f3 cd 06 	xor gr15 gr15 gr13
    2f0c:	84 c3 0f 00 	add gr12 gr12 gr15
    2f10:	80 00 00 00 	nop
    2f14:	80 70 00 0f 	movc2g gr7
    2f18:	94 70 1e 35 	movigl gr7 1e3 <Cla1Task4+0x7>
    2f1c:	94 70 00 01 	movigh gr7 0 <Cla1Task1>
    2f20:	95 74 00 15 	movigl gr23 4001 <$line_table_start0+0x1110>
    2f24:	95 70 00 01 	movigh gr23 0 <Cla1Task1>
    2f28:	80 05 c0 0b 	movg2c gr23
    2f2c:	84 c3 17 00 	add gr12 gr12 gr23
    2f30:	84 d3 47 06 	xor gr13 gr13 gr7
    2f34:	84 e3 8c 00 	add gr14 gr14 gr12
    2f38:	84 f3 cd 06 	xor gr15 gr15 gr13
    2f3c:	84 c3 0f 00 	add gr12 gr12 gr15
    2f40:	80 00 00 00 	nop
    2f44:	80 80 00 0f 	movc2g gr8
    2f48:	94 80 1e 45 	movigl gr8 1e4 <Cla1Task4+0x8>
    2f4c:	94 80 00 01 	movigh gr8 0 <Cla1Task1>
    2f50:	95 84 01 15 	movigl gr24 4011 <$line_table_start0+0x1120>
    2f54:	95 80 00 01 	movigh gr24 0 <Cla1Task1>
    2f58:	80 06 00 0b 	movg2c gr24
    2f5c:	84 c3 18 00 	add gr12 gr12 gr24
    2f60:	84 d3 48 06 	xor gr13 gr13 gr8
    2f64:	84 e3 8c 00 	add gr14 gr14 gr12
    2f68:	84 f3 cd 06 	xor gr15 gr15 gr13
    2f6c:	84 c3 0f 00 	add gr12 gr12 gr15
    2f70:	80 00 00 00 	nop
    2f74:	80 90 00 0f 	movc2g gr9
    2f78:	94 90 1e 55 	movigl gr9 1e5 <Cla1Task4+0x9>
    2f7c:	94 90 00 01 	movigh gr9 0 <Cla1Task1>
    2f80:	95 94 00 15 	movigl gr25 4001 <$line_table_start0+0x1110>
    2f84:	95 90 00 01 	movigh gr25 0 <Cla1Task1>
    2f88:	80 06 40 0b 	movg2c gr25
    2f8c:	84 c3 19 00 	add gr12 gr12 gr25
    2f90:	84 d3 49 06 	xor gr13 gr13 gr9
    2f94:	84 e3 8c 00 	add gr14 gr14 gr12
    2f98:	84 f3 cd 06 	xor gr15 gr15 gr13
    2f9c:	84 c3 0f 00 	add gr12 gr12 gr15
    2fa0:	80 00 00 00 	nop
    2fa4:	80 a0 00 0f 	movc2g gr10
    2fa8:	94 a0 1e 65 	movigl gr10 1e6 <Cla1Task4+0xa>
    2fac:	94 a0 00 01 	movigh gr10 0 <Cla1Task1>
    2fb0:	95 a4 00 15 	movigl gr26 4001 <$line_table_start0+0x1110>
    2fb4:	95 a0 00 01 	movigh gr26 0 <Cla1Task1>
    2fb8:	80 06 80 0b 	movg2c gr26
    2fbc:	84 c3 1a 00 	add gr12 gr12 gr26
    2fc0:	84 d3 4a 06 	xor gr13 gr13 gr10
    2fc4:	84 e3 8c 00 	add gr14 gr14 gr12
    2fc8:	84 f3 cd 06 	xor gr15 gr15 gr13
    2fcc:	84 c3 0f 00 	add gr12 gr12 gr15
    2fd0:	80 00 00 00 	nop
    2fd4:	80 b0 00 0f 	movc2g gr11
    2fd8:	94 b0 1e 75 	movigl gr11 1e7 <Cla1Task4+0xb>
    2fdc:	94 b0 00 01 	movigh gr11 0 <Cla1Task1>
    2fe0:	95 b4 01 15 	movigl gr27 4011 <$line_table_start0+0x1120>
    2fe4:	95 b0 00 01 	movigh gr27 0 <Cla1Task1>
    2fe8:	80 06 c0 0b 	movg2c gr27
    2fec:	84 c3 1b 00 	add gr12 gr12 gr27
    2ff0:	84 d3 4b 06 	xor gr13 gr13 gr11
    2ff4:	84 e3 8c 00 	add gr14 gr14 gr12
    2ff8:	84 f3 cd 06 	xor gr15 gr15 gr13
    2ffc:	84 c3 0f 00 	add gr12 gr12 gr15
    3000:	80 00 00 00 	nop
    3004:	80 40 00 0f 	movc2g gr4
    3008:	94 40 1e 85 	movigl gr4 1e8 <Cla1Task4+0xc>
    300c:	94 40 00 01 	movigh gr4 0 <Cla1Task1>
    3010:	95 44 00 15 	movigl gr20 4001 <$line_table_start0+0x1110>
    3014:	95 40 00 01 	movigh gr20 0 <Cla1Task1>
    3018:	80 05 00 0b 	movg2c gr20
    301c:	84 c3 14 00 	add gr12 gr12 gr20
    3020:	84 d3 44 06 	xor gr13 gr13 gr4
    3024:	84 e3 8c 00 	add gr14 gr14 gr12
    3028:	84 f3 cd 06 	xor gr15 gr15 gr13
    302c:	84 c3 0f 00 	add gr12 gr12 gr15
    3030:	80 00 00 00 	nop
    3034:	80 50 00 0f 	movc2g gr5
    3038:	94 50 1e 95 	movigl gr5 1e9 <Cla1Task4+0xd>
    303c:	94 50 00 01 	movigh gr5 0 <Cla1Task1>
    3040:	95 54 00 15 	movigl gr21 4001 <$line_table_start0+0x1110>
    3044:	95 50 00 01 	movigh gr21 0 <Cla1Task1>
    3048:	80 05 40 0b 	movg2c gr21
    304c:	84 c3 15 00 	add gr12 gr12 gr21
    3050:	84 d3 45 06 	xor gr13 gr13 gr5
    3054:	84 e3 8c 00 	add gr14 gr14 gr12
    3058:	84 f3 cd 06 	xor gr15 gr15 gr13
    305c:	84 c3 0f 00 	add gr12 gr12 gr15
    3060:	80 00 00 00 	nop
    3064:	80 60 00 0f 	movc2g gr6
    3068:	94 60 1e a5 	movigl gr6 1ea <Cla1Task4+0xe>
    306c:	94 60 00 01 	movigh gr6 0 <Cla1Task1>
    3070:	95 64 01 15 	movigl gr22 4011 <$line_table_start0+0x1120>
    3074:	95 60 00 01 	movigh gr22 0 <Cla1Task1>
    3078:	80 05 80 0b 	movg2c gr22
    307c:	84 c3 16 00 	add gr12 gr12 gr22
    3080:	84 d3 46 06 	xor gr13 gr13 gr6
    3084:	84 e3 8c 00 	add gr14 gr14 gr12
    3088:	84 f3 cd 06 	xor gr15 gr15 gr13
    308c:	84 c3 0f 00 	add gr12 gr12 gr15
    3090:	80 00 00 00 	nop
    3094:	80 70 00 0f 	movc2g gr7
    3098:	94 70 1e b5 	movigl gr7 1eb <Cla1Task4+0xf>
    309c:	94 70 00 01 	movigh gr7 0 <Cla1Task1>
    30a0:	95 74 00 15 	movigl gr23 4001 <$line_table_start0+0x1110>
    30a4:	95 70 00 01 	movigh gr23 0 <Cla1Task1>
    30a8:	80 05 c0 0b 	movg2c gr23
    30ac:	84 c3 17 00 	add gr12 gr12 gr23
    30b0:	84 d3 47 06 	xor gr13 gr13 gr7
    30b4:	84 e3 8c 00 	add gr14 gr14 gr12
    30b8:	84 f3 cd 06 	xor gr15 gr15 gr13
    30bc:	84 c3 0f 00 	add gr12 gr12 gr15
    30c0:	80 00 00 00 	nop
    30c4:	80 80 00 0f 	movc2g gr8
    30c8:	94 80 1e c5 	movigl gr8 1ec <Cla1Task4+0x10>
    30cc:	94 80 00 01 	movigh gr8 0 <Cla1Task1>
    30d0:	95 84 00 15 	movigl gr24 4001 <$line_table_start0+0x1110>
    30d4:	95 80 00 01 	movigh gr24 0 <Cla1Task1>
    30d8:	80 06 00 0b 	movg2c gr24
    30dc:	84 c3 18 00 	add gr12 gr12 gr24
    30e0:	84 d3 48 06 	xor gr13 gr13 gr8
    30e4:	84 e3 8c 00 	add gr14 gr14 gr12
    30e8:	84 f3 cd 06 	xor gr15 gr15 gr13
    30ec:	84 c3 0f 00 	add gr12 gr12 gr15
    30f0:	80 00 00 00 	nop
    30f4:	80 90 00 0f 	movc2g gr9
    30f8:	94 90 1e d5 	movigl gr9 1ed <Cla1Task4+0x11>
    30fc:	94 90 00 01 	movigh gr9 0 <Cla1Task1>
    3100:	95 94 01 15 	movigl gr25 4011 <$line_table_start0+0x1120>
    3104:	95 90 00 01 	movigh gr25 0 <Cla1Task1>
    3108:	80 06 40 0b 	movg2c gr25
    310c:	84 c3 19 00 	add gr12 gr12 gr25
    3110:	84 d3 49 06 	xor gr13 gr13 gr9
    3114:	84 e3 8c 00 	add gr14 gr14 gr12
    3118:	84 f3 cd 06 	xor gr15 gr15 gr13
    311c:	84 c3 0f 00 	add gr12 gr12 gr15
    3120:	80 00 00 00 	nop
    3124:	80 a0 00 0f 	movc2g gr10
    3128:	94 a0 1e e5 	movigl gr10 1ee <Cla1Task4+0x12>
    312c:	94 a0 00 01 	movigh gr10 0 <Cla1Task1>
    3130:	95 a4 00 15 	movigl gr26 4001 <$line_table_start0+0x1110>
    3134:	95 a0 00 01 	movigh gr26 0 <Cla1Task1>
    3138:	80 06 80 0b 	movg2c gr26
    313c:	84 c3 1a 00 	add gr12 gr12 gr26
    3140:	84 d3 4a 06 	xor gr13 gr13 gr10
    3144:	84 e3 8c 00 	add gr14 gr14 gr12
    3148:	84 f3 cd 06 	xor gr15 gr15 gr13
    314c:	84 c3 0f 00 	add gr12 gr12 gr15
    3150:	80 00 00 00 	nop
    3154:	80 b0 00 0f 	movc2g gr11
    3158:	94 b0 1e f5 	movigl gr11 1ef <Cla1Task4+0x13>
    315c:	94 b0 00 01 	movigh gr11 0 <Cla1Task1>
    3160:	95 b4 00 15 	movigl gr27 4001 <$line_table_start0+0x1110>
    3164:	95 b0 00 01 	movigh gr27 0 <Cla1Task1>
    3168:	80 06 c0 0b 	movg2c gr27
    316c:	84 c3 1b 00 	add gr12 gr12 gr27
    3170:	84 d3 4b 06 	xor gr13 gr13 gr11
    3174:	84 e3 8c 00 	add gr14 gr14 gr12
    3178:	84 f3 cd 06 	xor gr15 gr15 gr13
    317c:	84 c3 0f 00 	add gr12 gr12 gr15
    3180:	80 00 00 00 	nop
    3184:	80 40 00 0f 	movc2g gr4
    3188:	94 40 1f 05 	movigl gr4 1f0 <Cla1Task4+0x14>
    318c:	94 40 00 01 	movigh gr4 0 <Cla1Task1>
    3190:	95 44 01 15 	movigl gr20 4011 <$line_table_start0+0x1120>
    3194:	95 40 00 01 	movigh gr20 0 <Cla1Task1>
    3198:	80 05 00 0b 	movg2c gr20
    319c:	84 c3 14 00 	add gr12 gr12 gr20
    31a0:	84 d3 44 06 	xor gr13 gr13 gr4
    31a4:	84 e3 8c 00 	add gr14 gr14 gr12
    31a8:	84 f3 cd 06 	xor gr15 gr15 gr13
    31ac:	84 c3 0f 00 	add gr12 gr12 gr15
    31b0:	80 00 00 00 	nop
    31b4:	80 50 00 0f 	movc2g gr5
    31b8:	94 50 1f 15 	movigl gr5 1f1 <Cla1Task4+0x15>
    31bc:	94 50 00 01 	movigh gr5 0 <Cla1Task1>
    31c0:	95 54 00 15 	movigl gr21 4001 <$line_table_start0+0x1110>
    31c4:	95 50 00 01 	movigh gr21 0 <Cla1Task1>
    31c8:	80 05 40 0b 	movg2c gr21
    31cc:	84 c3 15 00 	add gr12 gr12 gr21
    31d0:	84 d3 45 06 	xor gr13 gr13 gr5
    31d4:	84 e3 8c 00 	add gr14 gr14 gr12
    31d8:	84 f3 cd 06 	xor gr15 gr15 gr13
    31dc:	84 c3 0f 00 	add gr12 gr12 gr15
    31e0:	80 00 00 00 	nop
    31e4:	80 60 00 0f 	movc2g gr6
    31e8:	94 60 1f 25 	movigl gr6 1f2 <Cla1Task4+0x16>
    31ec:	94 60 00 01 	movigh gr6 0 <Cla1Task1>
    31f0:	95 64 00 15 	movigl gr22 4001 <$line_table_start0+0x1110>
    31f4:	95 60 00 01 	movigh gr22 0 <Cla1Task1>
    31f8:	80 05 80 0b 	movg2c gr22
    31fc:	84 c3 16 00 	add gr12 gr12 gr22
    3200:	84 d3 46 06 	xor gr13 gr13 gr6
    3204:	84 e3 8c 00 	add gr14 gr14 gr12
    3208:	84 f3 cd 06 	xor gr15 gr15 gr13
    320c:	84 c3 0f 00 	add gr12 gr12 gr15
    3210:	80 00 00 00 	nop
    3214:	80 70 00 0f 	movc2g gr7
    3218:	94 70 1f 35 	movigl gr7 1f3 <Cla1Task4+0x17>
    321c:	94 70 00 01 	movigh gr7 0 <Cla1Task1>
    3220:	95 74 01 15 	movigl gr23 4011 <$line_table_start0+0x1120>
    3224:	95 70 00 01 	movigh gr23 0 <Cla1Task1>
    3228:	80 05 c0 0b 	movg2c gr23
    322c:	84 c3 17 00 	add gr12 gr12 gr23
    3230:	84 d3 47 06 	xor gr13 gr13 gr7
    3234:	84 e3 8c 00 	add gr14 gr14 gr12
    3238:	84 f3 cd 06 	xor gr15 gr15 gr13
    323c:	84 c3 0f 00 	add gr12 gr12 gr15
    3240:	80 00 00 00 	nop
    3244:	80 80 00 0f 	movc2g gr8
    3248:	94 80 1f 45 	movigl gr8 1f4 <.L0 >
    324c:	94 80 00 01 	movigh gr8 0 <Cla1Task1>
    3250:	95 84 00 15 	movigl gr24 4001 <$line_table_start0+0x1110>
    3254:	95 80 00 01 	movigh gr24 0 <Cla1Task1>
    3258:	80 06 00 0b 	movg2c gr24
    325c:	84 c3 18 00 	add gr12 gr12 gr24
    3260:	84 d3 48 06 	xor gr13 gr13 gr8
    3264:	84 e3 8c 00 	add gr14 gr14 gr12
    3268:	84 f3 cd 06 	xor gr15 gr15 gr13
    326c:	84 c3 0f 00 	add gr12 gr12 gr15
    3270:	80 00 00 00 	nop
    3274:	80 90 00 0f 	movc2g gr9
    3278:	94 90 1f 55 	movigl gr9 1f5 <.L0 +0x1>
    327c:	94 90 00 01 	movigh gr9 0 <Cla1Task1>
    3280:	95 94 00 15 	movigl gr25 4001 <$line_table_start0+0x1110>
    3284:	95 90 00 01 	movigh gr25 0 <Cla1Task1>
    3288:	80 06 40 0b 	movg2c gr25
    328c:	84 c3 19 00 	add gr12 gr12 gr25
    3290:	84 d3 49 06 	xor gr13 gr13 gr9
    3294:	84 e3 8c 00 	add gr14 gr14 gr12
    3298:	84 f3 cd 06 	xor gr15 gr15 gr13
    329c:	84 c3 0f 00 	add gr12 gr12 gr15
    32a0:	80 00 00 00 	nop
    32a4:	80 a0 00 0f 	movc2g gr10
    32a8:	94 a0 1f 65 	movigl gr10 1f6 <.L0 +0x2>
    32ac:	94 a0 00 01 	movigh gr10 0 <Cla1Task1>
    32b0:	95 a4 01 15 	movigl gr26 4011 <$line_table_start0+0x1120>
    32b4:	95 a0 00 01 	movigh gr26 0 <Cla1Task1>
    32b8:	80 06 80 0b 	movg2c gr26
    32bc:	84 c3 1a 00 	add gr12 gr12 gr26
    32c0:	84 d3 4a 06 	xor gr13 gr13 gr10
    32c4:	84 e3 8c 00 	add gr14 gr14 gr12
    32c8:	84 f3 cd 06 	xor gr15 gr15 gr13
    32cc:	84 c3 0f 00 	add gr12 gr12 gr15
    32d0:	80 00 00 00 	nop
    32d4:	80 b0 00 0f 	movc2g gr11
    32d8:	94 b0 1f 75 	movigl gr11 1f7 <.L0 +0x3>
    32dc:	94 b0 00 01 	movigh gr11 0 <Cla1Task1>
    32e0:	95 b4 00 15 	movigl gr27 4001 <$line_table_start0+0x1110>
    32e4:	95 b0 00 01 	movigh gr27 0 <Cla1Task1>
    32e8:	80 06 c0 0b 	movg2c gr27
    32ec:	84 c3 1b 00 	add gr12 gr12 gr27
    32f0:	84 d3 4b 06 	xor gr13 gr13 gr11
    32f4:	84 e3 8c 00 	add gr14 gr14 gr12
    32f8:	84 f3 cd 06 	xor gr15 gr15 gr13
    32fc:	84 c3 0f 00 	add gr12 gr12 gr15
    3300:	80 00 00 00 	nop
    3304:	80 40 00 0f 	movc2g gr4
    3308:	94 40 1f 85 	movigl gr4 1f8 <.L0 +0x4>
    330c:	94 40 00 01 	movigh gr4 0 <Cla1Task1>
    3310:	95 44 00 15 	movigl gr20 4001 <$line_table_start0+0x1110>
    3314:	95 40 00 01 	movigh gr20 0 <Cla1Task1>
    3318:	80 05 00 0b 	movg2c gr20
    331c:	84 c3 14 00 	add gr12 gr12 gr20
    3320:	84 d3 44 06 	xor gr13 gr13 gr4
    3324:	84 e3 8c 00 	add gr14 gr14 gr12
    3328:	84 f3 cd 06 	xor gr15 gr15 gr13
    332c:	84 c3 0f 00 	add gr12 gr12 gr15
    3330:	80 00 00 00 	nop
    3334:	80 50 00 0f 	movc2g gr5
    3338:	94 50 1f 95 	movigl gr5 1f9 <.L0 +0x5>
    333c:	94 50 00 01 	movigh gr5 0 <Cla1Task1>
    3340:	95 54 01 15 	movigl gr21 4011 <$line_table_start0+0x1120>
    3344:	95 50 00 01 	movigh gr21 0 <Cla1Task1>
    3348:	80 05 40 0b 	movg2c gr21
    334c:	84 c3 15 00 	add gr12 gr12 gr21
    3350:	84 d3 45 06 	xor gr13 gr13 gr5
    3354:	84 e3 8c 00 	add gr14 gr14 gr12
    3358:	84 f3 cd 06 	xor gr15 gr15 gr13
    335c:	84 c3 0f 00 	add gr12 gr12 gr15
    3360:	80 00 00 00 	nop
    3364:	80 60 00 0f 	movc2g gr6
    3368:	94 60 1f a5 	movigl gr6 1fa <.L0 +0x6>
    336c:	94 60 00 01 	movigh gr6 0 <Cla1Task1>
    3370:	95 64 00 15 	movigl gr22 4001 <$line_table_start0+0x1110>
    3374:	95 60 00 01 	movigh gr22 0 <Cla1Task1>
    3378:	80 05 80 0b 	movg2c gr22
    337c:	84 c3 16 00 	add gr12 gr12 gr22
    3380:	84 d3 46 06 	xor gr13 gr13 gr6
    3384:	84 e3 8c 00 	add gr14 gr14 gr12
    3388:	84 f3 cd 06 	xor gr15 gr15 gr13
    338c:	84 c3 0f 00 	add gr12 gr12 gr15
    3390:	80 00 00 00 	nop
    3394:	80 70 00 0f 	movc2g gr7
    3398:	94 70 1f b5 	movigl gr7 1fb <.L0 +0x7>
    339c:	94 70 00 01 	movigh gr7 0 <Cla1Task1>
    33a0:	95 74 00 15 	movigl gr23 4001 <$line_table_start0+0x1110>
    33a4:	95 70 00 01 	movigh gr23 0 <Cla1Task1>
    33a8:	80 05 c0 0b 	movg2c gr23
    33ac:	84 c3 17 00 	add gr12 gr12 gr23
    33b0:	84 d3 47 06 	xor gr13 gr13 gr7
    33b4:	84 e3 8c 00 	add gr14 gr14 gr12
    33b8:	84 f3 cd 06 	xor gr15 gr15 gr13
    33bc:	84 c3 0f 00 	add gr12 gr12 gr15
    33c0:	80 00 00 00 	nop
    33c4:	80 80 00 0f 	movc2g gr8
    33c8:	94 80 1f c5 	movigl gr8 1fc <.L0 +0x8>
    33cc:	94 80 00 01 	movigh gr8 0 <Cla1Task1>
    33d0:	95 84 01 15 	movigl gr24 4011 <$line_table_start0+0x1120>
    33d4:	95 80 00 01 	movigh gr24 0 <Cla1Task1>
    33d8:	80 06 00 0b 	movg2c gr24
    33dc:	84 c3 18 00 	add gr12 gr12 gr24
    33e0:	84 d3 48 06 	xor gr13 gr13 gr8
    33e4:	84 e3 8c 00 	add gr14 gr14 gr12
    33e8:	84 f3 cd 06 	xor gr15 gr15 gr13
    33ec:	84 c3 0f 00 	add gr12 gr12 gr15
    33f0:	80 00 00 00 	nop
    33f4:	80 90 00 0f 	movc2g gr9
    33f8:	94 90 1f d5 	movigl gr9 1fd <.L0 +0x9>
    33fc:	94 90 00 01 	movigh gr9 0 <Cla1Task1>
    3400:	95 94 00 15 	movigl gr25 4001 <$line_table_start0+0x1110>
    3404:	95 90 00 01 	movigh gr25 0 <Cla1Task1>
    3408:	80 06 40 0b 	movg2c gr25
    340c:	84 c3 19 00 	add gr12 gr12 gr25
    3410:	84 d3 49 06 	xor gr13 gr13 gr9
    3414:	84 e3 8c 00 	add gr14 gr14 gr12
    3418:	84 f3 cd 06 	xor gr15 gr15 gr13
    341c:	84 c3 0f 00 	add gr12 gr12 gr15
    3420:	80 00 00 00 	nop
    3424:	80 a0 00 0f 	movc2g gr10
    3428:	94 a0 1f e5 	movigl gr10 1fe <.L0 +0xa>
    342c:	94 a0 00 01 	movigh gr10 0 <Cla1Task1>
    3430:	95 a4 00 15 	movigl gr26 4001 <$line_table_start0+0x1110>
    3434:	95 a0 00 01 	movigh gr26 0 <Cla1Task1>
    3438:	80 06 80 0b 	movg2c gr26
    343c:	84 c3 1a 00 	add gr12 gr12 gr26
    3440:	84 d3 4a 06 	xor gr13 gr13 gr10
    3444:	84 e3 8c 00 	add gr14 gr14 gr12
    3448:	84 f3 cd 06 	xor gr15 gr15 gr13
    344c:	84 c3 0f 00 	add gr12 gr12 gr15
    3450:	80 00 00 00 	nop
    3454:	80 b0 00 0f 	movc2g gr11
    3458:	94 b0 1f f5 	movigl gr11 1ff <.L0 +0xb>
    345c:	94 b0 00 01 	movigh gr11 0 <Cla1Task1>
    3460:	95 b4 01 15 	movigl gr27 4011 <$line_table_start0+0x1120>
    3464:	95 b0 00 01 	movigh gr27 0 <Cla1Task1>
    3468:	80 06 c0 0b 	movg2c gr27
    346c:	84 c3 1b 00 	add gr12 gr12 gr27
    3470:	84 d3 4b 06 	xor gr13 gr13 gr11
    3474:	84 e3 8c 00 	add gr14 gr14 gr12
    3478:	84 f3 cd 06 	xor gr15 gr15 gr13
    347c:	84 c3 0f 00 	add gr12 gr12 gr15
    3480:	80 00 00 00 	nop
    3484:	80 40 00 0f 	movc2g gr4
    3488:	94 40 20 05 	movigl gr4 200 <.L0 +0xc>
    348c:	94 40 00 01 	movigh gr4 0 <Cla1Task1>
    3490:	95 44 00 15 	movigl gr20 4001 <$line_table_start0+0x1110>
    3494:	95 40 00 01 	movigh gr20 0 <Cla1Task1>
    3498:	80 05 00 0b 	movg2c gr20
    349c:	84 c3 14 00 	add gr12 gr12 gr20
    34a0:	84 d3 44 06 	xor gr13 gr13 gr4
    34a4:	84 e3 8c 00 	add gr14 gr14 gr12
    34a8:	84 f3 cd 06 	xor gr15 gr15 gr13
    34ac:	84 c3 0f 00 	add gr12 gr12 gr15
    34b0:	80 00 00 00 	nop
    34b4:	80 50 00 0f 	movc2g gr5
    34b8:	94 50 20 15 	movigl gr5 201 <.L0 +0xd>
    34bc:	94 50 00 01 	movigh gr5 0 <Cla1Task1>
    34c0:	95 54 00 15 	movigl gr21 4001 <$line_table_start0+0x1110>
    34c4:	95 50 00 01 	movigh gr21 0 <Cla1Task1>
    34c8:	80 05 40 0b 	movg2c gr21
    34cc:	84 c3 15 00 	add gr12 gr12 gr21
    34d0:	84 d3 45 06 	xor gr13 gr13 gr5
    34d4:	84 e3 8c 00 	add gr14 gr14 gr12
    34d8:	84 f3 cd 06 	xor gr15 gr15 gr13
    34dc:	84 c3 0f 00 	add gr12 gr12 gr15
    34e0:	80 00 00 00 	nop
    34e4:	80 60 00 0f 	movc2g gr6
    34e8:	94 60 20 25 	movigl gr6 202 <.L0 +0xe>
    34ec:	94 60 00 01 	movigh gr6 0 <Cla1Task1>
    34f0:	95 64 01 15 	movigl gr22 4011 <$line_table_start0+0x1120>
    34f4:	95 60 00 01 	movigh gr22 0 <Cla1Task1>
    34f8:	80 05 80 0b 	movg2c gr22
    34fc:	84 c3 16 00 	add gr12 gr12 gr22
    3500:	84 d3 46 06 	xor gr13 gr13 gr6
    3504:	84 e3 8c 00 	add gr14 gr14 gr12
    3508:	84 f3 cd 06 	xor gr15 gr15 gr13
    350c:	84 c3 0f 00 	add gr12 gr12 gr15
    3510:	80 00 00 00 	nop
    3514:	80 70 00 0f 	movc2g gr7
    3518:	94 70 20 35 	movigl gr7 203 <.L0 +0xf>
    351c:	94 70 00 01 	movigh gr7 0 <Cla1Task1>
    3520:	95 74 00 15 	movigl gr23 4001 <$line_table_start0+0x1110>
    3524:	95 70 00 01 	movigh gr23 0 <Cla1Task1>
    3528:	80 05 c0 0b 	movg2c gr23
    352c:	84 c3 17 00 	add gr12 gr12 gr23
    3530:	84 d3 47 06 	xor gr13 gr13 gr7
    3534:	84 e3 8c 00 	add gr14 gr14 gr12
    3538:	84 f3 cd 06 	xor gr15 gr15 gr13
    353c:	84 c3 0f 00 	add gr12 gr12 gr15
    3540:	80 00 00 00 	nop
    3544:	80 80 00 0f 	movc2g gr8
    3548:	94 80 20 45 	movigl gr8 204 <.L0 +0x10>
    354c:	94 80 00 01 	movigh gr8 0 <Cla1Task1>
    3550:	95 84 00 15 	movigl gr24 4001 <$line_table_start0+0x1110>
    3554:	95 80 00 01 	movigh gr24 0 <Cla1Task1>
    3558:	80 06 00 0b 	movg2c gr24
    355c:	84 c3 18 00 	add gr12 gr12 gr24
    3560:	84 d3 48 06 	xor gr13 gr13 gr8
    3564:	84 e3 8c 00 	add gr14 gr14 gr12
    3568:	84 f3 cd 06 	xor gr15 gr15 gr13
    356c:	84 c3 0f 00 	add gr12 gr12 gr15
    3570:	80 00 00 00 	nop
    3574:	80 90 00 0f 	movc2g gr9
    3578:	94 90 20 55 	movigl gr9 205 <.L0 +0x11>
    357c:	94 90 00 01 	movigh gr9 0 <Cla1Task1>
    3580:	95 94 01 15 	movigl gr25 4011 <$line_table_start0+0x1120>
    3584:	95 90 00 01 	movigh gr25 0 <Cla1Task1>
    3588:	80 06 40 0b 	movg2c gr25
    358c:	84 c3 19 00 	add gr12 gr12 gr25
    3590:	84 d3 49 06 	xor gr13 gr13 gr9
    3594:	84 e3 8c 00 	add gr14 gr14 gr12
    3598:	84 f3 cd 06 	xor gr15 gr15 gr13
    359c:	84 c3 0f 00 	add gr12 gr12 gr15
    35a0:	80 00 00 00 	nop
    35a4:	80 a0 00 0f 	movc2g gr10
    35a8:	94 a0 20 65 	movigl gr10 206 <.L0 +0x12>
    35ac:	94 a0 00 01 	movigh gr10 0 <Cla1Task1>
    35b0:	95 a4 00 15 	movigl gr26 4001 <$line_table_start0+0x1110>
    35b4:	95 a0 00 01 	movigh gr26 0 <Cla1Task1>
    35b8:	80 06 80 0b 	movg2c gr26
    35bc:	84 c3 1a 00 	add gr12 gr12 gr26
    35c0:	84 d3 4a 06 	xor gr13 gr13 gr10
    35c4:	84 e3 8c 00 	add gr14 gr14 gr12
    35c8:	84 f3 cd 06 	xor gr15 gr15 gr13
    35cc:	84 c3 0f 00 	add gr12 gr12 gr15
    35d0:	80 00 00 00 	nop
    35d4:	80 b0 00 0f 	movc2g gr11
    35d8:	94 b0 20 75 	movigl gr11 207 <.L0 >
    35dc:	94 b0 00 01 	movigh gr11 0 <Cla1Task1>
    35e0:	95 b4 00 15 	movigl gr27 4001 <$line_table_start0+0x1110>
    35e4:	95 b0 00 01 	movigh gr27 0 <Cla1Task1>
    35e8:	80 06 c0 0b 	movg2c gr27
    35ec:	84 c3 1b 00 	add gr12 gr12 gr27
    35f0:	84 d3 4b 06 	xor gr13 gr13 gr11
    35f4:	84 e3 8c 00 	add gr14 gr14 gr12
    35f8:	84 f3 cd 06 	xor gr15 gr15 gr13
    35fc:	84 c3 0f 00 	add gr12 gr12 gr15
    3600:	80 00 00 00 	nop
    3604:	80 40 00 0f 	movc2g gr4
    3608:	94 40 20 85 	movigl gr4 208 <.L0 +0x1>
    360c:	94 40 00 01 	movigh gr4 0 <Cla1Task1>
    3610:	95 44 01 15 	movigl gr20 4011 <$line_table_start0+0x1120>
    3614:	95 40 00 01 	movigh gr20 0 <Cla1Task1>
    3618:	80 05 00 0b 	movg2c gr20
    361c:	84 c3 14 00 	add gr12 gr12 gr20
    3620:	84 d3 44 06 	xor gr13 gr13 gr4
    3624:	84 e3 8c 00 	add gr14 gr14 gr12
    3628:	84 f3 cd 06 	xor gr15 gr15 gr13
    362c:	84 c3 0f 00 	add gr12 gr12 gr15
    3630:	80 00 00 00 	nop
    3634:	80 50 00 0f 	movc2g gr5
    3638:	94 50 20 95 	movigl gr5 209 <.L0 +0x2>
    363c:	94 50 00 01 	movigh gr5 0 <Cla1Task1>
    3640:	95 54 00 15 	movigl gr21 4001 <$line_table_start0+0x1110>
    3644:	95 50 00 01 	movigh gr21 0 <Cla1Task1>
    3648:	80 05 40 0b 	movg2c gr21
    364c:	84 c3 15 00 	add gr12 gr12 gr21
    3650:	84 d3 45 06 	xor gr13 gr13 gr5
    3654:	84 e3 8c 00 	add gr14 gr14 gr12
    3658:	84 f3 cd 06 	xor gr15 gr15 gr13
    365c:	84 c3 0f 00 	add gr12 gr12 gr15
    3660:	80 00 00 00 	nop
    3664:	80 60 00 0f 	movc2g gr6
    3668:	94 60 20 a5 	movigl gr6 20a <.L0 +0x3>
    366c:	94 60 00 01 	movigh gr6 0 <Cla1Task1>
    3670:	95 64 00 15 	movigl gr22 4001 <$line_table_start0+0x1110>
    3674:	95 60 00 01 	movigh gr22 0 <Cla1Task1>
    3678:	80 05 80 0b 	movg2c gr22
    367c:	84 c3 16 00 	add gr12 gr12 gr22
    3680:	84 d3 46 06 	xor gr13 gr13 gr6
    3684:	84 e3 8c 00 	add gr14 gr14 gr12
    3688:	84 f3 cd 06 	xor gr15 gr15 gr13
    368c:	84 c3 0f 00 	add gr12 gr12 gr15
    3690:	80 00 00 00 	nop
    3694:	80 70 00 0f 	movc2g gr7
    3698:	94 70 20 b5 	movigl gr7 20b <.L0 +0x4>
    369c:	94 70 00 01 	movigh gr7 0 <Cla1Task1>
    36a0:	95 74 01 15 	movigl gr23 4011 <$line_table_start0+0x1120>
    36a4:	95 70 00 01 	movigh gr23 0 <Cla1Task1>
    36a8:	80 05 c0 0b 	movg2c gr23
    36ac:	84 c3 17 00 	add gr12 gr12 gr23
    36b0:	84 d3 47 06 	xor gr13 gr13 gr7
    36b4:	84 e3 8c 00 	add gr14 gr14 gr12
    36b8:	84 f3 cd 06 	xor gr15 gr15 gr13
    36bc:	84 c3 0f 00 	add gr12 gr12 gr15
    36c0:	80 00 00 00 	nop
    36c4:	80 80 00 0f 	movc2g gr8
    36c8:	94 80 20 c5 	movigl gr8 20c <.L0 +0x5>
    36cc:	94 80 00 01 	movigh gr8 0 <Cla1Task1>
    36d0:	95 84 00 15 	movigl gr24 4001 <$line_table_start0+0x1110>
    36d4:	95 80 00 01 	movigh gr24 0 <Cla1Task1>
    36d8:	80 06 00 0b 	movg2c gr24
    36dc:	84 c3 18 00 	add gr12 gr12 gr24
    36e0:	84 d3 48 06 	xor gr13 gr13 gr8
    36e4:	84 e3 8c 00 	add gr14 gr14 gr12
    36e8:	84 f3 cd 06 	xor gr15 gr15 gr13
    36ec:	84 c3 0f 00 	add gr12 gr12 gr15
    36f0:	80 00 00 00 	nop
    36f4:	80 90 00 0f 	movc2g gr9
    36f8:	94 90 20 d5 	movigl gr9 20d <.L0 +0x6>
    36fc:	94 90 00 01 	movigh gr9 0 <Cla1Task1>
    3700:	95 94 00 15 	movigl gr25 4001 <$line_table_start0+0x1110>
    3704:	95 90 00 01 	movigh gr25 0 <Cla1Task1>
    3708:	80 06 40 0b 	movg2c gr25
    370c:	84 c3 19 00 	add gr12 gr12 gr25
    3710:	84 d3 49 06 	xor gr13 gr13 gr9
    3714:	84 e3 8c 00 	add gr14 gr14 gr12
    3718:	84 f3 cd 06 	xor gr15 gr15 gr13
    371c:	84 c3 0f 00 	add gr12 gr12 gr15
    3720:	80 00 00 00 	nop
    3724:	80 a0 00 0f 	movc2g gr10
    3728:	94 a0 20 e5 	movigl gr10 20e <.L0 +0x7>
    372c:	94 a0 00 01 	movigh gr10 0 <Cla1Task1>
    3730:	95 a4 01 15 	movigl gr26 4011 <$line_table_start0+0x1120>
    3734:	95 a0 00 01 	movigh gr26 0 <Cla1Task1>
    3738:	80 06 80 0b 	movg2c gr26
    373c:	84 c3 1a 00 	add gr12 gr12 gr26
    3740:	84 d3 4a 06 	xor gr13 gr13 gr10
    3744:	84 e3 8c 00 	add gr14 gr14 gr12
    3748:	84 f3 cd 06 	xor gr15 gr15 gr13
    374c:	84 c3 0f 00 	add gr12 gr12 gr15
    3750:	80 00 00 00 	nop
    3754:	80 b0 00 0f 	movc2g gr11
    3758:	94 b0 20 f5 	movigl gr11 20f <.L0 +0x8>
    375c:	94 b0 00 01 	movigh gr11 0 <Cla1Task1>
    3760:	95 b4 00 15 	movigl gr27 4001 <$line_table_start0+0x1110>
    3764:	95 b0 00 01 	movigh gr27 0 <Cla1Task1>
    3768:	80 06 c0 0b 	movg2c gr27
    376c:	84 c3 1b 00 	add gr12 gr12 gr27
    3770:	84 d3 4b 06 	xor gr13 gr13 gr11
    3774:	84 e3 8c 00 	add gr14 gr14 gr12
    3778:	84 f3 cd 06 	xor gr15 gr15 gr13
    377c:	84 c3 0f 00 	add gr12 gr12 gr15
    3780:	80 00 00 00 	nop
    3784:	80 40 00 0f 	movc2g gr4
    3788:	94 40 21 05 	movigl gr4 210 <.L0 +0x9>
    378c:	94 40 00 01 	movigh gr4 0 <Cla1Task1>
    3790:	95 44 00 15 	movigl gr20 4001 <$line_table_start0+0x1110>
    3794:	95 40 00 01 	movigh gr20 0 <Cla1Task1>
    3798:	80 05 00 0b 	movg2c gr20
    379c:	84 c3 14 00 	add gr12 gr12 gr20
    37a0:	84 d3 44 06 	xor gr13 gr13 gr4
    37a4:	84 e3 8c 00 	add gr14 gr14 gr12
    37a8:	84 f3 cd 06 	xor gr15 gr15 gr13
    37ac:	84 c3 0f 00 	add gr12 gr12 gr15
    37b0:	80 00 00 00 	nop
    37b4:	80 50 00 0f 	movc2g gr5
    37b8:	94 50 21 15 	movigl gr5 211 <.L0 +0xa>
    37bc:	94 50 00 01 	movigh gr5 0 <Cla1Task1>
    37c0:	95 54 01 15 	movigl gr21 4011 <$line_table_start0+0x1120>
    37c4:	95 50 00 01 	movigh gr21 0 <Cla1Task1>
    37c8:	80 05 40 0b 	movg2c gr21
    37cc:	84 c3 15 00 	add gr12 gr12 gr21
    37d0:	84 d3 45 06 	xor gr13 gr13 gr5
    37d4:	84 e3 8c 00 	add gr14 gr14 gr12
    37d8:	84 f3 cd 06 	xor gr15 gr15 gr13
    37dc:	84 c3 0f 00 	add gr12 gr12 gr15
    37e0:	80 00 00 00 	nop
    37e4:	80 60 00 0f 	movc2g gr6
    37e8:	94 60 21 25 	movigl gr6 212 <.L0 +0xb>
    37ec:	94 60 00 01 	movigh gr6 0 <Cla1Task1>
    37f0:	95 64 00 15 	movigl gr22 4001 <$line_table_start0+0x1110>
    37f4:	95 60 00 01 	movigh gr22 0 <Cla1Task1>
    37f8:	80 05 80 0b 	movg2c gr22
    37fc:	84 c3 16 00 	add gr12 gr12 gr22
    3800:	84 d3 46 06 	xor gr13 gr13 gr6
    3804:	84 e3 8c 00 	add gr14 gr14 gr12
    3808:	84 f3 cd 06 	xor gr15 gr15 gr13
    380c:	84 c3 0f 00 	add gr12 gr12 gr15
    3810:	80 00 00 00 	nop
    3814:	80 70 00 0f 	movc2g gr7
    3818:	94 70 21 35 	movigl gr7 213 <.L0 +0xc>
    381c:	94 70 00 01 	movigh gr7 0 <Cla1Task1>
    3820:	95 74 00 15 	movigl gr23 4001 <$line_table_start0+0x1110>
    3824:	95 70 00 01 	movigh gr23 0 <Cla1Task1>
    3828:	80 05 c0 0b 	movg2c gr23
    382c:	84 c3 17 00 	add gr12 gr12 gr23
    3830:	84 d3 47 06 	xor gr13 gr13 gr7
    3834:	84 e3 8c 00 	add gr14 gr14 gr12
    3838:	84 f3 cd 06 	xor gr15 gr15 gr13
    383c:	84 c3 0f 00 	add gr12 gr12 gr15
    3840:	80 00 00 00 	nop
    3844:	80 80 00 0f 	movc2g gr8
    3848:	94 80 21 45 	movigl gr8 214 <.L0 +0xd>
    384c:	94 80 00 01 	movigh gr8 0 <Cla1Task1>
    3850:	95 84 01 15 	movigl gr24 4011 <$line_table_start0+0x1120>
    3854:	95 80 00 01 	movigh gr24 0 <Cla1Task1>
    3858:	80 06 00 0b 	movg2c gr24
    385c:	84 c3 18 00 	add gr12 gr12 gr24
    3860:	84 d3 48 06 	xor gr13 gr13 gr8
    3864:	84 e3 8c 00 	add gr14 gr14 gr12
    3868:	84 f3 cd 06 	xor gr15 gr15 gr13
    386c:	84 c3 0f 00 	add gr12 gr12 gr15
    3870:	80 00 00 00 	nop
    3874:	80 90 00 0f 	movc2g gr9
    3878:	94 90 21 55 	movigl gr9 215 <.L0 +0xe>
    387c:	94 90 00 01 	movigh gr9 0 <Cla1Task1>
    3880:	95 94 00 15 	movigl gr25 4001 <$line_table_start0+0x1110>
    3884:	95 90 00 01 	movigh gr25 0 <Cla1Task1>
    3888:	80 06 40 0b 	movg2c gr25
    388c:	84 c3 19 00 	add gr12 gr12 gr25
    3890:	84 d3 49 06 	xor gr13 gr13 gr9
    3894:	84 e3 8c 00 	add gr14 gr14 gr12
    3898:	84 f3 cd 06 	xor gr15 gr15 gr13
    389c:	84 c3 0f 00 	add gr12 gr12 gr15
    38a0:	80 00 00 00 	nop
    38a4:	80 a0 00 0f 	movc2g gr10
    38a8:	94 a0 21 65 	movigl gr10 216 <.L0 +0xf>
    38ac:	94 a0 00 01 	movigh gr10 0 <Cla1Task1>
    38b0:	95 a4 00 15 	movigl gr26 4001 <$line_table_start0+0x1110>
    38b4:	95 a0 00 01 	movigh gr26 0 <Cla1Task1>
    38b8:	80 06 80 0b 	movg2c gr26
    38bc:	84 c3 1a 00 	add gr12 gr12 gr26
    38c0:	84 d3 4a 06 	xor gr13 gr13 gr10
    38c4:	84 e3 8c 00 	add gr14 gr14 gr12
    38c8:	84 f3 cd 06 	xor gr15 gr15 gr13
    38cc:	84 c3 0f 00 	add gr12 gr12 gr15
    38d0:	80 00 00 00 	nop
    38d4:	80 b0 00 0f 	movc2g gr11
    38d8:	94 b0 21 75 	movigl gr11 217 <.L0 +0x10>
    38dc:	94 b0 00 01 	movigh gr11 0 <Cla1Task1>
    38e0:	95 b4 01 15 	movigl gr27 4011 <$line_table_start0+0x1120>
    38e4:	95 b0 00 01 	movigh gr27 0 <Cla1Task1>
    38e8:	80 06 c0 0b 	movg2c gr27
    38ec:	84 c3 1b 00 	add gr12 gr12 gr27
    38f0:	84 d3 4b 06 	xor gr13 gr13 gr11
    38f4:	84 e3 8c 00 	add gr14 gr14 gr12
    38f8:	84 f3 cd 06 	xor gr15 gr15 gr13
    38fc:	84 c3 0f 00 	add gr12 gr12 gr15
    3900:	80 00 00 00 	nop
    3904:	80 40 00 0f 	movc2g gr4
    3908:	94 40 21 85 	movigl gr4 218 <.L0 +0x11>
    390c:	94 40 00 01 	movigh gr4 0 <Cla1Task1>
    3910:	95 44 00 15 	movigl gr20 4001 <$line_table_start0+0x1110>
    3914:	95 40 00 01 	movigh gr20 0 <Cla1Task1>
    3918:	80 05 00 0b 	movg2c gr20
    391c:	84 c3 14 00 	add gr12 gr12 gr20
    3920:	84 d3 44 06 	xor gr13 gr13 gr4
    3924:	84 e3 8c 00 	add gr14 gr14 gr12
    3928:	84 f3 cd 06 	xor gr15 gr15 gr13
    392c:	84 c3 0f 00 	add gr12 gr12 gr15
    3930:	80 00 00 00 	nop
    3934:	80 50 00 0f 	movc2g gr5
    3938:	94 50 21 95 	movigl gr5 219 <.L0 +0x12>
    393c:	94 50 00 01 	movigh gr5 0 <Cla1Task1>
    3940:	95 54 00 15 	movigl gr21 4001 <$line_table_start0+0x1110>
    3944:	95 50 00 01 	movigh gr21 0 <Cla1Task1>
    3948:	80 05 40 0b 	movg2c gr21
    394c:	84 c3 15 00 	add gr12 gr12 gr21
    3950:	84 d3 45 06 	xor gr13 gr13 gr5
    3954:	84 e3 8c 00 	add gr14 gr14 gr12
    3958:	84 f3 cd 06 	xor gr15 gr15 gr13
    395c:	84 c3 0f 00 	add gr12 gr12 gr15
    3960:	80 00 00 00 	nop
    3964:	80 60 00 0f 	movc2g gr6
    3968:	94 60 21 a5 	movigl gr6 21a <.L0 +0x13>
    396c:	94 60 00 01 	movigh gr6 0 <Cla1Task1>
    3970:	95 64 01 15 	movigl gr22 4011 <$line_table_start0+0x1120>
    3974:	95 60 00 01 	movigh gr22 0 <Cla1Task1>
    3978:	80 05 80 0b 	movg2c gr22
    397c:	84 c3 16 00 	add gr12 gr12 gr22
    3980:	84 d3 46 06 	xor gr13 gr13 gr6
    3984:	84 e3 8c 00 	add gr14 gr14 gr12
    3988:	84 f3 cd 06 	xor gr15 gr15 gr13
    398c:	84 c3 0f 00 	add gr12 gr12 gr15
    3990:	80 00 00 00 	nop
    3994:	80 70 00 0f 	movc2g gr7
    3998:	94 70 21 b5 	movigl gr7 21b <.L0 +0x14>
    399c:	94 70 00 01 	movigh gr7 0 <Cla1Task1>
    39a0:	95 74 00 15 	movigl gr23 4001 <$line_table_start0+0x1110>
    39a4:	95 70 00 01 	movigh gr23 0 <Cla1Task1>
    39a8:	80 05 c0 0b 	movg2c gr23
    39ac:	84 c3 17 00 	add gr12 gr12 gr23
    39b0:	84 d3 47 06 	xor gr13 gr13 gr7
    39b4:	84 e3 8c 00 	add gr14 gr14 gr12
    39b8:	84 f3 cd 06 	xor gr15 gr15 gr13
    39bc:	84 c3 0f 00 	add gr12 gr12 gr15
    39c0:	80 00 00 00 	nop
    39c4:	80 80 00 0f 	movc2g gr8
    39c8:	94 80 21 c5 	movigl gr8 21c <.L0 +0x15>
    39cc:	94 80 00 01 	movigh gr8 0 <Cla1Task1>
    39d0:	95 84 00 15 	movigl gr24 4001 <$line_table_start0+0x1110>
    39d4:	95 80 00 01 	movigh gr24 0 <Cla1Task1>
    39d8:	80 06 00 0b 	movg2c gr24
    39dc:	84 c3 18 00 	add gr12 gr12 gr24
    39e0:	84 d3 48 06 	xor gr13 gr13 gr8
    39e4:	84 e3 8c 00 	add gr14 gr14 gr12
    39e8:	84 f3 cd 06 	xor gr15 gr15 gr13
    39ec:	84 c3 0f 00 	add gr12 gr12 gr15
    39f0:	80 00 00 00 	nop
    39f4:	80 90 00 0f 	movc2g gr9
    39f8:	94 90 21 d5 	movigl gr9 21d <.L0 +0x16>
    39fc:	94 90 00 01 	movigh gr9 0 <Cla1Task1>
    3a00:	95 94 01 15 	movigl gr25 4011 <$line_table_start0+0x1120>
    3a04:	95 90 00 01 	movigh gr25 0 <Cla1Task1>
    3a08:	80 06 40 0b 	movg2c gr25
    3a0c:	84 c3 19 00 	add gr12 gr12 gr25
    3a10:	84 d3 49 06 	xor gr13 gr13 gr9
    3a14:	84 e3 8c 00 	add gr14 gr14 gr12
    3a18:	84 f3 cd 06 	xor gr15 gr15 gr13
    3a1c:	84 c3 0f 00 	add gr12 gr12 gr15
    3a20:	80 00 00 00 	nop
    3a24:	80 a0 00 0f 	movc2g gr10
    3a28:	94 a0 21 e5 	movigl gr10 21e <.L0 +0x17>
    3a2c:	94 a0 00 01 	movigh gr10 0 <Cla1Task1>
    3a30:	95 a4 00 15 	movigl gr26 4001 <$line_table_start0+0x1110>
    3a34:	95 a0 00 01 	movigh gr26 0 <Cla1Task1>
    3a38:	80 06 80 0b 	movg2c gr26
    3a3c:	84 c3 1a 00 	add gr12 gr12 gr26
    3a40:	84 d3 4a 06 	xor gr13 gr13 gr10
    3a44:	84 e3 8c 00 	add gr14 gr14 gr12
    3a48:	84 f3 cd 06 	xor gr15 gr15 gr13
    3a4c:	84 c3 0f 00 	add gr12 gr12 gr15
    3a50:	80 00 00 00 	nop
    3a54:	80 b0 00 0f 	movc2g gr11
    3a58:	94 b0 21 f5 	movigl gr11 21f <.L0 +0x18>
    3a5c:	94 b0 00 01 	movigh gr11 0 <Cla1Task1>
    3a60:	95 b4 00 15 	movigl gr27 4001 <$line_table_start0+0x1110>
    3a64:	95 b0 00 01 	movigh gr27 0 <Cla1Task1>
    3a68:	80 06 c0 0b 	movg2c gr27
    3a6c:	84 c3 1b 00 	add gr12 gr12 gr27
    3a70:	84 d3 4b 06 	xor gr13 gr13 gr11
    3a74:	84 e3 8c 00 	add gr14 gr14 gr12
    3a78:	84 f3 cd 06 	xor gr15 gr15 gr13
    3a7c:	84 c3 0f 00 	add gr12 gr12 gr15
    3a80:	80 00 00 00 	nop
    3a84:	80 40 00 0f 	movc2g gr4
    3a88:	94 40 22 05 	movigl gr4 220 <.L0 +0x19>
    3a8c:	94 40 00 01 	movigh gr4 0 <Cla1Task1>
    3a90:	95 44 01 15 	movigl gr20 4011 <$line_table_start0+0x1120>
    3a94:	95 40 00 01 	movigh gr20 0 <Cla1Task1>
    3a98:	80 05 00 0b 	movg2c gr20
    3a9c:	84 c3 14 00 	add gr12 gr12 gr20
    3aa0:	84 d3 44 06 	xor gr13 gr13 gr4
    3aa4:	84 e3 8c 00 	add gr14 gr14 gr12
    3aa8:	84 f3 cd 06 	xor gr15 gr15 gr13
    3aac:	84 c3 0f 00 	add gr12 gr12 gr15
    3ab0:	80 00 00 00 	nop
    3ab4:	80 50 00 0f 	movc2g gr5
    3ab8:	94 50 22 15 	movigl gr5 221 <.L0 +0x1a>
    3abc:	94 50 00 01 	movigh gr5 0 <Cla1Task1>
    3ac0:	95 54 00 15 	movigl gr21 4001 <$line_table_start0+0x1110>
    3ac4:	95 50 00 01 	movigh gr21 0 <Cla1Task1>
    3ac8:	80 05 40 0b 	movg2c gr21
    3acc:	84 c3 15 00 	add gr12 gr12 gr21
    3ad0:	84 d3 45 06 	xor gr13 gr13 gr5
    3ad4:	84 e3 8c 00 	add gr14 gr14 gr12
    3ad8:	84 f3 cd 06 	xor gr15 gr15 gr13
    3adc:	84 c3 0f 00 	add gr12 gr12 gr15
    3ae0:	80 00 00 00 	nop
    3ae4:	80 60 00 0f 	movc2g gr6
    3ae8:	94 60 22 25 	movigl gr6 222 <.L0 +0x1b>
    3aec:	94 60 00 01 	movigh gr6 0 <Cla1Task1>
    3af0:	95 64 00 15 	movigl gr22 4001 <$line_table_start0+0x1110>
    3af4:	95 60 00 01 	movigh gr22 0 <Cla1Task1>
    3af8:	80 05 80 0b 	movg2c gr22
    3afc:	84 c3 16 00 	add gr12 gr12 gr22
    3b00:	84 d3 46 06 	xor gr13 gr13 gr6
    3b04:	84 e3 8c 00 	add gr14 gr14 gr12
    3b08:	84 f3 cd 06 	xor gr15 gr15 gr13
    3b0c:	84 c3 0f 00 	add gr12 gr12 gr15
    3b10:	80 00 00 00 	nop
    3b14:	80 70 00 0f 	movc2g gr7
    3b18:	94 70 22 35 	movigl gr7 223 <.L0 +0x1c>
    3b1c:	94 70 00 01 	movigh gr7 0 <Cla1Task1>
    3b20:	95 74 01 15 	movigl gr23 4011 <$line_table_start0+0x1120>
    3b24:	95 70 00 01 	movigh gr23 0 <Cla1Task1>
    3b28:	80 05 c0 0b 	movg2c gr23
    3b2c:	84 c3 17 00 	add gr12 gr12 gr23
    3b30:	84 d3 47 06 	xor gr13 gr13 gr7
    3b34:	84 e3 8c 00 	add gr14 gr14 gr12
    3b38:	84 f3 cd 06 	xor gr15 gr15 gr13
    3b3c:	84 c3 0f 00 	add gr12 gr12 gr15
    3b40:	80 00 00 00 	nop
    3b44:	80 80 00 0f 	movc2g gr8
    3b48:	94 80 22 45 	movigl gr8 224 <.L0 +0x1d>
    3b4c:	94 80 00 01 	movigh gr8 0 <Cla1Task1>
    3b50:	95 84 00 15 	movigl gr24 4001 <$line_table_start0+0x1110>
    3b54:	95 80 00 01 	movigh gr24 0 <Cla1Task1>
    3b58:	80 06 00 0b 	movg2c gr24
    3b5c:	84 c3 18 00 	add gr12 gr12 gr24
    3b60:	84 d3 48 06 	xor gr13 gr13 gr8
    3b64:	84 e3 8c 00 	add gr14 gr14 gr12
    3b68:	84 f3 cd 06 	xor gr15 gr15 gr13
    3b6c:	84 c3 0f 00 	add gr12 gr12 gr15
    3b70:	80 00 00 00 	nop
    3b74:	80 90 00 0f 	movc2g gr9
    3b78:	94 90 22 55 	movigl gr9 225 <.L0 +0x1e>
    3b7c:	94 90 00 01 	movigh gr9 0 <Cla1Task1>
    3b80:	95 94 00 15 	movigl gr25 4001 <$line_table_start0+0x1110>
    3b84:	95 90 00 01 	movigh gr25 0 <Cla1Task1>
    3b88:	80 06 40 0b 	movg2c gr25
    3b8c:	84 c3 19 00 	add gr12 gr12 gr25
    3b90:	84 d3 49 06 	xor gr13 gr13 gr9
    3b94:	84 e3 8c 00 	add gr14 gr14 gr12
    3b98:	84 f3 cd 06 	xor gr15 gr15 gr13
    3b9c:	84 c3 0f 00 	add gr12 gr12 gr15
    3ba0:	80 00 00 00 	nop
    3ba4:	80 a0 00 0f 	movc2g gr10
    3ba8:	94 a0 22 65 	movigl gr10 226 <.L0 +0x1f>
    3bac:	94 a0 00 01 	movigh gr10 0 <Cla1Task1>
    3bb0:	95 a4 01 15 	movigl gr26 4011 <$line_table_start0+0x1120>
    3bb4:	95 a0 00 01 	movigh gr26 0 <Cla1Task1>
    3bb8:	80 06 80 0b 	movg2c gr26
    3bbc:	84 c3 1a 00 	add gr12 gr12 gr26
    3bc0:	84 d3 4a 06 	xor gr13 gr13 gr10
    3bc4:	84 e3 8c 00 	add gr14 gr14 gr12
    3bc8:	84 f3 cd 06 	xor gr15 gr15 gr13
    3bcc:	84 c3 0f 00 	add gr12 gr12 gr15
    3bd0:	80 00 00 00 	nop
    3bd4:	80 b0 00 0f 	movc2g gr11
    3bd8:	94 b0 22 75 	movigl gr11 227 <.L0 +0x20>
    3bdc:	94 b0 00 01 	movigh gr11 0 <Cla1Task1>
    3be0:	95 b4 00 15 	movigl gr27 4001 <$line_table_start0+0x1110>
    3be4:	95 b0 00 01 	movigh gr27 0 <Cla1Task1>
    3be8:	80 06 c0 0b 	movg2c gr27
    3bec:	84 c3 1b 00 	add gr12 gr12 gr27
    3bf0:	84 d3 4b 06 	xor gr13 gr13 gr11
    3bf4:	84 e3 8c 00 	add gr14 gr14 gr12
    3bf8:	84 f3 cd 06 	xor gr15 gr15 gr13
    3bfc:	84 c3 0f 00 	add gr12 gr12 gr15
    3c00:	80 00 00 00 	nop
    3c04:	80 40 00 0f 	movc2g gr4
    3c08:	94 40 22 85 	movigl gr4 228 <.L0 +0x21>
    3c0c:	94 40 00 01 	movigh gr4 0 <Cla1Task1>
    3c10:	95 44 00 15 	movigl gr20 4001 <$line_table_start0+0x1110>
    3c14:	95 40 00 01 	movigh gr20 0 <Cla1Task1>
    3c18:	80 05 00 0b 	movg2c gr20
    3c1c:	84 c3 14 00 	add gr12 gr12 gr20
    3c20:	84 d3 44 06 	xor gr13 gr13 gr4
    3c24:	84 e3 8c 00 	add gr14 gr14 gr12
    3c28:	84 f3 cd 06 	xor gr15 gr15 gr13
    3c2c:	84 c3 0f 00 	add gr12 gr12 gr15
    3c30:	80 00 00 00 	nop
    3c34:	80 50 00 0f 	movc2g gr5
    3c38:	94 50 22 95 	movigl gr5 229 <.L0 +0x22>
    3c3c:	94 50 00 01 	movigh gr5 0 <Cla1Task1>
    3c40:	95 54 01 15 	movigl gr21 4011 <$line_table_start0+0x1120>
    3c44:	95 50 00 01 	movigh gr21 0 <Cla1Task1>
    3c48:	80 05 40 0b 	movg2c gr21
    3c4c:	84 c3 15 00 	add gr12 gr12 gr21
    3c50:	84 d3 45 06 	xor gr13 gr13 gr5
    3c54:	84 e3 8c 00 	add gr14 gr14 gr12
    3c58:	84 f3 cd 06 	xor gr15 gr15 gr13
    3c5c:	84 c3 0f 00 	add gr12 gr12 gr15
    3c60:	80 00 00 00 	nop
    3c64:	80 60 00 0f 	movc2g gr6
    3c68:	94 60 22 a5 	movigl gr6 22a <.L0 +0x23>
    3c6c:	94 60 00 01 	movigh gr6 0 <Cla1Task1>
    3c70:	95 64 00 15 	movigl gr22 4001 <$line_table_start0+0x1110>
    3c74:	95 60 00 01 	movigh gr22 0 <Cla1Task1>
    3c78:	80 05 80 0b 	movg2c gr22
    3c7c:	84 c3 16 00 	add gr12 gr12 gr22
    3c80:	84 d3 46 06 	xor gr13 gr13 gr6
    3c84:	84 e3 8c 00 	add gr14 gr14 gr12
    3c88:	84 f3 cd 06 	xor gr15 gr15 gr13
    3c8c:	84 c3 0f 00 	add gr12 gr12 gr15
    3c90:	80 00 00 00 	nop
    3c94:	80 70 00 0f 	movc2g gr7
    3c98:	94 70 22 b5 	movigl gr7 22b <.L0 +0x24>
    3c9c:	94 70 00 01 	movigh gr7 0 <Cla1Task1>
    3ca0:	95 74 00 15 	movigl gr23 4001 <$line_table_start0+0x1110>
    3ca4:	95 70 00 01 	movigh gr23 0 <Cla1Task1>
    3ca8:	80 05 c0 0b 	movg2c gr23
    3cac:	84 c3 17 00 	add gr12 gr12 gr23
    3cb0:	84 d3 47 06 	xor gr13 gr13 gr7
    3cb4:	84 e3 8c 00 	add gr14 gr14 gr12
    3cb8:	84 f3 cd 06 	xor gr15 gr15 gr13
    3cbc:	84 c3 0f 00 	add gr12 gr12 gr15
    3cc0:	80 00 00 00 	nop
    3cc4:	80 80 00 0f 	movc2g gr8
    3cc8:	94 80 22 c5 	movigl gr8 22c <.L0 +0x25>
    3ccc:	94 80 00 01 	movigh gr8 0 <Cla1Task1>
    3cd0:	95 84 01 15 	movigl gr24 4011 <$line_table_start0+0x1120>
    3cd4:	95 80 00 01 	movigh gr24 0 <Cla1Task1>
    3cd8:	80 06 00 0b 	movg2c gr24
    3cdc:	84 c3 18 00 	add gr12 gr12 gr24
    3ce0:	84 d3 48 06 	xor gr13 gr13 gr8
    3ce4:	84 e3 8c 00 	add gr14 gr14 gr12
    3ce8:	84 f3 cd 06 	xor gr15 gr15 gr13
    3cec:	84 c3 0f 00 	add gr12 gr12 gr15
    3cf0:	80 00 00 00 	nop
    3cf4:	80 90 00 0f 	movc2g gr9
    3cf8:	94 90 22 d5 	movigl gr9 22d <.L0 +0x26>
    3cfc:	94 90 00 01 	movigh gr9 0 <Cla1Task1>
    3d00:	95 94 00 15 	movigl gr25 4001 <$line_table_start0+0x1110>
    3d04:	95 90 00 01 	movigh gr25 0 <Cla1Task1>
    3d08:	80 06 40 0b 	movg2c gr25
    3d0c:	84 c3 19 00 	add gr12 gr12 gr25
    3d10:	84 d3 49 06 	xor gr13 gr13 gr9
    3d14:	84 e3 8c 00 	add gr14 gr14 gr12
    3d18:	84 f3 cd 06 	xor gr15 gr15 gr13
    3d1c:	84 c3 0f 00 	add gr12 gr12 gr15
    3d20:	80 00 00 00 	nop
    3d24:	80 a0 00 0f 	movc2g gr10
    3d28:	94 a0 22 e5 	movigl gr10 22e <.L0 +0x27>
    3d2c:	94 a0 00 01 	movigh gr10 0 <Cla1Task1>
    3d30:	95 a4 00 15 	movigl gr26 4001 <$line_table_start0+0x1110>
    3d34:	95 a0 00 01 	movigh gr26 0 <Cla1Task1>
    3d38:	80 06 80 0b 	movg2c gr26
    3d3c:	84 c3 1a 00 	add gr12 gr12 gr26
    3d40:	84 d3 4a 06 	xor gr13 gr13 gr10
    3d44:	84 e3 8c 00 	add gr14 gr14 gr12
    3d48:	84 f3 cd 06 	xor gr15 gr15 gr13
    3d4c:	84 c3 0f 00 	add gr12 gr12 gr15
    3d50:	80 00 00 00 	nop
    3d54:	80 b0 00 0f 	movc2g gr11
    3d58:	94 b0 22 f5 	movigl gr11 22f <.L0 +0x28>
    3d5c:	94 b0 00 01 	movigh gr11 0 <Cla1Task1>
    3d60:	95 b4 01 15 	movigl gr27 4011 <$line_table_start0+0x1120>
    3d64:	95 b0 00 01 	movigh gr27 0 <Cla1Task1>
    3d68:	80 06 c0 0b 	movg2c gr27
    3d6c:	84 c3 1b 00 	add gr12 gr12 gr27
    3d70:	84 d3 4b 06 	xor gr13 gr13 gr11
    3d74:	84 e3 8c 00 	add gr14 gr14 gr12
    3d78:	84 f3 cd 06 	xor gr15 gr15 gr13
    3d7c:	84 c3 0f 00 	add gr12 gr12 gr15
    3d80:	80 00 00 00 	nop
    3d84:	80 40 00 0f 	movc2g gr4
    3d88:	94 40 23 05 	movigl gr4 230 <.L0 +0x29>
    3d8c:	94 40 00 01 	movigh gr4 0 <Cla1Task1>
    3d90:	95 44 00 15 	movigl gr20 4001 <$line_table_start0+0x1110>
    3d94:	95 40 00 01 	movigh gr20 0 <Cla1Task1>
    3d98:	80 05 00 0b 	movg2c gr20
    3d9c:	84 c3 14 00 	add gr12 gr12 gr20
    3da0:	84 d3 44 06 	xor gr13 gr13 gr4
    3da4:	84 e3 8c 00 	add gr14 gr14 gr12
    3da8:	84 f3 cd 06 	xor gr15 gr15 gr13
    3dac:	84 c3 0f 00 	add gr12 gr12 gr15
    3db0:	80 00 00 00 	nop
    3db4:	80 50 00 0f 	movc2g gr5
    3db8:	94 50 23 15 	movigl gr5 231 <.L0 +0x2a>
    3dbc:	94 50 00 01 	movigh gr5 0 <Cla1Task1>
    3dc0:	95 54 00 15 	movigl gr21 4001 <$line_table_start0+0x1110>
    3dc4:	95 50 00 01 	movigh gr21 0 <Cla1Task1>
    3dc8:	80 05 40 0b 	movg2c gr21
    3dcc:	84 c3 15 00 	add gr12 gr12 gr21
    3dd0:	84 d3 45 06 	xor gr13 gr13 gr5
    3dd4:	84 e3 8c 00 	add gr14 gr14 gr12
    3dd8:	84 f3 cd 06 	xor gr15 gr15 gr13
    3ddc:	84 c3 0f 00 	add gr12 gr12 gr15
    3de0:	80 00 00 00 	nop
    3de4:	80 60 00 0f 	movc2g gr6
    3de8:	94 60 23 25 	movigl gr6 232 <.L0 +0x2b>
    3dec:	94 60 00 01 	movigh gr6 0 <Cla1Task1>
    3df0:	95 64 01 15 	movigl gr22 4011 <$line_table_start0+0x1120>
    3df4:	95 60 00 01 	movigh gr22 0 <Cla1Task1>
    3df8:	80 05 80 0b 	movg2c gr22
    3dfc:	84 c3 16 00 	add gr12 gr12 gr22
    3e00:	84 d3 46 06 	xor gr13 gr13 gr6
    3e04:	84 e3 8c 00 	add gr14 gr14 gr12
    3e08:	84 f3 cd 06 	xor gr15 gr15 gr13
    3e0c:	84 c3 0f 00 	add gr12 gr12 gr15
    3e10:	80 00 00 00 	nop
    3e14:	80 70 00 0f 	movc2g gr7
    3e18:	94 70 23 35 	movigl gr7 233 <.L0 +0x2c>
    3e1c:	94 70 00 01 	movigh gr7 0 <Cla1Task1>
    3e20:	95 74 00 15 	movigl gr23 4001 <$line_table_start0+0x1110>
    3e24:	95 70 00 01 	movigh gr23 0 <Cla1Task1>
    3e28:	80 05 c0 0b 	movg2c gr23
    3e2c:	84 c3 17 00 	add gr12 gr12 gr23
    3e30:	84 d3 47 06 	xor gr13 gr13 gr7
    3e34:	84 e3 8c 00 	add gr14 gr14 gr12
    3e38:	84 f3 cd 06 	xor gr15 gr15 gr13
    3e3c:	84 c3 0f 00 	add gr12 gr12 gr15
    3e40:	80 00 00 00 	nop
    3e44:	80 80 00 0f 	movc2g gr8
    3e48:	94 80 23 45 	movigl gr8 234 <.L0 +0x2d>
    3e4c:	94 80 00 01 	movigh gr8 0 <Cla1Task1>
    3e50:	95 84 00 15 	movigl gr24 4001 <$line_table_start0+0x1110>
    3e54:	95 80 00 01 	movigh gr24 0 <Cla1Task1>
    3e58:	80 06 00 0b 	movg2c gr24
    3e5c:	84 c3 18 00 	add gr12 gr12 gr24
    3e60:	84 d3 48 06 	xor gr13 gr13 gr8
    3e64:	84 e3 8c 00 	add gr14 gr14 gr12
    3e68:	84 f3 cd 06 	xor gr15 gr15 gr13
    3e6c:	84 c3 0f 00 	add gr12 gr12 gr15
    3e70:	80 00 00 00 	nop
    3e74:	80 90 00 0f 	movc2g gr9
    3e78:	94 90 23 55 	movigl gr9 235 <.L0 +0x2e>
    3e7c:	94 90 00 01 	movigh gr9 0 <Cla1Task1>
    3e80:	95 94 01 15 	movigl gr25 4011 <$line_table_start0+0x1120>
    3e84:	95 90 00 01 	movigh gr25 0 <Cla1Task1>
    3e88:	80 06 40 0b 	movg2c gr25
    3e8c:	84 c3 19 00 	add gr12 gr12 gr25
    3e90:	84 d3 49 06 	xor gr13 gr13 gr9
    3e94:	84 e3 8c 00 	add gr14 gr14 gr12
    3e98:	84 f3 cd 06 	xor gr15 gr15 gr13
    3e9c:	84 c3 0f 00 	add gr12 gr12 gr15
    3ea0:	80 00 00 00 	nop
    3ea4:	80 a0 00 0f 	movc2g gr10
    3ea8:	94 a0 23 65 	movigl gr10 236 <.L0 +0x2f>
    3eac:	94 a0 00 01 	movigh gr10 0 <Cla1Task1>
    3eb0:	95 a4 00 15 	movigl gr26 4001 <$line_table_start0+0x1110>
    3eb4:	95 a0 00 01 	movigh gr26 0 <Cla1Task1>
    3eb8:	80 06 80 0b 	movg2c gr26
    3ebc:	84 c3 1a 00 	add gr12 gr12 gr26
    3ec0:	84 d3 4a 06 	xor gr13 gr13 gr10
    3ec4:	84 e3 8c 00 	add gr14 gr14 gr12
    3ec8:	84 f3 cd 06 	xor gr15 gr15 gr13
    3ecc:	84 c3 0f 00 	add gr12 gr12 gr15
    3ed0:	80 00 00 00 	nop
    3ed4:	80 b0 00 0f 	movc2g gr11
    3ed8:	94 b0 23 75 	movigl gr11 237 <.L0 +0x30>
    3edc:	94 b0 00 01 	movigh gr11 0 <Cla1Task1>
    3ee0:	95 b4 00 15 	movigl gr27 4001 <$line_table_start0+0x1110>
    3ee4:	95 b0 00 01 	movigh gr27 0 <Cla1Task1>
    3ee8:	80 06 c0 0b 	movg2c gr27
    3eec:	84 c3 1b 00 	add gr12 gr12 gr27
    3ef0:	84 d3 4b 06 	xor gr13 gr13 gr11
    3ef4:	84 e3 8c 00 	add gr14 gr14 gr12
    3ef8:	84 f3 cd 06 	xor gr15 gr15 gr13
    3efc:	84 c3 0f 00 	add gr12 gr12 gr15
    3f00:	80 00 00 00 	nop
    3f04:	80 40 00 0f 	movc2g gr4
    3f08:	94 40 23 85 	movigl gr4 238 <.L0 +0x31>
    3f0c:	94 40 00 01 	movigh gr4 0 <Cla1Task1>
    3f10:	95 44 01 15 	movigl gr20 4011 <$line_table_start0+0x1120>
    3f14:	95 40 00 01 	movigh gr20 0 <Cla1Task1>
    3f18:	80 05 00 0b 	movg2c gr20
    3f1c:	84 c3 14 00 	add gr12 gr12 gr20
    3f20:	84 d3 44 06 	xor gr13 gr13 gr4
    3f24:	84 e3 8c 00 	add gr14 gr14 gr12
    3f28:	84 f3 cd 06 	xor gr15 gr15 gr13
    3f2c:	84 c3 0f 00 	add gr12 gr12 gr15
    3f30:	80 00 00 00 	nop
    3f34:	80 50 00 0f 	movc2g gr5
    3f38:	94 50 23 95 	movigl gr5 239 <.L0 +0x32>
    3f3c:	94 50 00 01 	movigh gr5 0 <Cla1Task1>
    3f40:	95 54 00 15 	movigl gr21 4001 <$line_table_start0+0x1110>
    3f44:	95 50 00 01 	movigh gr21 0 <Cla1Task1>
    3f48:	80 05 40 0b 	movg2c gr21
    3f4c:	84 c3 15 00 	add gr12 gr12 gr21
    3f50:	84 d3 45 06 	xor gr13 gr13 gr5
    3f54:	84 e3 8c 00 	add gr14 gr14 gr12
    3f58:	84 f3 cd 06 	xor gr15 gr15 gr13
    3f5c:	84 c3 0f 00 	add gr12 gr12 gr15
    3f60:	80 00 00 00 	nop
    3f64:	80 60 00 0f 	movc2g gr6
    3f68:	94 60 23 a5 	movigl gr6 23a <.L0 +0x33>
    3f6c:	94 60 00 01 	movigh gr6 0 <Cla1Task1>
    3f70:	95 64 00 15 	movigl gr22 4001 <$line_table_start0+0x1110>
    3f74:	95 60 00 01 	movigh gr22 0 <Cla1Task1>
    3f78:	80 05 80 0b 	movg2c gr22
    3f7c:	84 c3 16 00 	add gr12 gr12 gr22
    3f80:	84 d3 46 06 	xor gr13 gr13 gr6
    3f84:	84 e3 8c 00 	add gr14 gr14 gr12
    3f88:	84 f3 cd 06 	xor gr15 gr15 gr13
    3f8c:	84 c3 0f 00 	add gr12 gr12 gr15
    3f90:	80 00 00 00 	nop
    3f94:	80 70 00 0f 	movc2g gr7
    3f98:	94 70 23 b5 	movigl gr7 23b <.L0 +0x34>
    3f9c:	94 70 00 01 	movigh gr7 0 <Cla1Task1>
    3fa0:	95 74 01 15 	movigl gr23 4011 <$line_table_start0+0x1120>
    3fa4:	95 70 00 01 	movigh gr23 0 <Cla1Task1>
    3fa8:	80 05 c0 0b 	movg2c gr23
    3fac:	84 c3 17 00 	add gr12 gr12 gr23
    3fb0:	84 d3 47 06 	xor gr13 gr13 gr7
    3fb4:	84 e3 8c 00 	add gr14 gr14 gr12
    3fb8:	84 f3 cd 06 	xor gr15 gr15 gr13
    3fbc:	84 c3 0f 00 	add gr12 gr12 gr15
    3fc0:	80 00 00 00 	nop
    3fc4:	80 80 00 0f 	movc2g gr8
    3fc8:	94 80 23 c5 	movigl gr8 23c <.L0 +0x35>
    3fcc:	94 80 00 01 	movigh gr8 0 <Cla1Task1>
    3fd0:	95 84 00 15 	movigl gr24 4001 <$line_table_start0+0x1110>
    3fd4:	95 80 00 01 	movigh gr24 0 <Cla1Task1>
    3fd8:	80 06 00 0b 	movg2c gr24
    3fdc:	84 c3 18 00 	add gr12 gr12 gr24
    3fe0:	84 d3 48 06 	xor gr13 gr13 gr8
    3fe4:	84 e3 8c 00 	add gr14 gr14 gr12
    3fe8:	84 f3 cd 06 	xor gr15 gr15 gr13
    3fec:	84 c3 0f 00 	add gr12 gr12 gr15
    3ff0:	80 00 00 00 	nop
    3ff4:	80 90 00 0f 	movc2g gr9
    3ff8:	94 90 23 d5 	movigl gr9 23d <.L0 +0x36>
    3ffc:	94 90 00 01 	movigh gr9 0 <Cla1Task1>
    4000:	95 94 00 15 	movigl gr25 4001 <$line_table_start0+0x1110>
    4004:	95 90 00 01 	movigh gr25 0 <Cla1Task1>
    4008:	80 06 40 0b 	movg2c gr25
    400c:	84 c3 19 00 	add gr12 gr12 gr25
    4010:	84 d3 49 06 	xor gr13 gr13 gr9
    4014:	84 e3 8c 00 	add gr14 gr14 gr12
    4018:	84 f3 cd 06 	xor gr15 gr15 gr13
    401c:	84 c3 0f 00 	add gr12 gr12 gr15
    4020:	80 00 00 00 	nop
    4024:	80 a0 00 0f 	movc2g gr10
    4028:	94 a0 23 e5 	movigl gr10 23e <.L0 +0x37>
    402c:	94 a0 00 01 	movigh gr10 0 <Cla1Task1>
    4030:	95 a4 01 15 	movigl gr26 4011 <$line_table_start0+0x1120>
    4034:	95 a0 00 01 	movigh gr26 0 <Cla1Task1>
    4038:	80 06 80 0b 	movg2c gr26
    403c:	84 c3 1a 00 	add gr12 gr12 gr26
    4040:	84 d3 4a 06 	xor gr13 gr13 gr10
    4044:	84 e3 8c 00 	add gr14 gr14 gr12
    4048:	84 f3 cd 06 	xor gr15 gr15 gr13
    404c:	84 c3 0f 00 	add gr12 gr12 gr15
    4050:	80 00 00 00 	nop
    4054:	80 b0 00 0f 	movc2g gr11
    4058:	94 b0 23 f5 	movigl gr11 23f <.L0 +0x38>
    405c:	94 b0 00 01 	movigh gr11 0 <Cla1Task1>
    4060:	95 b4 00 15 	movigl gr27 4001 <$line_table_start0+0x1110>
    4064:	95 b0 00 01 	movigh gr27 0 <Cla1Task1>
    4068:	80 06 c0 0b 	movg2c gr27
    406c:	84 c3 1b 00 	add gr12 gr12 gr27
    4070:	84 d3 4b 06 	xor gr13 gr13 gr11
    4074:	84 e3 8c 00 	add gr14 gr14 gr12
    4078:	84 f3 cd 06 	xor gr15 gr15 gr13
    407c:	84 c3 0f 00 	add gr12 gr12 gr15
    4080:	80 00 00 00 	nop
    4084:	80 40 00 0f 	movc2g gr4
    4088:	94 40 24 05 	movigl gr4 240 <.L0 +0x39>
    408c:	94 40 00 01 	movigh gr4 0 <Cla1Task1>
    4090:	95 44 00 15 	movigl gr20 4001 <$line_table_start0+0x1110>
    4094:	95 40 00 01 	movigh gr20 0 <Cla1Task1>
    4098:	80 05 00 0b 	movg2c gr20
    409c:	84 c3 14 00 	add gr12 gr12 gr20
    40a0:	84 d3 44 06 	xor gr13 gr13 gr4
    40a4:	84 e3 8c 00 	add gr14 gr14 gr12
    40a8:	84 f3 cd 06 	xor gr15 gr15 gr13
    40ac:	84 c3 0f 00 	add gr12 gr12 gr15
    40b0:	80 00 00 00 	nop
    40b4:	80 50 00 0f 	movc2g gr5
    40b8:	94 50 24 15 	movigl gr5 241 <.L0 +0x3a>
    40bc:	94 50 00 01 	movigh gr5 0 <Cla1Task1>
    40c0:	95 54 01 15 	movigl gr21 4011 <$line_table_start0+0x1120>
    40c4:	95 50 00 01 	movigh gr21 0 <Cla1Task1>
    40c8:	80 05 40 0b 	movg2c gr21
    40cc:	84 c3 15 00 	add gr12 gr12 gr21
    40d0:	84 d3 45 06 	xor gr13 gr13 gr5
    40d4:	84 e3 8c 00 	add gr14 gr14 gr12
    40d8:	84 f3 cd 06 	xor gr15 gr15 gr13
    40dc:	84 c3 0f 00 	add gr12 gr12 gr15
    40e0:	80 00 00 00 	nop
    40e4:	80 60 00 0f 	movc2g gr6
    40e8:	94 60 24 25 	movigl gr6 242 <.L0 +0x3b>
    40ec:	94 60 00 01 	movigh gr6 0 <Cla1Task1>
    40f0:	95 64 00 15 	movigl gr22 4001 <$line_table_start0+0x1110>
    40f4:	95 60 00 01 	movigh gr22 0 <Cla1Task1>
    40f8:	80 05 80 0b 	movg2c gr22
    40fc:	84 c3 16 00 	add gr12 gr12 gr22
    4100:	84 d3 46 06 	xor gr13 gr13 gr6
    4104:	84 e3 8c 00 	add gr14 gr14 gr12
    4108:	84 f3 cd 06 	xor gr15 gr15 gr13
    410c:	84 c3 0f 00 	add gr12 gr12 gr15
    4110:	80 00 00 00 	nop
    4114:	80 70 00 0f 	movc2g gr7
    4118:	94 70 24 35 	movigl gr7 243 <.L0 +0x3c>
    411c:	94 70 00 01 	movigh gr7 0 <Cla1Task1>
    4120:	95 74 00 15 	movigl gr23 4001 <$line_table_start0+0x1110>
    4124:	95 70 00 01 	movigh gr23 0 <Cla1Task1>
    4128:	80 05 c0 0b 	movg2c gr23
    412c:	84 c3 17 00 	add gr12 gr12 gr23
    4130:	84 d3 47 06 	xor gr13 gr13 gr7
    4134:	84 e3 8c 00 	add gr14 gr14 gr12
    4138:	84 f3 cd 06 	xor gr15 gr15 gr13
    413c:	84 c3 0f 00 	add gr12 gr12 gr15
    4140:	80 00 00 00 	nop
    4144:	80 80 00 0f 	movc2g gr8
    4148:	94 80 24 45 	movigl gr8 244 <.L0 +0x3d>
    414c:	94 80 00 01 	movigh gr8 0 <Cla1Task1>
    4150:	95 84 01 15 	movigl gr24 4011 <$line_table_start0+0x1120>
    4154:	95 80 00 01 	movigh gr24 0 <Cla1Task1>
    4158:	80 06 00 0b 	movg2c gr24
    415c:	84 c3 18 00 	add gr12 gr12 gr24
    4160:	84 d3 48 06 	xor gr13 gr13 gr8
    4164:	84 e3 8c 00 	add gr14 gr14 gr12
    4168:	84 f3 cd 06 	xor gr15 gr15 gr13
    416c:	84 c3 0f 00 	add gr12 gr12 gr15
    4170:	80 00 00 00 	nop
    4174:	80 90 00 0f 	movc2g gr9
    4178:	94 90 24 55 	movigl gr9 245 <.L0 +0x3e>
    417c:	94 90 00 01 	movigh gr9 0 <Cla1Task1>
    4180:	95 94 00 15 	movigl gr25 4001 <$line_table_start0+0x1110>
    4184:	95 90 00 01 	movigh gr25 0 <Cla1Task1>
    4188:	80 06 40 0b 	movg2c gr25
    418c:	84 c3 19 00 	add gr12 gr12 gr25
    4190:	84 d3 49 06 	xor gr13 gr13 gr9
    4194:	84 e3 8c 00 	add gr14 gr14 gr12
    4198:	84 f3 cd 06 	xor gr15 gr15 gr13
    419c:	84 c3 0f 00 	add gr12 gr12 gr15
    41a0:	80 00 00 00 	nop
    41a4:	80 a0 00 0f 	movc2g gr10
    41a8:	94 a0 24 65 	movigl gr10 246 <.L0 +0x3f>
    41ac:	94 a0 00 01 	movigh gr10 0 <Cla1Task1>
    41b0:	95 a4 00 15 	movigl gr26 4001 <$line_table_start0+0x1110>
    41b4:	95 a0 00 01 	movigh gr26 0 <Cla1Task1>
    41b8:	80 06 80 0b 	movg2c gr26
    41bc:	84 c3 1a 00 	add gr12 gr12 gr26
    41c0:	84 d3 4a 06 	xor gr13 gr13 gr10
    41c4:	84 e3 8c 00 	add gr14 gr14 gr12
    41c8:	84 f3 cd 06 	xor gr15 gr15 gr13
    41cc:	84 c3 0f 00 	add gr12 gr12 gr15
    41d0:	80 00 00 00 	nop
    41d4:	80 b0 00 0f 	movc2g gr11
    41d8:	94 b0 24 75 	movigl gr11 247 <.L0 +0x40>
    41dc:	94 b0 00 01 	movigh gr11 0 <Cla1Task1>
    41e0:	95 b4 01 15 	movigl gr27 4011 <$line_table_start0+0x1120>
    41e4:	95 b0 00 01 	movigh gr27 0 <Cla1Task1>
    41e8:	80 06 c0 0b 	movg2c gr27
    41ec:	84 c3 1b 00 	add gr12 gr12 gr27
    41f0:	84 d3 4b 06 	xor gr13 gr13 gr11
    41f4:	84 e3 8c 00 	add gr14 gr14 gr12
    41f8:	84 f3 cd 06 	xor gr15 gr15 gr13
    41fc:	84 c3 0f 00 	add gr12 gr12 gr15
    4200:	80 00 00 00 	nop
    4204:	80 40 00 0f 	movc2g gr4
    4208:	94 40 24 85 	movigl gr4 248 <.L0 +0x41>
    420c:	94 40 00 01 	movigh gr4 0 <Cla1Task1>
    4210:	95 44 00 15 	movigl gr20 4001 <$line_table_start0+0x1110>
    4214:	95 40 00 01 	movigh gr20 0 <Cla1Task1>
    4218:	80 05 00 0b 	movg2c gr20
    421c:	84 c3 14 00 	add gr12 gr12 gr20
    4220:	84 d3 44 06 	xor gr13 gr13 gr4
    4224:	84 e3 8c 00 	add gr14 gr14 gr12
    4228:	84 f3 cd 06 	xor gr15 gr15 gr13
    422c:	84 c3 0f 00 	add gr12 gr12 gr15
    4230:	80 00 00 00 	nop
    4234:	80 50 00 0f 	movc2g gr5
    4238:	94 50 24 95 	movigl gr5 249 <.L0 +0x42>
    423c:	94 50 00 01 	movigh gr5 0 <Cla1Task1>
    4240:	95 54 00 15 	movigl gr21 4001 <$line_table_start0+0x1110>
    4244:	95 50 00 01 	movigh gr21 0 <Cla1Task1>
    4248:	80 05 40 0b 	movg2c gr21
    424c:	84 c3 15 00 	add gr12 gr12 gr21
    4250:	84 d3 45 06 	xor gr13 gr13 gr5
    4254:	84 e3 8c 00 	add gr14 gr14 gr12
    4258:	84 f3 cd 06 	xor gr15 gr15 gr13
    425c:	84 c3 0f 00 	add gr12 gr12 gr15
    4260:	80 00 00 00 	nop
    4264:	80 60 00 0f 	movc2g gr6
    4268:	94 60 24 a5 	movigl gr6 24a <.L0 +0x43>
    426c:	94 60 00 01 	movigh gr6 0 <Cla1Task1>
    4270:	95 64 01 15 	movigl gr22 4011 <$line_table_start0+0x1120>
    4274:	95 60 00 01 	movigh gr22 0 <Cla1Task1>
    4278:	80 05 80 0b 	movg2c gr22
    427c:	84 c3 16 00 	add gr12 gr12 gr22
    4280:	84 d3 46 06 	xor gr13 gr13 gr6
    4284:	84 e3 8c 00 	add gr14 gr14 gr12
    4288:	84 f3 cd 06 	xor gr15 gr15 gr13
    428c:	84 c3 0f 00 	add gr12 gr12 gr15
    4290:	80 00 00 00 	nop
    4294:	80 70 00 0f 	movc2g gr7
    4298:	94 70 24 b5 	movigl gr7 24b <.L0 +0x44>
    429c:	94 70 00 01 	movigh gr7 0 <Cla1Task1>
    42a0:	95 74 00 15 	movigl gr23 4001 <$line_table_start0+0x1110>
    42a4:	95 70 00 01 	movigh gr23 0 <Cla1Task1>
    42a8:	80 05 c0 0b 	movg2c gr23
    42ac:	84 c3 17 00 	add gr12 gr12 gr23
    42b0:	84 d3 47 06 	xor gr13 gr13 gr7
    42b4:	84 e3 8c 00 	add gr14 gr14 gr12
    42b8:	84 f3 cd 06 	xor gr15 gr15 gr13
    42bc:	84 c3 0f 00 	add gr12 gr12 gr15
    42c0:	80 00 00 00 	nop
    42c4:	80 80 00 0f 	movc2g gr8
    42c8:	94 80 24 c5 	movigl gr8 24c <.L0 +0x45>
    42cc:	94 80 00 01 	movigh gr8 0 <Cla1Task1>
    42d0:	95 84 00 15 	movigl gr24 4001 <$line_table_start0+0x1110>
    42d4:	95 80 00 01 	movigh gr24 0 <Cla1Task1>
    42d8:	80 06 00 0b 	movg2c gr24
    42dc:	84 c3 18 00 	add gr12 gr12 gr24
    42e0:	84 d3 48 06 	xor gr13 gr13 gr8
    42e4:	84 e3 8c 00 	add gr14 gr14 gr12
    42e8:	84 f3 cd 06 	xor gr15 gr15 gr13
    42ec:	84 c3 0f 00 	add gr12 gr12 gr15
    42f0:	80 00 00 00 	nop
    42f4:	80 90 00 0f 	movc2g gr9
    42f8:	94 90 24 d5 	movigl gr9 24d <.L0 +0x46>
    42fc:	94 90 00 01 	movigh gr9 0 <Cla1Task1>
    4300:	95 94 01 15 	movigl gr25 4011 <$line_table_start0+0x1120>
    4304:	95 90 00 01 	movigh gr25 0 <Cla1Task1>
    4308:	80 06 40 0b 	movg2c gr25
    430c:	84 c3 19 00 	add gr12 gr12 gr25
    4310:	84 d3 49 06 	xor gr13 gr13 gr9
    4314:	84 e3 8c 00 	add gr14 gr14 gr12
    4318:	84 f3 cd 06 	xor gr15 gr15 gr13
    431c:	84 c3 0f 00 	add gr12 gr12 gr15
    4320:	80 00 00 00 	nop
    4324:	80 a0 00 0f 	movc2g gr10
    4328:	94 a0 24 e5 	movigl gr10 24e <.L0 +0x47>
    432c:	94 a0 00 01 	movigh gr10 0 <Cla1Task1>
    4330:	95 a4 00 15 	movigl gr26 4001 <$line_table_start0+0x1110>
    4334:	95 a0 00 01 	movigh gr26 0 <Cla1Task1>
    4338:	80 06 80 0b 	movg2c gr26
    433c:	84 c3 1a 00 	add gr12 gr12 gr26
    4340:	84 d3 4a 06 	xor gr13 gr13 gr10
    4344:	84 e3 8c 00 	add gr14 gr14 gr12
    4348:	84 f3 cd 06 	xor gr15 gr15 gr13
    434c:	84 c3 0f 00 	add gr12 gr12 gr15
    4350:	80 00 00 00 	nop
    4354:	80 b0 00 0f 	movc2g gr11
    4358:	94 b0 24 f5 	movigl gr11 24f <.L0 +0x48>
    435c:	94 b0 00 01 	movigh gr11 0 <Cla1Task1>
    4360:	95 b4 00 15 	movigl gr27 4001 <$line_table_start0+0x1110>
    4364:	95 b0 00 01 	movigh gr27 0 <Cla1Task1>
    4368:	80 06 c0 0b 	movg2c gr27
    436c:	84 c3 1b 00 	add gr12 gr12 gr27
    4370:	84 d3 4b 06 	xor gr13 gr13 gr11
    4374:	84 e3 8c 00 	add gr14 gr14 gr12
    4378:	84 f3 cd 06 	xor gr15 gr15 gr13
    437c:	84 c3 0f 00 	add gr12 gr12 gr15
    4380:	80 00 00 00 	nop
    4384:	80 40 00 0f 	movc2g gr4
    4388:	94 40 25 05 	movigl gr4 250 <.L0 +0x49>
    438c:	94 40 00 01 	movigh gr4 0 <Cla1Task1>
    4390:	95 44 01 15 	movigl gr20 4011 <$line_table_start0+0x1120>
    4394:	95 40 00 01 	movigh gr20 0 <Cla1Task1>
    4398:	80 05 00 0b 	movg2c gr20
    439c:	84 c3 14 00 	add gr12 gr12 gr20
    43a0:	84 d3 44 06 	xor gr13 gr13 gr4
    43a4:	84 e3 8c 00 	add gr14 gr14 gr12
    43a8:	84 f3 cd 06 	xor gr15 gr15 gr13
    43ac:	84 c3 0f 00 	add gr12 gr12 gr15
    43b0:	80 00 00 00 	nop
    43b4:	80 50 00 0f 	movc2g gr5
    43b8:	94 50 25 15 	movigl gr5 251 <.L0 +0x4a>
    43bc:	94 50 00 01 	movigh gr5 0 <Cla1Task1>
    43c0:	95 54 00 15 	movigl gr21 4001 <$line_table_start0+0x1110>
    43c4:	95 50 00 01 	movigh gr21 0 <Cla1Task1>
    43c8:	80 05 40 0b 	movg2c gr21
    43cc:	84 c3 15 00 	add gr12 gr12 gr21
    43d0:	84 d3 45 06 	xor gr13 gr13 gr5
    43d4:	84 e3 8c 00 	add gr14 gr14 gr12
    43d8:	84 f3 cd 06 	xor gr15 gr15 gr13
    43dc:	84 c3 0f 00 	add gr12 gr12 gr15
    43e0:	80 00 00 00 	nop
    43e4:	80 60 00 0f 	movc2g gr6
    43e8:	94 60 25 25 	movigl gr6 252 <.L0 +0x4b>
    43ec:	94 60 00 01 	movigh gr6 0 <Cla1Task1>
    43f0:	95 64 00 15 	movigl gr22 4001 <$line_table_start0+0x1110>
    43f4:	95 60 00 01 	movigh gr22 0 <Cla1Task1>
    43f8:	80 05 80 0b 	movg2c gr22
    43fc:	84 c3 16 00 	add gr12 gr12 gr22
    4400:	84 d3 46 06 	xor gr13 gr13 gr6
    4404:	84 e3 8c 00 	add gr14 gr14 gr12
    4408:	84 f3 cd 06 	xor gr15 gr15 gr13
    440c:	84 c3 0f 00 	add gr12 gr12 gr15
    4410:	80 00 00 00 	nop
    4414:	80 70 00 0f 	movc2g gr7
    4418:	94 70 25 35 	movigl gr7 253 <.L0 +0x4c>
    441c:	94 70 00 01 	movigh gr7 0 <Cla1Task1>
    4420:	95 74 01 15 	movigl gr23 4011 <$line_table_start0+0x1120>
    4424:	95 70 00 01 	movigh gr23 0 <Cla1Task1>
    4428:	80 05 c0 0b 	movg2c gr23
    442c:	84 c3 17 00 	add gr12 gr12 gr23
    4430:	84 d3 47 06 	xor gr13 gr13 gr7
    4434:	84 e3 8c 00 	add gr14 gr14 gr12
    4438:	84 f3 cd 06 	xor gr15 gr15 gr13
    443c:	84 c3 0f 00 	add gr12 gr12 gr15
    4440:	80 00 00 00 	nop
    4444:	80 80 00 0f 	movc2g gr8
    4448:	94 80 25 45 	movigl gr8 254 <.L0 +0x4d>
    444c:	94 80 00 01 	movigh gr8 0 <Cla1Task1>
    4450:	95 84 00 15 	movigl gr24 4001 <$line_table_start0+0x1110>
    4454:	95 80 00 01 	movigh gr24 0 <Cla1Task1>
    4458:	80 06 00 0b 	movg2c gr24
    445c:	84 c3 18 00 	add gr12 gr12 gr24
    4460:	84 d3 48 06 	xor gr13 gr13 gr8
    4464:	84 e3 8c 00 	add gr14 gr14 gr12
    4468:	84 f3 cd 06 	xor gr15 gr15 gr13
    446c:	84 c3 0f 00 	add gr12 gr12 gr15
    4470:	80 00 00 00 	nop
    4474:	80 90 00 0f 	movc2g gr9
    4478:	94 90 25 55 	movigl gr9 255 <.L0 +0x4e>
    447c:	94 90 00 01 	movigh gr9 0 <Cla1Task1>
    4480:	95 94 00 15 	movigl gr25 4001 <$line_table_start0+0x1110>
    4484:	95 90 00 01 	movigh gr25 0 <Cla1Task1>
    4488:	80 06 40 0b 	movg2c gr25
    448c:	84 c3 19 00 	add gr12 gr12 gr25
    4490:	84 d3 49 06 	xor gr13 gr13 gr9
    4494:	84 e3 8c 00 	add gr14 gr14 gr12
    4498:	84 f3 cd 06 	xor gr15 gr15 gr13
    449c:	84 c3 0f 00 	add gr12 gr12 gr15
    44a0:	80 00 00 00 	nop
    44a4:	80 a0 00 0f 	movc2g gr10
    44a8:	94 a0 25 65 	movigl gr10 256 <.L0 +0x4f>
    44ac:	94 a0 00 01 	movigh gr10 0 <Cla1Task1>
    44b0:	95 a4 01 15 	movigl gr26 4011 <$line_table_start0+0x1120>
    44b4:	95 a0 00 01 	movigh gr26 0 <Cla1Task1>
    44b8:	80 06 80 0b 	movg2c gr26
    44bc:	84 c3 1a 00 	add gr12 gr12 gr26
    44c0:	84 d3 4a 06 	xor gr13 gr13 gr10
    44c4:	84 e3 8c 00 	add gr14 gr14 gr12
    44c8:	84 f3 cd 06 	xor gr15 gr15 gr13
    44cc:	84 c3 0f 00 	add gr12 gr12 gr15
    44d0:	80 00 00 00 	nop
    44d4:	80 b0 00 0f 	movc2g gr11
    44d8:	94 b0 25 75 	movigl gr11 257 <.L0 +0x50>
    44dc:	94 b0 00 01 	movigh gr11 0 <Cla1Task1>
    44e0:	95 b4 00 15 	movigl gr27 4001 <$line_table_start0+0x1110>
    44e4:	95 b0 00 01 	movigh gr27 0 <Cla1Task1>
    44e8:	80 06 c0 0b 	movg2c gr27
    44ec:	84 c3 1b 00 	add gr12 gr12 gr27
    44f0:	84 d3 4b 06 	xor gr13 gr13 gr11
    44f4:	84 e3 8c 00 	add gr14 gr14 gr12
    44f8:	84 f3 cd 06 	xor gr15 gr15 gr13
    44fc:	84 c3 0f 00 	add gr12 gr12 gr15
    4500:	80 00 00 00 	nop
    4504:	80 40 00 0f 	movc2g gr4
    4508:	94 40 25 85 	movigl gr4 258 <.L0 +0x51>
    450c:	94 40 00 01 	movigh gr4 0 <Cla1Task1>
    4510:	95 44 00 15 	movigl gr20 4001 <$line_table_start0+0x1110>
    4514:	95 40 00 01 	movigh gr20 0 <Cla1Task1>
    4518:	80 05 00 0b 	movg2c gr20
    451c:	84 c3 14 00 	add gr12 gr12 gr20
    4520:	84 d3 44 06 	xor gr13 gr13 gr4
    4524:	84 e3 8c 00 	add gr14 gr14 gr12
    4528:	84 f3 cd 06 	xor gr15 gr15 gr13
    452c:	84 c3 0f 00 	add gr12 gr12 gr15
    4530:	80 00 00 00 	nop
    4534:	80 50 00 0f 	movc2g gr5
    4538:	94 50 25 95 	movigl gr5 259 <.L0 +0x52>
    453c:	94 50 00 01 	movigh gr5 0 <Cla1Task1>
    4540:	95 54 01 15 	movigl gr21 4011 <$line_table_start0+0x1120>
    4544:	95 50 00 01 	movigh gr21 0 <Cla1Task1>
    4548:	80 05 40 0b 	movg2c gr21
    454c:	84 c3 15 00 	add gr12 gr12 gr21
    4550:	84 d3 45 06 	xor gr13 gr13 gr5
    4554:	84 e3 8c 00 	add gr14 gr14 gr12
    4558:	84 f3 cd 06 	xor gr15 gr15 gr13
    455c:	84 c3 0f 00 	add gr12 gr12 gr15
    4560:	80 00 00 00 	nop
    4564:	80 60 00 0f 	movc2g gr6
    4568:	94 60 25 a5 	movigl gr6 25a <.L0 +0x53>
    456c:	94 60 00 01 	movigh gr6 0 <Cla1Task1>
    4570:	95 64 00 15 	movigl gr22 4001 <$line_table_start0+0x1110>
    4574:	95 60 00 01 	movigh gr22 0 <Cla1Task1>
    4578:	80 05 80 0b 	movg2c gr22
    457c:	84 c3 16 00 	add gr12 gr12 gr22
    4580:	84 d3 46 06 	xor gr13 gr13 gr6
    4584:	84 e3 8c 00 	add gr14 gr14 gr12
    4588:	84 f3 cd 06 	xor gr15 gr15 gr13
    458c:	84 c3 0f 00 	add gr12 gr12 gr15
    4590:	80 00 00 00 	nop
    4594:	80 70 00 0f 	movc2g gr7
    4598:	94 70 25 b5 	movigl gr7 25b <.L0 +0x54>
    459c:	94 70 00 01 	movigh gr7 0 <Cla1Task1>
    45a0:	95 74 00 15 	movigl gr23 4001 <$line_table_start0+0x1110>
    45a4:	95 70 00 01 	movigh gr23 0 <Cla1Task1>
    45a8:	80 05 c0 0b 	movg2c gr23
    45ac:	84 c3 17 00 	add gr12 gr12 gr23
    45b0:	84 d3 47 06 	xor gr13 gr13 gr7
    45b4:	84 e3 8c 00 	add gr14 gr14 gr12
    45b8:	84 f3 cd 06 	xor gr15 gr15 gr13
    45bc:	84 c3 0f 00 	add gr12 gr12 gr15
    45c0:	80 00 00 00 	nop
    45c4:	80 80 00 0f 	movc2g gr8
    45c8:	94 80 25 c5 	movigl gr8 25c <.L0 +0x55>
    45cc:	94 80 00 01 	movigh gr8 0 <Cla1Task1>
    45d0:	95 84 01 15 	movigl gr24 4011 <$line_table_start0+0x1120>
    45d4:	95 80 00 01 	movigh gr24 0 <Cla1Task1>
    45d8:	80 06 00 0b 	movg2c gr24
    45dc:	84 c3 18 00 	add gr12 gr12 gr24
    45e0:	84 d3 48 06 	xor gr13 gr13 gr8
    45e4:	84 e3 8c 00 	add gr14 gr14 gr12
    45e8:	84 f3 cd 06 	xor gr15 gr15 gr13
    45ec:	84 c3 0f 00 	add gr12 gr12 gr15
    45f0:	80 00 00 00 	nop
    45f4:	80 90 00 0f 	movc2g gr9
    45f8:	94 90 25 d5 	movigl gr9 25d <.L0 +0x56>
    45fc:	94 90 00 01 	movigh gr9 0 <Cla1Task1>
    4600:	95 94 00 15 	movigl gr25 4001 <$line_table_start0+0x1110>
    4604:	95 90 00 01 	movigh gr25 0 <Cla1Task1>
    4608:	80 06 40 0b 	movg2c gr25
    460c:	84 c3 19 00 	add gr12 gr12 gr25
    4610:	84 d3 49 06 	xor gr13 gr13 gr9
    4614:	84 e3 8c 00 	add gr14 gr14 gr12
    4618:	84 f3 cd 06 	xor gr15 gr15 gr13
    461c:	84 c3 0f 00 	add gr12 gr12 gr15
    4620:	80 00 00 00 	nop
    4624:	80 a0 00 0f 	movc2g gr10
    4628:	94 a0 25 e5 	movigl gr10 25e <.L0 +0x57>
    462c:	94 a0 00 01 	movigh gr10 0 <Cla1Task1>
    4630:	95 a4 00 15 	movigl gr26 4001 <$line_table_start0+0x1110>
    4634:	95 a0 00 01 	movigh gr26 0 <Cla1Task1>
    4638:	80 06 80 0b 	movg2c gr26
    463c:	84 c3 1a 00 	add gr12 gr12 gr26
    4640:	84 d3 4a 06 	xor gr13 gr13 gr10
    4644:	84 e3 8c 00 	add gr14 gr14 gr12
    4648:	84 f3 cd 06 	xor gr15 gr15 gr13
    464c:	84 c3 0f 00 	add gr12 gr12 gr15
    4650:	80 00 00 00 	nop
    4654:	80 b0 00 0f 	movc2g gr11
    4658:	94 b0 25 f5 	movigl gr11 25f <.L0 +0x58>
    465c:	94 b0 00 01 	movigh gr11 0 <Cla1Task1>
    4660:	95 b4 01 15 	movigl gr27 4011 <$line_table_start0+0x1120>
    4664:	95 b0 00 01 	movigh gr27 0 <Cla1Task1>
    4668:	80 06 c0 0b 	movg2c gr27
    466c:	84 c3 1b 00 	add gr12 gr12 gr27
    4670:	84 d3 4b 06 	xor gr13 gr13 gr11
    4674:	84 e3 8c 00 	add gr14 gr14 gr12
    4678:	84 f3 cd 06 	xor gr15 gr15 gr13
    467c:	84 c3 0f 00 	add gr12 gr12 gr15
    4680:	80 00 00 00 	nop
    4684:	80 40 00 0f 	movc2g gr4
    4688:	94 40 26 05 	movigl gr4 260 <.L0 +0x59>
    468c:	94 40 00 01 	movigh gr4 0 <Cla1Task1>
    4690:	95 44 00 15 	movigl gr20 4001 <$line_table_start0+0x1110>
    4694:	95 40 00 01 	movigh gr20 0 <Cla1Task1>
    4698:	80 05 00 0b 	movg2c gr20
    469c:	84 c3 14 00 	add gr12 gr12 gr20
    46a0:	84 d3 44 06 	xor gr13 gr13 gr4
    46a4:	84 e3 8c 00 	add gr14 gr14 gr12
    46a8:	84 f3 cd 06 	xor gr15 gr15 gr13
    46ac:	84 c3 0f 00 	add gr12 gr12 gr15
    46b0:	80 00 00 00 	nop
    46b4:	80 50 00 0f 	movc2g gr5
    46b8:	94 50 26 15 	movigl gr5 261 <.L0 +0x5a>
    46bc:	94 50 00 01 	movigh gr5 0 <Cla1Task1>
    46c0:	95 54 00 15 	movigl gr21 4001 <$line_table_start0+0x1110>
    46c4:	95 50 00 01 	movigh gr21 0 <Cla1Task1>
    46c8:	80 05 40 0b 	movg2c gr21
    46cc:	84 c3 15 00 	add gr12 gr12 gr21
    46d0:	84 d3 45 06 	xor gr13 gr13 gr5
    46d4:	84 e3 8c 00 	add gr14 gr14 gr12
    46d8:	84 f3 cd 06 	xor gr15 gr15 gr13
    46dc:	84 c3 0f 00 	add gr12 gr12 gr15
    46e0:	80 00 00 00 	nop
    46e4:	80 60 00 0f 	movc2g gr6
    46e8:	94 60 26 25 	movigl gr6 262 <.L0 +0x5b>
    46ec:	94 60 00 01 	movigh gr6 0 <Cla1Task1>
    46f0:	95 64 01 15 	movigl gr22 4011 <$line_table_start0+0x1120>
    46f4:	95 60 00 01 	movigh gr22 0 <Cla1Task1>
    46f8:	80 05 80 0b 	movg2c gr22
    46fc:	84 c3 16 00 	add gr12 gr12 gr22
    4700:	84 d3 46 06 	xor gr13 gr13 gr6
    4704:	84 e3 8c 00 	add gr14 gr14 gr12
    4708:	84 f3 cd 06 	xor gr15 gr15 gr13
    470c:	84 c3 0f 00 	add gr12 gr12 gr15
    4710:	80 00 00 00 	nop
    4714:	80 70 00 0f 	movc2g gr7
    4718:	94 70 26 35 	movigl gr7 263 <.L0 +0x5c>
    471c:	94 70 00 01 	movigh gr7 0 <Cla1Task1>
    4720:	95 74 00 15 	movigl gr23 4001 <$line_table_start0+0x1110>
    4724:	95 70 00 01 	movigh gr23 0 <Cla1Task1>
    4728:	80 05 c0 0b 	movg2c gr23
    472c:	84 c3 17 00 	add gr12 gr12 gr23
    4730:	84 d3 47 06 	xor gr13 gr13 gr7
    4734:	84 e3 8c 00 	add gr14 gr14 gr12
    4738:	84 f3 cd 06 	xor gr15 gr15 gr13
    473c:	84 c3 0f 00 	add gr12 gr12 gr15
    4740:	80 00 00 00 	nop
    4744:	80 80 00 0f 	movc2g gr8
    4748:	94 80 26 45 	movigl gr8 264 <Cla1Task5>
    474c:	94 80 00 01 	movigh gr8 0 <Cla1Task1>
    4750:	95 84 00 15 	movigl gr24 4001 <$line_table_start0+0x1110>
    4754:	95 80 00 01 	movigh gr24 0 <Cla1Task1>
    4758:	80 06 00 0b 	movg2c gr24
    475c:	84 c3 18 00 	add gr12 gr12 gr24
    4760:	84 d3 48 06 	xor gr13 gr13 gr8
    4764:	84 e3 8c 00 	add gr14 gr14 gr12
    4768:	84 f3 cd 06 	xor gr15 gr15 gr13
    476c:	84 c3 0f 00 	add gr12 gr12 gr15
    4770:	80 00 00 00 	nop
    4774:	80 90 00 0f 	movc2g gr9
    4778:	94 90 26 55 	movigl gr9 265 <Cla1Task5+0x1>
    477c:	94 90 00 01 	movigh gr9 0 <Cla1Task1>
    4780:	95 94 01 15 	movigl gr25 4011 <$line_table_start0+0x1120>
    4784:	95 90 00 01 	movigh gr25 0 <Cla1Task1>
    4788:	80 06 40 0b 	movg2c gr25
    478c:	84 c3 19 00 	add gr12 gr12 gr25
    4790:	84 d3 49 06 	xor gr13 gr13 gr9
    4794:	84 e3 8c 00 	add gr14 gr14 gr12
    4798:	84 f3 cd 06 	xor gr15 gr15 gr13
    479c:	84 c3 0f 00 	add gr12 gr12 gr15
    47a0:	80 00 00 00 	nop
    47a4:	80 a0 00 0f 	movc2g gr10
    47a8:	94 a0 26 65 	movigl gr10 266 <Cla1Task5+0x2>
    47ac:	94 a0 00 01 	movigh gr10 0 <Cla1Task1>
    47b0:	95 a4 00 15 	movigl gr26 4001 <$line_table_start0+0x1110>
    47b4:	95 a0 00 01 	movigh gr26 0 <Cla1Task1>
    47b8:	80 06 80 0b 	movg2c gr26
    47bc:	84 c3 1a 00 	add gr12 gr12 gr26
    47c0:	84 d3 4a 06 	xor gr13 gr13 gr10
    47c4:	84 e3 8c 00 	add gr14 gr14 gr12
    47c8:	84 f3 cd 06 	xor gr15 gr15 gr13
    47cc:	84 c3 0f 00 	add gr12 gr12 gr15
    47d0:	80 00 00 00 	nop
    47d4:	80 b0 00 0f 	movc2g gr11
    47d8:	94 b0 26 75 	movigl gr11 267 <Cla1Task5+0x3>
    47dc:	94 b0 00 01 	movigh gr11 0 <Cla1Task1>
    47e0:	95 b4 00 15 	movigl gr27 4001 <$line_table_start0+0x1110>
    47e4:	95 b0 00 01 	movigh gr27 0 <Cla1Task1>
    47e8:	80 06 c0 0b 	movg2c gr27
    47ec:	84 c3 1b 00 	add gr12 gr12 gr27
    47f0:	84 d3 4b 06 	xor gr13 gr13 gr11
    47f4:	84 e3 8c 00 	add gr14 gr14 gr12
    47f8:	84 f3 cd 06 	xor gr15 gr15 gr13
    47fc:	84 c3 0f 00 	add gr12 gr12 gr15
    4800:	80 00 00 00 	nop
    4804:	80 40 00 0f 	movc2g gr4
    4808:	94 40 26 85 	movigl gr4 268 <Cla1Task5+0x4>
    480c:	94 40 00 01 	movigh gr4 0 <Cla1Task1>
    4810:	95 44 01 15 	movigl gr20 4011 <$line_table_start0+0x1120>
    4814:	95 40 00 01 	movigh gr20 0 <Cla1Task1>
    4818:	80 05 00 0b 	movg2c gr20
    481c:	84 c3 14 00 	add gr12 gr12 gr20
    4820:	84 d3 44 06 	xor gr13 gr13 gr4
    4824:	84 e3 8c 00 	add gr14 gr14 gr12
    4828:	84 f3 cd 06 	xor gr15 gr15 gr13
    482c:	84 c3 0f 00 	add gr12 gr12 gr15
    4830:	80 00 00 00 	nop
    4834:	80 50 00 0f 	movc2g gr5
    4838:	94 50 26 95 	movigl gr5 269 <Cla1Task5+0x5>
    483c:	94 50 00 01 	movigh gr5 0 <Cla1Task1>
    4840:	95 54 00 15 	movigl gr21 4001 <$line_table_start0+0x1110>
    4844:	95 50 00 01 	movigh gr21 0 <Cla1Task1>
    4848:	80 05 40 0b 	movg2c gr21
    484c:	84 c3 15 00 	add gr12 gr12 gr21
    4850:	84 d3 45 06 	xor gr13 gr13 gr5
    4854:	84 e3 8c 00 	add gr14 gr14 gr12
    4858:	84 f3 cd 06 	xor gr15 gr15 gr13
    485c:	84 c3 0f 00 	add gr12 gr12 gr15
    4860:	80 00 00 00 	nop
    4864:	80 60 00 0f 	movc2g gr6
    4868:	94 60 26 a5 	movigl gr6 26a <Cla1Task5+0x6>
    486c:	94 60 00 01 	movigh gr6 0 <Cla1Task1>
    4870:	95 64 00 15 	movigl gr22 4001 <$line_table_start0+0x1110>
    4874:	95 60 00 01 	movigh gr22 0 <Cla1Task1>
    4878:	80 05 80 0b 	movg2c gr22
    487c:	84 c3 16 00 	add gr12 gr12 gr22
    4880:	84 d3 46 06 	xor gr13 gr13 gr6
    4884:	84 e3 8c 00 	add gr14 gr14 gr12
    4888:	84 f3 cd 06 	xor gr15 gr15 gr13
    488c:	84 c3 0f 00 	add gr12 gr12 gr15
    4890:	80 00 00 00 	nop
    4894:	80 70 00 0f 	movc2g gr7
    4898:	94 70 26 b5 	movigl gr7 26b <Cla1Task5+0x7>
    489c:	94 70 00 01 	movigh gr7 0 <Cla1Task1>
    48a0:	95 74 01 15 	movigl gr23 4011 <$line_table_start0+0x1120>
    48a4:	95 70 00 01 	movigh gr23 0 <Cla1Task1>
    48a8:	80 05 c0 0b 	movg2c gr23
    48ac:	84 c3 17 00 	add gr12 gr12 gr23
    48b0:	84 d3 47 06 	xor gr13 gr13 gr7
    48b4:	84 e3 8c 00 	add gr14 gr14 gr12
    48b8:	84 f3 cd 06 	xor gr15 gr15 gr13
    48bc:	84 c3 0f 00 	add gr12 gr12 gr15
    48c0:	80 00 00 00 	nop
    48c4:	80 80 00 0f 	movc2g gr8
    48c8:	94 80 26 c5 	movigl gr8 26c <Cla1Task5+0x8>
    48cc:	94 80 00 01 	movigh gr8 0 <Cla1Task1>
    48d0:	95 84 00 15 	movigl gr24 4001 <$line_table_start0+0x1110>
    48d4:	95 80 00 01 	movigh gr24 0 <Cla1Task1>
    48d8:	80 06 00 0b 	movg2c gr24
    48dc:	84 c3 18 00 	add gr12 gr12 gr24
    48e0:	84 d3 48 06 	xor gr13 gr13 gr8
    48e4:	84 e3 8c 00 	add gr14 gr14 gr12
    48e8:	84 f3 cd 06 	xor gr15 gr15 gr13
    48ec:	84 c3 0f 00 	add gr12 gr12 gr15
    48f0:	80 00 00 00 	nop
    48f4:	80 90 00 0f 	movc2g gr9
    48f8:	94 90 26 d5 	movigl gr9 26d <Cla1Task5+0x9>
    48fc:	94 90 00 01 	movigh gr9 0 <Cla1Task1>
    4900:	95 94 00 15 	movigl gr25 4001 <$line_table_start0+0x1110>
    4904:	95 90 00 01 	movigh gr25 0 <Cla1Task1>
    4908:	80 06 40 0b 	movg2c gr25
    490c:	84 c3 19 00 	add gr12 gr12 gr25
    4910:	84 d3 49 06 	xor gr13 gr13 gr9
    4914:	84 e3 8c 00 	add gr14 gr14 gr12
    4918:	84 f3 cd 06 	xor gr15 gr15 gr13
    491c:	84 c3 0f 00 	add gr12 gr12 gr15
    4920:	80 00 00 00 	nop
    4924:	80 a0 00 0f 	movc2g gr10
    4928:	94 a0 26 e5 	movigl gr10 26e <Cla1Task5+0xa>
    492c:	94 a0 00 01 	movigh gr10 0 <Cla1Task1>
    4930:	95 a4 01 15 	movigl gr26 4011 <$line_table_start0+0x1120>
    4934:	95 a0 00 01 	movigh gr26 0 <Cla1Task1>
    4938:	80 06 80 0b 	movg2c gr26
    493c:	84 c3 1a 00 	add gr12 gr12 gr26
    4940:	84 d3 4a 06 	xor gr13 gr13 gr10
    4944:	84 e3 8c 00 	add gr14 gr14 gr12
    4948:	84 f3 cd 06 	xor gr15 gr15 gr13
    494c:	84 c3 0f 00 	add gr12 gr12 gr15
    4950:	80 00 00 00 	nop
    4954:	80 b0 00 0f 	movc2g gr11
    4958:	94 b0 26 f5 	movigl gr11 26f <Cla1Task5+0xb>
    495c:	94 b0 00 01 	movigh gr11 0 <Cla1Task1>
    4960:	95 b4 00 15 	movigl gr27 4001 <$line_table_start0+0x1110>
    4964:	95 b0 00 01 	movigh gr27 0 <Cla1Task1>
    4968:	80 06 c0 0b 	movg2c gr27
    496c:	84 c3 1b 00 	add gr12 gr12 gr27
    4970:	84 d3 4b 06 	xor gr13 gr13 gr11
    4974:	84 e3 8c 00 	add gr14 gr14 gr12
    4978:	84 f3 cd 06 	xor gr15 gr15 gr13
    497c:	84 c3 0f 00 	add gr12 gr12 gr15
    4980:	80 00 00 00 	nop
    4984:	80 40 00 0f 	movc2g gr4
    4988:	94 40 27 05 	movigl gr4 270 <Cla1Task5+0xc>
    498c:	94 40 00 01 	movigh gr4 0 <Cla1Task1>
    4990:	95 44 00 15 	movigl gr20 4001 <$line_table_start0+0x1110>
    4994:	95 40 00 01 	movigh gr20 0 <Cla1Task1>
    4998:	80 05 00 0b 	movg2c gr20
    499c:	84 c3 14 00 	add gr12 gr12 gr20
    49a0:	84 d3 44 06 	xor gr13 gr13 gr4
    49a4:	84 e3 8c 00 	add gr14 gr14 gr12
    49a8:	84 f3 cd 06 	xor gr15 gr15 gr13
    49ac:	84 c3 0f 00 	add gr12 gr12 gr15
    49b0:	80 00 00 00 	nop
    49b4:	80 50 00 0f 	movc2g gr5
    49b8:	94 50 27 15 	movigl gr5 271 <Cla1Task5+0xd>
    49bc:	94 50 00 01 	movigh gr5 0 <Cla1Task1>
    49c0:	95 54 01 15 	movigl gr21 4011 <$line_table_start0+0x1120>
    49c4:	95 50 00 01 	movigh gr21 0 <Cla1Task1>
    49c8:	80 05 40 0b 	movg2c gr21
    49cc:	84 c3 15 00 	add gr12 gr12 gr21
    49d0:	84 d3 45 06 	xor gr13 gr13 gr5
    49d4:	84 e3 8c 00 	add gr14 gr14 gr12
    49d8:	84 f3 cd 06 	xor gr15 gr15 gr13
    49dc:	84 c3 0f 00 	add gr12 gr12 gr15
    49e0:	80 00 00 00 	nop
    49e4:	80 60 00 0f 	movc2g gr6
    49e8:	94 60 27 25 	movigl gr6 272 <Cla1Task5+0xe>
    49ec:	94 60 00 01 	movigh gr6 0 <Cla1Task1>
    49f0:	95 64 00 15 	movigl gr22 4001 <$line_table_start0+0x1110>
    49f4:	95 60 00 01 	movigh gr22 0 <Cla1Task1>
    49f8:	80 05 80 0b 	movg2c gr22
    49fc:	84 c3 16 00 	add gr12 gr12 gr22
    4a00:	84 d3 46 06 	xor gr13 gr13 gr6
    4a04:	84 e3 8c 00 	add gr14 gr14 gr12
    4a08:	84 f3 cd 06 	xor gr15 gr15 gr13
    4a0c:	84 c3 0f 00 	add gr12 gr12 gr15
    4a10:	80 00 00 00 	nop
    4a14:	80 70 00 0f 	movc2g gr7
    4a18:	94 70 27 35 	movigl gr7 273 <Cla1Task5+0xf>
    4a1c:	94 70 00 01 	movigh gr7 0 <Cla1Task1>
    4a20:	95 74 00 15 	movigl gr23 4001 <$line_table_start0+0x1110>
    4a24:	95 70 00 01 	movigh gr23 0 <Cla1Task1>
    4a28:	80 05 c0 0b 	movg2c gr23
    4a2c:	84 c3 17 00 	add gr12 gr12 gr23
    4a30:	84 d3 47 06 	xor gr13 gr13 gr7
    4a34:	84 e3 8c 00 	add gr14 gr14 gr12
    4a38:	84 f3 cd 06 	xor gr15 gr15 gr13
    4a3c:	84 c3 0f 00 	add gr12 gr12 gr15
    4a40:	80 00 00 00 	nop
    4a44:	80 80 00 0f 	movc2g gr8
    4a48:	94 80 27 45 	movigl gr8 274 <Cla1Task5+0x10>
    4a4c:	94 80 00 01 	movigh gr8 0 <Cla1Task1>
    4a50:	95 84 01 15 	movigl gr24 4011 <$line_table_start0+0x1120>
    4a54:	95 80 00 01 	movigh gr24 0 <Cla1Task1>
    4a58:	80 06 00 0b 	movg2c gr24
    4a5c:	84 c3 18 00 	add gr12 gr12 gr24
    4a60:	84 d3 48 06 	xor gr13 gr13 gr8
    4a64:	84 e3 8c 00 	add gr14 gr14 gr12
    4a68:	84 f3 cd 06 	xor gr15 gr15 gr13
    4a6c:	84 c3 0f 00 	add gr12 gr12 gr15
    4a70:	80 00 00 00 	nop
    4a74:	80 90 00 0f 	movc2g gr9
    4a78:	94 90 27 55 	movigl gr9 275 <Cla1Task5+0x11>
    4a7c:	94 90 00 01 	movigh gr9 0 <Cla1Task1>
    4a80:	95 94 00 15 	movigl gr25 4001 <$line_table_start0+0x1110>
    4a84:	95 90 00 01 	movigh gr25 0 <Cla1Task1>
    4a88:	80 06 40 0b 	movg2c gr25
    4a8c:	84 c3 19 00 	add gr12 gr12 gr25
    4a90:	84 d3 49 06 	xor gr13 gr13 gr9
    4a94:	84 e3 8c 00 	add gr14 gr14 gr12
    4a98:	84 f3 cd 06 	xor gr15 gr15 gr13
    4a9c:	84 c3 0f 00 	add gr12 gr12 gr15
    4aa0:	80 00 00 00 	nop
    4aa4:	80 a0 00 0f 	movc2g gr10
    4aa8:	94 a0 27 65 	movigl gr10 276 <Cla1Task5+0x12>
    4aac:	94 a0 00 01 	movigh gr10 0 <Cla1Task1>
    4ab0:	95 a4 00 15 	movigl gr26 4001 <$line_table_start0+0x1110>
    4ab4:	95 a0 00 01 	movigh gr26 0 <Cla1Task1>
    4ab8:	80 06 80 0b 	movg2c gr26
    4abc:	84 c3 1a 00 	add gr12 gr12 gr26
    4ac0:	84 d3 4a 06 	xor gr13 gr13 gr10
    4ac4:	84 e3 8c 00 	add gr14 gr14 gr12
    4ac8:	84 f3 cd 06 	xor gr15 gr15 gr13
    4acc:	84 c3 0f 00 	add gr12 gr12 gr15
    4ad0:	80 00 00 00 	nop
    4ad4:	80 b0 00 0f 	movc2g gr11
    4ad8:	94 b0 27 75 	movigl gr11 277 <Cla1Task5+0x13>
    4adc:	94 b0 00 01 	movigh gr11 0 <Cla1Task1>
    4ae0:	95 b4 01 15 	movigl gr27 4011 <$line_table_start0+0x1120>
    4ae4:	95 b0 00 01 	movigh gr27 0 <Cla1Task1>
    4ae8:	80 06 c0 0b 	movg2c gr27
    4aec:	84 c3 1b 00 	add gr12 gr12 gr27
    4af0:	84 d3 4b 06 	xor gr13 gr13 gr11
    4af4:	84 e3 8c 00 	add gr14 gr14 gr12
    4af8:	84 f3 cd 06 	xor gr15 gr15 gr13
    4afc:	84 c3 0f 00 	add gr12 gr12 gr15
    4b00:	80 00 00 00 	nop
    4b04:	80 40 00 0f 	movc2g gr4
    4b08:	94 40 27 85 	movigl gr4 278 <.L0 >
    4b0c:	94 40 00 01 	movigh gr4 0 <Cla1Task1>
    4b10:	95 44 00 15 	movigl gr20 4001 <$line_table_start0+0x1110>
    4b14:	95 40 00 01 	movigh gr20 0 <Cla1Task1>
    4b18:	80 05 00 0b 	movg2c gr20
    4b1c:	84 c3 14 00 	add gr12 gr12 gr20
    4b20:	84 d3 44 06 	xor gr13 gr13 gr4
    4b24:	84 e3 8c 00 	add gr14 gr14 gr12
    4b28:	84 f3 cd 06 	xor gr15 gr15 gr13
    4b2c:	84 c3 0f 00 	add gr12 gr12 gr15
    4b30:	80 00 00 00 	nop
    4b34:	80 50 00 0f 	movc2g gr5
    4b38:	94 50 27 95 	movigl gr5 279 <.L0 +0x1>
    4b3c:	94 50 00 01 	movigh gr5 0 <Cla1Task1>
    4b40:	95 54 00 15 	movigl gr21 4001 <$line_table_start0+0x1110>
    4b44:	95 50 00 01 	movigh gr21 0 <Cla1Task1>
    4b48:	80 05 40 0b 	movg2c gr21
    4b4c:	84 c3 15 00 	add gr12 gr12 gr21
    4b50:	84 d3 45 06 	xor gr13 gr13 gr5
    4b54:	84 e3 8c 00 	add gr14 gr14 gr12
    4b58:	84 f3 cd 06 	xor gr15 gr15 gr13
    4b5c:	84 c3 0f 00 	add gr12 gr12 gr15
    4b60:	80 00 00 00 	nop
    4b64:	80 60 00 0f 	movc2g gr6
    4b68:	94 60 27 a5 	movigl gr6 27a <.L0 +0x2>
    4b6c:	94 60 00 01 	movigh gr6 0 <Cla1Task1>
    4b70:	95 64 01 15 	movigl gr22 4011 <$line_table_start0+0x1120>
    4b74:	95 60 00 01 	movigh gr22 0 <Cla1Task1>
    4b78:	80 05 80 0b 	movg2c gr22
    4b7c:	84 c3 16 00 	add gr12 gr12 gr22
    4b80:	84 d3 46 06 	xor gr13 gr13 gr6
    4b84:	84 e3 8c 00 	add gr14 gr14 gr12
    4b88:	84 f3 cd 06 	xor gr15 gr15 gr13
    4b8c:	84 c3 0f 00 	add gr12 gr12 gr15
    4b90:	80 00 00 00 	nop
    4b94:	80 70 00 0f 	movc2g gr7
    4b98:	94 70 27 b5 	movigl gr7 27b <.L0 +0x3>
    4b9c:	94 70 00 01 	movigh gr7 0 <Cla1Task1>
    4ba0:	95 74 00 15 	movigl gr23 4001 <$line_table_start0+0x1110>
    4ba4:	95 70 00 01 	movigh gr23 0 <Cla1Task1>
    4ba8:	80 05 c0 0b 	movg2c gr23
    4bac:	84 c3 17 00 	add gr12 gr12 gr23
    4bb0:	84 d3 47 06 	xor gr13 gr13 gr7
    4bb4:	84 e3 8c 00 	add gr14 gr14 gr12
    4bb8:	84 f3 cd 06 	xor gr15 gr15 gr13
    4bbc:	84 c3 0f 00 	add gr12 gr12 gr15
    4bc0:	80 00 00 00 	nop
    4bc4:	80 80 00 0f 	movc2g gr8
    4bc8:	94 80 27 c5 	movigl gr8 27c <.L0 +0x4>
    4bcc:	94 80 00 01 	movigh gr8 0 <Cla1Task1>
    4bd0:	95 84 00 15 	movigl gr24 4001 <$line_table_start0+0x1110>
    4bd4:	95 80 00 01 	movigh gr24 0 <Cla1Task1>
    4bd8:	80 06 00 0b 	movg2c gr24
    4bdc:	84 c3 18 00 	add gr12 gr12 gr24
    4be0:	84 d3 48 06 	xor gr13 gr13 gr8
    4be4:	84 e3 8c 00 	add gr14 gr14 gr12
    4be8:	84 f3 cd 06 	xor gr15 gr15 gr13
    4bec:	84 c3 0f 00 	add gr12 gr12 gr15
    4bf0:	80 00 00 00 	nop
    4bf4:	80 90 00 0f 	movc2g gr9
    4bf8:	94 90 27 d5 	movigl gr9 27d <.L0 +0x5>
    4bfc:	94 90 00 01 	movigh gr9 0 <Cla1Task1>
    4c00:	95 94 01 15 	movigl gr25 4011 <$line_table_start0+0x1120>
    4c04:	95 90 00 01 	movigh gr25 0 <Cla1Task1>
    4c08:	80 06 40 0b 	movg2c gr25
    4c0c:	84 c3 19 00 	add gr12 gr12 gr25
    4c10:	84 d3 49 06 	xor gr13 gr13 gr9
    4c14:	84 e3 8c 00 	add gr14 gr14 gr12
    4c18:	84 f3 cd 06 	xor gr15 gr15 gr13
    4c1c:	84 c3 0f 00 	add gr12 gr12 gr15
    4c20:	80 00 00 00 	nop
    4c24:	80 a0 00 0f 	movc2g gr10
    4c28:	94 a0 27 e5 	movigl gr10 27e <.L0 +0x6>
    4c2c:	94 a0 00 01 	movigh gr10 0 <Cla1Task1>
    4c30:	95 a4 00 15 	movigl gr26 4001 <$line_table_start0+0x1110>
    4c34:	95 a0 00 01 	movigh gr26 0 <Cla1Task1>
    4c38:	80 06 80 0b 	movg2c gr26
    4c3c:	84 c3 1a 00 	add gr12 gr12 gr26
    4c40:	84 d3 4a 06 	xor gr13 gr13 gr10
    4c44:	84 e3 8c 00 	add gr14 gr14 gr12
    4c48:	84 f3 cd 06 	xor gr15 gr15 gr13
    4c4c:	84 c3 0f 00 	add gr12 gr12 gr15
    4c50:	80 00 00 00 	nop
    4c54:	80 b0 00 0f 	movc2g gr11
    4c58:	94 b0 27 f5 	movigl gr11 27f <.L0 +0x7>
    4c5c:	94 b0 00 01 	movigh gr11 0 <Cla1Task1>
    4c60:	95 b4 00 15 	movigl gr27 4001 <$line_table_start0+0x1110>
    4c64:	95 b0 00 01 	movigh gr27 0 <Cla1Task1>
    4c68:	80 06 c0 0b 	movg2c gr27
    4c6c:	84 c3 1b 00 	add gr12 gr12 gr27
    4c70:	84 d3 4b 06 	xor gr13 gr13 gr11
    4c74:	84 e3 8c 00 	add gr14 gr14 gr12
    4c78:	84 f3 cd 06 	xor gr15 gr15 gr13
    4c7c:	84 c3 0f 00 	add gr12 gr12 gr15
    4c80:	80 00 00 00 	nop
    4c84:	80 40 00 0f 	movc2g gr4
    4c88:	94 40 28 05 	movigl gr4 280 <.L0 +0x8>
    4c8c:	94 40 00 01 	movigh gr4 0 <Cla1Task1>
    4c90:	95 44 01 15 	movigl gr20 4011 <$line_table_start0+0x1120>
    4c94:	95 40 00 01 	movigh gr20 0 <Cla1Task1>
    4c98:	80 05 00 0b 	movg2c gr20
    4c9c:	84 c3 14 00 	add gr12 gr12 gr20
    4ca0:	84 d3 44 06 	xor gr13 gr13 gr4
    4ca4:	84 e3 8c 00 	add gr14 gr14 gr12
    4ca8:	84 f3 cd 06 	xor gr15 gr15 gr13
    4cac:	84 c3 0f 00 	add gr12 gr12 gr15
    4cb0:	80 00 00 00 	nop
    4cb4:	80 50 00 0f 	movc2g gr5
    4cb8:	94 50 28 15 	movigl gr5 281 <.L0 +0x9>
    4cbc:	94 50 00 01 	movigh gr5 0 <Cla1Task1>
    4cc0:	95 54 00 15 	movigl gr21 4001 <$line_table_start0+0x1110>
    4cc4:	95 50 00 01 	movigh gr21 0 <Cla1Task1>
    4cc8:	80 05 40 0b 	movg2c gr21
    4ccc:	84 c3 15 00 	add gr12 gr12 gr21
    4cd0:	84 d3 45 06 	xor gr13 gr13 gr5
    4cd4:	84 e3 8c 00 	add gr14 gr14 gr12
    4cd8:	84 f3 cd 06 	xor gr15 gr15 gr13
    4cdc:	84 c3 0f 00 	add gr12 gr12 gr15
    4ce0:	80 00 00 00 	nop
    4ce4:	80 60 00 0f 	movc2g gr6
    4ce8:	94 60 28 25 	movigl gr6 282 <.L0 +0xa>
    4cec:	94 60 00 01 	movigh gr6 0 <Cla1Task1>
    4cf0:	95 64 00 15 	movigl gr22 4001 <$line_table_start0+0x1110>
    4cf4:	95 60 00 01 	movigh gr22 0 <Cla1Task1>
    4cf8:	80 05 80 0b 	movg2c gr22
    4cfc:	84 c3 16 00 	add gr12 gr12 gr22
    4d00:	84 d3 46 06 	xor gr13 gr13 gr6
    4d04:	84 e3 8c 00 	add gr14 gr14 gr12
    4d08:	84 f3 cd 06 	xor gr15 gr15 gr13
    4d0c:	84 c3 0f 00 	add gr12 gr12 gr15
    4d10:	80 00 00 00 	nop
    4d14:	80 70 00 0f 	movc2g gr7
    4d18:	94 70 28 35 	movigl gr7 283 <.L0 +0xb>
    4d1c:	94 70 00 01 	movigh gr7 0 <Cla1Task1>
    4d20:	95 74 01 15 	movigl gr23 4011 <$line_table_start0+0x1120>
    4d24:	95 70 00 01 	movigh gr23 0 <Cla1Task1>
    4d28:	80 05 c0 0b 	movg2c gr23
    4d2c:	84 c3 17 00 	add gr12 gr12 gr23
    4d30:	84 d3 47 06 	xor gr13 gr13 gr7
    4d34:	84 e3 8c 00 	add gr14 gr14 gr12
    4d38:	84 f3 cd 06 	xor gr15 gr15 gr13
    4d3c:	84 c3 0f 00 	add gr12 gr12 gr15
    4d40:	80 00 00 00 	nop
    4d44:	80 80 00 0f 	movc2g gr8
    4d48:	94 80 28 45 	movigl gr8 284 <.L0 +0xc>
    4d4c:	94 80 00 01 	movigh gr8 0 <Cla1Task1>
    4d50:	95 84 00 15 	movigl gr24 4001 <$line_table_start0+0x1110>
    4d54:	95 80 00 01 	movigh gr24 0 <Cla1Task1>
    4d58:	80 06 00 0b 	movg2c gr24
    4d5c:	84 c3 18 00 	add gr12 gr12 gr24
    4d60:	84 d3 48 06 	xor gr13 gr13 gr8
    4d64:	84 e3 8c 00 	add gr14 gr14 gr12
    4d68:	84 f3 cd 06 	xor gr15 gr15 gr13
    4d6c:	84 c3 0f 00 	add gr12 gr12 gr15
    4d70:	80 00 00 00 	nop
    4d74:	80 90 00 0f 	movc2g gr9
    4d78:	94 90 28 55 	movigl gr9 285 <.L0 +0xd>
    4d7c:	94 90 00 01 	movigh gr9 0 <Cla1Task1>
    4d80:	95 94 00 15 	movigl gr25 4001 <$line_table_start0+0x1110>
    4d84:	95 90 00 01 	movigh gr25 0 <Cla1Task1>
    4d88:	80 06 40 0b 	movg2c gr25
    4d8c:	84 c3 19 00 	add gr12 gr12 gr25
    4d90:	84 d3 49 06 	xor gr13 gr13 gr9
    4d94:	84 e3 8c 00 	add gr14 gr14 gr12
    4d98:	84 f3 cd 06 	xor gr15 gr15 gr13
    4d9c:	84 c3 0f 00 	add gr12 gr12 gr15
    4da0:	80 00 00 00 	nop
    4da4:	80 a0 00 0f 	movc2g gr10
    4da8:	94 a0 28 65 	movigl gr10 286 <.L0 +0xe>
    4dac:	94 a0 00 01 	movigh gr10 0 <Cla1Task1>
    4db0:	95 a4 01 15 	movigl gr26 4011 <$line_table_start0+0x1120>
    4db4:	95 a0 00 01 	movigh gr26 0 <Cla1Task1>
    4db8:	80 06 80 0b 	movg2c gr26
    4dbc:	84 c3 1a 00 	add gr12 gr12 gr26
    4dc0:	84 d3 4a 06 	xor gr13 gr13 gr10
    4dc4:	84 e3 8c 00 	add gr14 gr14 gr12
    4dc8:	84 f3 cd 06 	xor gr15 gr15 gr13
    4dcc:	84 c3 0f 00 	add gr12 gr12 gr15
    4dd0:	80 00 00 00 	nop
    4dd4:	80 b0 00 0f 	movc2g gr11
    4dd8:	94 b0 28 75 	movigl gr11 287 <.L0 +0xf>
    4ddc:	94 b0 00 01 	movigh gr11 0 <Cla1Task1>
    4de0:	95 b4 00 15 	movigl gr27 4001 <$line_table_start0+0x1110>
    4de4:	95 b0 00 01 	movigh gr27 0 <Cla1Task1>
    4de8:	80 06 c0 0b 	movg2c gr27
    4dec:	84 c3 1b 00 	add gr12 gr12 gr27
    4df0:	84 d3 4b 06 	xor gr13 gr13 gr11
    4df4:	84 e3 8c 00 	add gr14 gr14 gr12
    4df8:	84 f3 cd 06 	xor gr15 gr15 gr13
    4dfc:	84 c3 0f 00 	add gr12 gr12 gr15
    4e00:	80 00 00 00 	nop
    4e04:	80 40 00 0f 	movc2g gr4
    4e08:	94 40 28 85 	movigl gr4 288 <.L0 +0x10>
    4e0c:	94 40 00 01 	movigh gr4 0 <Cla1Task1>
    4e10:	95 44 00 15 	movigl gr20 4001 <$line_table_start0+0x1110>
    4e14:	95 40 00 01 	movigh gr20 0 <Cla1Task1>
    4e18:	80 05 00 0b 	movg2c gr20
    4e1c:	84 c3 14 00 	add gr12 gr12 gr20
    4e20:	84 d3 44 06 	xor gr13 gr13 gr4
    4e24:	84 e3 8c 00 	add gr14 gr14 gr12
    4e28:	84 f3 cd 06 	xor gr15 gr15 gr13
    4e2c:	84 c3 0f 00 	add gr12 gr12 gr15
    4e30:	80 00 00 00 	nop
    4e34:	80 50 00 0f 	movc2g gr5
    4e38:	94 50 28 95 	movigl gr5 289 <.L0 +0x11>
    4e3c:	94 50 00 01 	movigh gr5 0 <Cla1Task1>
    4e40:	95 54 01 15 	movigl gr21 4011 <$line_table_start0+0x1120>
    4e44:	95 50 00 01 	movigh gr21 0 <Cla1Task1>
    4e48:	80 05 40 0b 	movg2c gr21
    4e4c:	84 c3 15 00 	add gr12 gr12 gr21
    4e50:	84 d3 45 06 	xor gr13 gr13 gr5
    4e54:	84 e3 8c 00 	add gr14 gr14 gr12
    4e58:	84 f3 cd 06 	xor gr15 gr15 gr13
    4e5c:	84 c3 0f 00 	add gr12 gr12 gr15
    4e60:	80 00 00 00 	nop
    4e64:	80 60 00 0f 	movc2g gr6
    4e68:	94 60 28 a5 	movigl gr6 28a <.L0 +0x12>
    4e6c:	94 60 00 01 	movigh gr6 0 <Cla1Task1>
    4e70:	95 64 00 15 	movigl gr22 4001 <$line_table_start0+0x1110>
    4e74:	95 60 00 01 	movigh gr22 0 <Cla1Task1>
    4e78:	80 05 80 0b 	movg2c gr22
    4e7c:	84 c3 16 00 	add gr12 gr12 gr22
    4e80:	84 d3 46 06 	xor gr13 gr13 gr6
    4e84:	84 e3 8c 00 	add gr14 gr14 gr12
    4e88:	84 f3 cd 06 	xor gr15 gr15 gr13
    4e8c:	84 c3 0f 00 	add gr12 gr12 gr15
    4e90:	80 00 00 00 	nop
    4e94:	80 70 00 0f 	movc2g gr7
    4e98:	94 70 28 b5 	movigl gr7 28b <.L0 +0x13>
    4e9c:	94 70 00 01 	movigh gr7 0 <Cla1Task1>
    4ea0:	95 74 00 15 	movigl gr23 4001 <$line_table_start0+0x1110>
    4ea4:	95 70 00 01 	movigh gr23 0 <Cla1Task1>
    4ea8:	80 05 c0 0b 	movg2c gr23
    4eac:	84 c3 17 00 	add gr12 gr12 gr23
    4eb0:	84 d3 47 06 	xor gr13 gr13 gr7
    4eb4:	84 e3 8c 00 	add gr14 gr14 gr12
    4eb8:	84 f3 cd 06 	xor gr15 gr15 gr13
    4ebc:	84 c3 0f 00 	add gr12 gr12 gr15
    4ec0:	80 00 00 00 	nop
    4ec4:	80 80 00 0f 	movc2g gr8
    4ec8:	94 80 28 c5 	movigl gr8 28c <.L0 +0x14>
    4ecc:	94 80 00 01 	movigh gr8 0 <Cla1Task1>
    4ed0:	95 84 01 15 	movigl gr24 4011 <$line_table_start0+0x1120>
    4ed4:	95 80 00 01 	movigh gr24 0 <Cla1Task1>
    4ed8:	80 06 00 0b 	movg2c gr24
    4edc:	84 c3 18 00 	add gr12 gr12 gr24
    4ee0:	84 d3 48 06 	xor gr13 gr13 gr8
    4ee4:	84 e3 8c 00 	add gr14 gr14 gr12
    4ee8:	84 f3 cd 06 	xor gr15 gr15 gr13
    4eec:	84 c3 0f 00 	add gr12 gr12 gr15
    4ef0:	80 00 00 00 	nop
    4ef4:	80 90 00 0f 	movc2g gr9
    4ef8:	94 90 28 d5 	movigl gr9 28d <.L0 +0x15>
    4efc:	94 90 00 01 	movigh gr9 0 <Cla1Task1>
    4f00:	95 94 00 15 	movigl gr25 4001 <$line_table_start0+0x1110>
    4f04:	95 90 00 01 	movigh gr25 0 <Cla1Task1>
    4f08:	80 06 40 0b 	movg2c gr25
    4f0c:	84 c3 19 00 	add gr12 gr12 gr25
    4f10:	84 d3 49 06 	xor gr13 gr13 gr9
    4f14:	84 e3 8c 00 	add gr14 gr14 gr12
    4f18:	84 f3 cd 06 	xor gr15 gr15 gr13
    4f1c:	84 c3 0f 00 	add gr12 gr12 gr15
    4f20:	80 00 00 00 	nop
    4f24:	80 a0 00 0f 	movc2g gr10
    4f28:	94 a0 28 e5 	movigl gr10 28e <.L0 +0x16>
    4f2c:	94 a0 00 01 	movigh gr10 0 <Cla1Task1>
    4f30:	95 a4 00 15 	movigl gr26 4001 <$line_table_start0+0x1110>
    4f34:	95 a0 00 01 	movigh gr26 0 <Cla1Task1>
    4f38:	80 06 80 0b 	movg2c gr26
    4f3c:	84 c3 1a 00 	add gr12 gr12 gr26
    4f40:	84 d3 4a 06 	xor gr13 gr13 gr10
    4f44:	84 e3 8c 00 	add gr14 gr14 gr12
    4f48:	84 f3 cd 06 	xor gr15 gr15 gr13
    4f4c:	84 c3 0f 00 	add gr12 gr12 gr15
    4f50:	80 00 00 00 	nop
    4f54:	80 b0 00 0f 	movc2g gr11
    4f58:	94 b0 28 f5 	movigl gr11 28f <.L0 +0x17>
    4f5c:	94 b0 00 01 	movigh gr11 0 <Cla1Task1>
    4f60:	95 b4 01 15 	movigl gr27 4011 <$line_table_start0+0x1120>
    4f64:	95 b0 00 01 	movigh gr27 0 <Cla1Task1>
    4f68:	80 06 c0 0b 	movg2c gr27
    4f6c:	84 c3 1b 00 	add gr12 gr12 gr27
    4f70:	84 d3 4b 06 	xor gr13 gr13 gr11
    4f74:	84 e3 8c 00 	add gr14 gr14 gr12
    4f78:	84 f3 cd 06 	xor gr15 gr15 gr13
    4f7c:	84 c3 0f 00 	add gr12 gr12 gr15
    4f80:	80 00 00 00 	nop
    4f84:	80 40 00 0f 	movc2g gr4
    4f88:	94 40 29 05 	movigl gr4 290 <.L0 +0x18>
    4f8c:	94 40 00 01 	movigh gr4 0 <Cla1Task1>
    4f90:	95 44 00 15 	movigl gr20 4001 <$line_table_start0+0x1110>
    4f94:	95 40 00 01 	movigh gr20 0 <Cla1Task1>
    4f98:	80 05 00 0b 	movg2c gr20
    4f9c:	84 c3 14 00 	add gr12 gr12 gr20
    4fa0:	84 d3 44 06 	xor gr13 gr13 gr4
    4fa4:	84 e3 8c 00 	add gr14 gr14 gr12
    4fa8:	84 f3 cd 06 	xor gr15 gr15 gr13
    4fac:	84 c3 0f 00 	add gr12 gr12 gr15
    4fb0:	80 00 00 00 	nop
    4fb4:	80 50 00 0f 	movc2g gr5
    4fb8:	94 50 29 15 	movigl gr5 291 <.L0 +0x19>
    4fbc:	94 50 00 01 	movigh gr5 0 <Cla1Task1>
    4fc0:	95 54 00 15 	movigl gr21 4001 <$line_table_start0+0x1110>
    4fc4:	95 50 00 01 	movigh gr21 0 <Cla1Task1>
    4fc8:	80 05 40 0b 	movg2c gr21
    4fcc:	84 c3 15 00 	add gr12 gr12 gr21
    4fd0:	84 d3 45 06 	xor gr13 gr13 gr5
    4fd4:	84 e3 8c 00 	add gr14 gr14 gr12
    4fd8:	84 f3 cd 06 	xor gr15 gr15 gr13
    4fdc:	84 c3 0f 00 	add gr12 gr12 gr15
    4fe0:	80 00 00 00 	nop
    4fe4:	80 60 00 0f 	movc2g gr6
    4fe8:	94 60 29 25 	movigl gr6 292 <.L0 +0x1a>
    4fec:	94 60 00 01 	movigh gr6 0 <Cla1Task1>
    4ff0:	95 64 01 15 	movigl gr22 4011 <$line_table_start0+0x1120>
    4ff4:	95 60 00 01 	movigh gr22 0 <Cla1Task1>
    4ff8:	80 05 80 0b 	movg2c gr22
    4ffc:	84 c3 16 00 	add gr12 gr12 gr22
    5000:	84 d3 46 06 	xor gr13 gr13 gr6
    5004:	84 e3 8c 00 	add gr14 gr14 gr12
    5008:	84 f3 cd 06 	xor gr15 gr15 gr13
    500c:	84 c3 0f 00 	add gr12 gr12 gr15
    5010:	80 00 00 00 	nop
    5014:	80 70 00 0f 	movc2g gr7
    5018:	94 70 29 35 	movigl gr7 293 <.L0 +0x1b>
    501c:	94 70 00 01 	movigh gr7 0 <Cla1Task1>
    5020:	95 74 00 15 	movigl gr23 4001 <$line_table_start0+0x1110>
    5024:	95 70 00 01 	movigh gr23 0 <Cla1Task1>
    5028:	80 05 c0 0b 	movg2c gr23
    502c:	84 c3 17 00 	add gr12 gr12 gr23
    5030:	84 d3 47 06 	xor gr13 gr13 gr7
    5034:	84 e3 8c 00 	add gr14 gr14 gr12
    5038:	84 f3 cd 06 	xor gr15 gr15 gr13
    503c:	84 c3 0f 00 	add gr12 gr12 gr15
    5040:	80 00 00 00 	nop
    5044:	80 80 00 0f 	movc2g gr8
    5048:	94 80 29 45 	movigl gr8 294 <.L0 +0x1c>
    504c:	94 80 00 01 	movigh gr8 0 <Cla1Task1>
    5050:	95 84 00 15 	movigl gr24 4001 <$line_table_start0+0x1110>
    5054:	95 80 00 01 	movigh gr24 0 <Cla1Task1>
    5058:	80 06 00 0b 	movg2c gr24
    505c:	84 c3 18 00 	add gr12 gr12 gr24
    5060:	84 d3 48 06 	xor gr13 gr13 gr8
    5064:	84 e3 8c 00 	add gr14 gr14 gr12
    5068:	84 f3 cd 06 	xor gr15 gr15 gr13
    506c:	84 c3 0f 00 	add gr12 gr12 gr15
    5070:	80 00 00 00 	nop
    5074:	80 90 00 0f 	movc2g gr9
    5078:	94 90 29 55 	movigl gr9 295 <.L0 +0x1d>
    507c:	94 90 00 01 	movigh gr9 0 <Cla1Task1>
    5080:	95 94 01 15 	movigl gr25 4011 <$line_table_start0+0x1120>
    5084:	95 90 00 01 	movigh gr25 0 <Cla1Task1>
    5088:	80 06 40 0b 	movg2c gr25
    508c:	84 c3 19 00 	add gr12 gr12 gr25
    5090:	84 d3 49 06 	xor gr13 gr13 gr9
    5094:	84 e3 8c 00 	add gr14 gr14 gr12
    5098:	84 f3 cd 06 	xor gr15 gr15 gr13
    509c:	84 c3 0f 00 	add gr12 gr12 gr15
    50a0:	80 00 00 00 	nop
    50a4:	80 a0 00 0f 	movc2g gr10
    50a8:	94 a0 29 65 	movigl gr10 296 <.L0 +0x1e>
    50ac:	94 a0 00 01 	movigh gr10 0 <Cla1Task1>
    50b0:	95 a4 00 15 	movigl gr26 4001 <$line_table_start0+0x1110>
    50b4:	95 a0 00 01 	movigh gr26 0 <Cla1Task1>
    50b8:	80 06 80 0b 	movg2c gr26
    50bc:	84 c3 1a 00 	add gr12 gr12 gr26
    50c0:	84 d3 4a 06 	xor gr13 gr13 gr10
    50c4:	84 e3 8c 00 	add gr14 gr14 gr12
    50c8:	84 f3 cd 06 	xor gr15 gr15 gr13
    50cc:	84 c3 0f 00 	add gr12 gr12 gr15
    50d0:	80 00 00 00 	nop
    50d4:	80 b0 00 0f 	movc2g gr11
    50d8:	94 b0 29 75 	movigl gr11 297 <.L0 +0x1f>
    50dc:	94 b0 00 01 	movigh gr11 0 <Cla1Task1>
    50e0:	95 b4 00 15 	movigl gr27 4001 <$line_table_start0+0x1110>
    50e4:	95 b0 00 01 	movigh gr27 0 <Cla1Task1>
    50e8:	80 06 c0 0b 	movg2c gr27
    50ec:	84 c3 1b 00 	add gr12 gr12 gr27
    50f0:	84 d3 4b 06 	xor gr13 gr13 gr11
    50f4:	84 e3 8c 00 	add gr14 gr14 gr12
    50f8:	84 f3 cd 06 	xor gr15 gr15 gr13
    50fc:	84 c3 0f 00 	add gr12 gr12 gr15
    5100:	80 00 00 00 	nop
    5104:	80 40 00 0f 	movc2g gr4
    5108:	94 40 29 85 	movigl gr4 298 <.L0 +0x20>
    510c:	94 40 00 01 	movigh gr4 0 <Cla1Task1>
    5110:	95 44 01 15 	movigl gr20 4011 <$line_table_start0+0x1120>
    5114:	95 40 00 01 	movigh gr20 0 <Cla1Task1>
    5118:	80 05 00 0b 	movg2c gr20
    511c:	84 c3 14 00 	add gr12 gr12 gr20
    5120:	84 d3 44 06 	xor gr13 gr13 gr4
    5124:	84 e3 8c 00 	add gr14 gr14 gr12
    5128:	84 f3 cd 06 	xor gr15 gr15 gr13
    512c:	84 c3 0f 00 	add gr12 gr12 gr15
    5130:	80 00 00 00 	nop
    5134:	80 50 00 0f 	movc2g gr5
    5138:	94 50 29 95 	movigl gr5 299 <.L0 +0x21>
    513c:	94 50 00 01 	movigh gr5 0 <Cla1Task1>
    5140:	95 54 00 15 	movigl gr21 4001 <$line_table_start0+0x1110>
    5144:	95 50 00 01 	movigh gr21 0 <Cla1Task1>
    5148:	80 05 40 0b 	movg2c gr21
    514c:	84 c3 15 00 	add gr12 gr12 gr21
    5150:	84 d3 45 06 	xor gr13 gr13 gr5
    5154:	84 e3 8c 00 	add gr14 gr14 gr12
    5158:	84 f3 cd 06 	xor gr15 gr15 gr13
    515c:	84 c3 0f 00 	add gr12 gr12 gr15
    5160:	80 00 00 00 	nop
    5164:	80 60 00 0f 	movc2g gr6
    5168:	94 60 29 a5 	movigl gr6 29a <.L0 +0x22>
    516c:	94 60 00 01 	movigh gr6 0 <Cla1Task1>
    5170:	95 64 00 15 	movigl gr22 4001 <$line_table_start0+0x1110>
    5174:	95 60 00 01 	movigh gr22 0 <Cla1Task1>
    5178:	80 05 80 0b 	movg2c gr22
    517c:	84 c3 16 00 	add gr12 gr12 gr22
    5180:	84 d3 46 06 	xor gr13 gr13 gr6
    5184:	84 e3 8c 00 	add gr14 gr14 gr12
    5188:	84 f3 cd 06 	xor gr15 gr15 gr13
    518c:	84 c3 0f 00 	add gr12 gr12 gr15
    5190:	80 00 00 00 	nop
    5194:	80 70 00 0f 	movc2g gr7
    5198:	94 70 29 b5 	movigl gr7 29b <.L0 +0x23>
    519c:	94 70 00 01 	movigh gr7 0 <Cla1Task1>
    51a0:	95 74 01 15 	movigl gr23 4011 <$line_table_start0+0x1120>
    51a4:	95 70 00 01 	movigh gr23 0 <Cla1Task1>
    51a8:	80 05 c0 0b 	movg2c gr23
    51ac:	84 c3 17 00 	add gr12 gr12 gr23
    51b0:	84 d3 47 06 	xor gr13 gr13 gr7
    51b4:	84 e3 8c 00 	add gr14 gr14 gr12
    51b8:	84 f3 cd 06 	xor gr15 gr15 gr13
    51bc:	84 c3 0f 00 	add gr12 gr12 gr15
    51c0:	80 00 00 00 	nop
    51c4:	80 80 00 0f 	movc2g gr8
    51c8:	94 80 29 c5 	movigl gr8 29c <.L0 +0x24>
    51cc:	94 80 00 01 	movigh gr8 0 <Cla1Task1>
    51d0:	95 84 00 15 	movigl gr24 4001 <$line_table_start0+0x1110>
    51d4:	95 80 00 01 	movigh gr24 0 <Cla1Task1>
    51d8:	80 06 00 0b 	movg2c gr24
    51dc:	84 c3 18 00 	add gr12 gr12 gr24
    51e0:	84 d3 48 06 	xor gr13 gr13 gr8
    51e4:	84 e3 8c 00 	add gr14 gr14 gr12
    51e8:	84 f3 cd 06 	xor gr15 gr15 gr13
    51ec:	84 c3 0f 00 	add gr12 gr12 gr15
    51f0:	80 00 00 00 	nop
    51f4:	80 90 00 0f 	movc2g gr9
    51f8:	94 90 29 d5 	movigl gr9 29d <.L0 +0x25>
    51fc:	94 90 00 01 	movigh gr9 0 <Cla1Task1>
    5200:	95 94 00 15 	movigl gr25 4001 <$line_table_start0+0x1110>
    5204:	95 90 00 01 	movigh gr25 0 <Cla1Task1>
    5208:	80 06 40 0b 	movg2c gr25
    520c:	84 c3 19 00 	add gr12 gr12 gr25
    5210:	84 d3 49 06 	xor gr13 gr13 gr9
    5214:	84 e3 8c 00 	add gr14 gr14 gr12
    5218:	84 f3 cd 06 	xor gr15 gr15 gr13
    521c:	84 c3 0f 00 	add gr12 gr12 gr15
    5220:	80 00 00 00 	nop
    5224:	80 a0 00 0f 	movc2g gr10
    5228:	94 a0 29 e5 	movigl gr10 29e <.L0 +0x26>
    522c:	94 a0 00 01 	movigh gr10 0 <Cla1Task1>
    5230:	95 a4 01 15 	movigl gr26 4011 <$line_table_start0+0x1120>
    5234:	95 a0 00 01 	movigh gr26 0 <Cla1Task1>
    5238:	80 06 80 0b 	movg2c gr26
    523c:	84 c3 1a 00 	add gr12 gr12 gr26
    5240:	84 d3 4a 06 	xor gr13 gr13 gr10
    5244:	84 e3 8c 00 	add gr14 gr14 gr12
    5248:	84 f3 cd 06 	xor gr15 gr15 gr13
    524c:	84 c3 0f 00 	add gr12 gr12 gr15
    5250:	80 00 00 00 	nop
    5254:	80 b0 00 0f 	movc2g gr11
    5258:	94 b0 29 f5 	movigl gr11 29f <.L0 +0x27>
    525c:	94 b0 00 01 	movigh gr11 0 <Cla1Task1>
    5260:	95 b4 00 15 	movigl gr27 4001 <$line_table_start0+0x1110>
    5264:	95 b0 00 01 	movigh gr27 0 <Cla1Task1>
    5268:	80 06 c0 0b 	movg2c gr27
    526c:	84 c3 1b 00 	add gr12 gr12 gr27
    5270:	84 d3 4b 06 	xor gr13 gr13 gr11
    5274:	84 e3 8c 00 	add gr14 gr14 gr12
    5278:	84 f3 cd 06 	xor gr15 gr15 gr13
    527c:	84 c3 0f 00 	add gr12 gr12 gr15
    5280:	80 00 00 00 	nop
    5284:	80 40 00 0f 	movc2g gr4
    5288:	94 40 2a 05 	movigl gr4 2a0 <.L0 +0x28>
    528c:	94 40 00 01 	movigh gr4 0 <Cla1Task1>
    5290:	95 44 00 15 	movigl gr20 4001 <$line_table_start0+0x1110>
    5294:	95 40 00 01 	movigh gr20 0 <Cla1Task1>
    5298:	80 05 00 0b 	movg2c gr20
    529c:	84 c3 14 00 	add gr12 gr12 gr20
    52a0:	84 d3 44 06 	xor gr13 gr13 gr4
    52a4:	84 e3 8c 00 	add gr14 gr14 gr12
    52a8:	84 f3 cd 06 	xor gr15 gr15 gr13
    52ac:	84 c3 0f 00 	add gr12 gr12 gr15
    52b0:	80 00 00 00 	nop
    52b4:	80 50 00 0f 	movc2g gr5
    52b8:	94 50 2a 15 	movigl gr5 2a1 <.L0 +0x29>
    52bc:	94 50 00 01 	movigh gr5 0 <Cla1Task1>
    52c0:	95 54 01 15 	movigl gr21 4011 <$line_table_start0+0x1120>
    52c4:	95 50 00 01 	movigh gr21 0 <Cla1Task1>
    52c8:	80 05 40 0b 	movg2c gr21
    52cc:	84 c3 15 00 	add gr12 gr12 gr21
    52d0:	84 d3 45 06 	xor gr13 gr13 gr5
    52d4:	84 e3 8c 00 	add gr14 gr14 gr12
    52d8:	84 f3 cd 06 	xor gr15 gr15 gr13
    52dc:	84 c3 0f 00 	add gr12 gr12 gr15
    52e0:	80 00 00 00 	nop
    52e4:	80 60 00 0f 	movc2g gr6
    52e8:	94 60 2a 25 	movigl gr6 2a2 <.L0 +0x2a>
    52ec:	94 60 00 01 	movigh gr6 0 <Cla1Task1>
    52f0:	95 64 00 15 	movigl gr22 4001 <$line_table_start0+0x1110>
    52f4:	95 60 00 01 	movigh gr22 0 <Cla1Task1>
    52f8:	80 05 80 0b 	movg2c gr22
    52fc:	84 c3 16 00 	add gr12 gr12 gr22
    5300:	84 d3 46 06 	xor gr13 gr13 gr6
    5304:	84 e3 8c 00 	add gr14 gr14 gr12
    5308:	84 f3 cd 06 	xor gr15 gr15 gr13
    530c:	84 c3 0f 00 	add gr12 gr12 gr15
    5310:	80 00 00 00 	nop
    5314:	80 70 00 0f 	movc2g gr7
    5318:	94 70 2a 35 	movigl gr7 2a3 <.L0 +0x2b>
    531c:	94 70 00 01 	movigh gr7 0 <Cla1Task1>
    5320:	95 74 00 15 	movigl gr23 4001 <$line_table_start0+0x1110>
    5324:	95 70 00 01 	movigh gr23 0 <Cla1Task1>
    5328:	80 05 c0 0b 	movg2c gr23
    532c:	84 c3 17 00 	add gr12 gr12 gr23
    5330:	84 d3 47 06 	xor gr13 gr13 gr7
    5334:	84 e3 8c 00 	add gr14 gr14 gr12
    5338:	84 f3 cd 06 	xor gr15 gr15 gr13
    533c:	84 c3 0f 00 	add gr12 gr12 gr15
    5340:	80 00 00 00 	nop
    5344:	80 80 00 0f 	movc2g gr8
    5348:	94 80 2a 45 	movigl gr8 2a4 <.L0 +0x2c>
    534c:	94 80 00 01 	movigh gr8 0 <Cla1Task1>
    5350:	95 84 01 15 	movigl gr24 4011 <$line_table_start0+0x1120>
    5354:	95 80 00 01 	movigh gr24 0 <Cla1Task1>
    5358:	80 06 00 0b 	movg2c gr24
    535c:	84 c3 18 00 	add gr12 gr12 gr24
    5360:	84 d3 48 06 	xor gr13 gr13 gr8
    5364:	84 e3 8c 00 	add gr14 gr14 gr12
    5368:	84 f3 cd 06 	xor gr15 gr15 gr13
    536c:	84 c3 0f 00 	add gr12 gr12 gr15
    5370:	80 00 00 00 	nop
    5374:	80 90 00 0f 	movc2g gr9
    5378:	94 90 2a 55 	movigl gr9 2a5 <.L0 +0x2d>
    537c:	94 90 00 01 	movigh gr9 0 <Cla1Task1>
    5380:	95 94 00 15 	movigl gr25 4001 <$line_table_start0+0x1110>
    5384:	95 90 00 01 	movigh gr25 0 <Cla1Task1>
    5388:	80 06 40 0b 	movg2c gr25
    538c:	84 c3 19 00 	add gr12 gr12 gr25
    5390:	84 d3 49 06 	xor gr13 gr13 gr9
    5394:	84 e3 8c 00 	add gr14 gr14 gr12
    5398:	84 f3 cd 06 	xor gr15 gr15 gr13
    539c:	84 c3 0f 00 	add gr12 gr12 gr15
    53a0:	80 00 00 00 	nop
    53a4:	80 a0 00 0f 	movc2g gr10
    53a8:	94 a0 2a 65 	movigl gr10 2a6 <.L0 +0x2e>
    53ac:	94 a0 00 01 	movigh gr10 0 <Cla1Task1>
    53b0:	95 a4 00 15 	movigl gr26 4001 <$line_table_start0+0x1110>
    53b4:	95 a0 00 01 	movigh gr26 0 <Cla1Task1>
    53b8:	80 06 80 0b 	movg2c gr26
    53bc:	84 c3 1a 00 	add gr12 gr12 gr26
    53c0:	84 d3 4a 06 	xor gr13 gr13 gr10
    53c4:	84 e3 8c 00 	add gr14 gr14 gr12
    53c8:	84 f3 cd 06 	xor gr15 gr15 gr13
    53cc:	84 c3 0f 00 	add gr12 gr12 gr15
    53d0:	80 00 00 00 	nop
    53d4:	80 b0 00 0f 	movc2g gr11
    53d8:	94 b0 2a 75 	movigl gr11 2a7 <.L0 +0x2f>
    53dc:	94 b0 00 01 	movigh gr11 0 <Cla1Task1>
    53e0:	95 b4 01 15 	movigl gr27 4011 <$line_table_start0+0x1120>
    53e4:	95 b0 00 01 	movigh gr27 0 <Cla1Task1>
    53e8:	80 06 c0 0b 	movg2c gr27
    53ec:	84 c3 1b 00 	add gr12 gr12 gr27
    53f0:	84 d3 4b 06 	xor gr13 gr13 gr11
    53f4:	84 e3 8c 00 	add gr14 gr14 gr12
    53f8:	84 f3 cd 06 	xor gr15 gr15 gr13
    53fc:	84 c3 0f 00 	add gr12 gr12 gr15
    5400:	80 00 00 00 	nop
    5404:	80 40 00 0f 	movc2g gr4
    5408:	94 40 2a 85 	movigl gr4 2a8 <.L0 +0x30>
    540c:	94 40 00 01 	movigh gr4 0 <Cla1Task1>
    5410:	95 44 00 15 	movigl gr20 4001 <$line_table_start0+0x1110>
    5414:	95 40 00 01 	movigh gr20 0 <Cla1Task1>
    5418:	80 05 00 0b 	movg2c gr20
    541c:	84 c3 14 00 	add gr12 gr12 gr20
    5420:	84 d3 44 06 	xor gr13 gr13 gr4
    5424:	84 e3 8c 00 	add gr14 gr14 gr12
    5428:	84 f3 cd 06 	xor gr15 gr15 gr13
    542c:	84 c3 0f 00 	add gr12 gr12 gr15
    5430:	80 00 00 00 	nop
    5434:	80 50 00 0f 	movc2g gr5
    5438:	94 50 2a 95 	movigl gr5 2a9 <.L0 +0x31>
    543c:	94 50 00 01 	movigh gr5 0 <Cla1Task1>
    5440:	95 54 00 15 	movigl gr21 4001 <$line_table_start0+0x1110>
    5444:	95 50 00 01 	movigh gr21 0 <Cla1Task1>
    5448:	80 05 40 0b 	movg2c gr21
    544c:	84 c3 15 00 	add gr12 gr12 gr21
    5450:	84 d3 45 06 	xor gr13 gr13 gr5
    5454:	84 e3 8c 00 	add gr14 gr14 gr12
    5458:	84 f3 cd 06 	xor gr15 gr15 gr13
    545c:	84 c3 0f 00 	add gr12 gr12 gr15
    5460:	80 00 00 00 	nop
    5464:	80 60 00 0f 	movc2g gr6
    5468:	94 60 2a a5 	movigl gr6 2aa <.L0 +0x32>
    546c:	94 60 00 01 	movigh gr6 0 <Cla1Task1>
    5470:	95 64 01 15 	movigl gr22 4011 <$line_table_start0+0x1120>
    5474:	95 60 00 01 	movigh gr22 0 <Cla1Task1>
    5478:	80 05 80 0b 	movg2c gr22
    547c:	84 c3 16 00 	add gr12 gr12 gr22
    5480:	84 d3 46 06 	xor gr13 gr13 gr6
    5484:	84 e3 8c 00 	add gr14 gr14 gr12
    5488:	84 f3 cd 06 	xor gr15 gr15 gr13
    548c:	84 c3 0f 00 	add gr12 gr12 gr15
    5490:	80 00 00 00 	nop
    5494:	80 70 00 0f 	movc2g gr7
    5498:	94 70 2a b5 	movigl gr7 2ab <.L0 +0x33>
    549c:	94 70 00 01 	movigh gr7 0 <Cla1Task1>
    54a0:	95 74 00 15 	movigl gr23 4001 <$line_table_start0+0x1110>
    54a4:	95 70 00 01 	movigh gr23 0 <Cla1Task1>
    54a8:	80 05 c0 0b 	movg2c gr23
    54ac:	84 c3 17 00 	add gr12 gr12 gr23
    54b0:	84 d3 47 06 	xor gr13 gr13 gr7
    54b4:	84 e3 8c 00 	add gr14 gr14 gr12
    54b8:	84 f3 cd 06 	xor gr15 gr15 gr13
    54bc:	84 c3 0f 00 	add gr12 gr12 gr15
    54c0:	80 00 00 00 	nop
    54c4:	80 80 00 0f 	movc2g gr8
    54c8:	94 80 2a c5 	movigl gr8 2ac <.L0 +0x34>
    54cc:	94 80 00 01 	movigh gr8 0 <Cla1Task1>
    54d0:	95 84 00 15 	movigl gr24 4001 <$line_table_start0+0x1110>
    54d4:	95 80 00 01 	movigh gr24 0 <Cla1Task1>
    54d8:	80 06 00 0b 	movg2c gr24
    54dc:	84 c3 18 00 	add gr12 gr12 gr24
    54e0:	84 d3 48 06 	xor gr13 gr13 gr8
    54e4:	84 e3 8c 00 	add gr14 gr14 gr12
    54e8:	84 f3 cd 06 	xor gr15 gr15 gr13
    54ec:	84 c3 0f 00 	add gr12 gr12 gr15
    54f0:	80 00 00 00 	nop
    54f4:	80 90 00 0f 	movc2g gr9
    54f8:	94 90 2a d5 	movigl gr9 2ad <.L0 +0x35>
    54fc:	94 90 00 01 	movigh gr9 0 <Cla1Task1>
    5500:	95 94 01 15 	movigl gr25 4011 <$line_table_start0+0x1120>
    5504:	95 90 00 01 	movigh gr25 0 <Cla1Task1>
    5508:	80 06 40 0b 	movg2c gr25
    550c:	84 c3 19 00 	add gr12 gr12 gr25
    5510:	84 d3 49 06 	xor gr13 gr13 gr9
    5514:	84 e3 8c 00 	add gr14 gr14 gr12
    5518:	84 f3 cd 06 	xor gr15 gr15 gr13
    551c:	84 c3 0f 00 	add gr12 gr12 gr15
    5520:	80 00 00 00 	nop
    5524:	80 a0 00 0f 	movc2g gr10
    5528:	94 a0 2a e5 	movigl gr10 2ae <.L0 +0x36>
    552c:	94 a0 00 01 	movigh gr10 0 <Cla1Task1>
    5530:	95 a4 00 15 	movigl gr26 4001 <$line_table_start0+0x1110>
    5534:	95 a0 00 01 	movigh gr26 0 <Cla1Task1>
    5538:	80 06 80 0b 	movg2c gr26
    553c:	84 c3 1a 00 	add gr12 gr12 gr26
    5540:	84 d3 4a 06 	xor gr13 gr13 gr10
    5544:	84 e3 8c 00 	add gr14 gr14 gr12
    5548:	84 f3 cd 06 	xor gr15 gr15 gr13
    554c:	84 c3 0f 00 	add gr12 gr12 gr15
    5550:	80 00 00 00 	nop
    5554:	80 b0 00 0f 	movc2g gr11
    5558:	94 b0 2a f5 	movigl gr11 2af <.L0 +0x37>
    555c:	94 b0 00 01 	movigh gr11 0 <Cla1Task1>
    5560:	95 b4 00 15 	movigl gr27 4001 <$line_table_start0+0x1110>
    5564:	95 b0 00 01 	movigh gr27 0 <Cla1Task1>
    5568:	80 06 c0 0b 	movg2c gr27
    556c:	84 c3 1b 00 	add gr12 gr12 gr27
    5570:	84 d3 4b 06 	xor gr13 gr13 gr11
    5574:	84 e3 8c 00 	add gr14 gr14 gr12
    5578:	84 f3 cd 06 	xor gr15 gr15 gr13
    557c:	84 c3 0f 00 	add gr12 gr12 gr15
    5580:	80 00 00 00 	nop
    5584:	80 40 00 0f 	movc2g gr4
    5588:	94 40 2b 05 	movigl gr4 2b0 <.L0 >
    558c:	94 40 00 01 	movigh gr4 0 <Cla1Task1>
    5590:	95 44 01 15 	movigl gr20 4011 <$line_table_start0+0x1120>
    5594:	95 40 00 01 	movigh gr20 0 <Cla1Task1>
    5598:	80 05 00 0b 	movg2c gr20
    559c:	84 c3 14 00 	add gr12 gr12 gr20
    55a0:	84 d3 44 06 	xor gr13 gr13 gr4
    55a4:	84 e3 8c 00 	add gr14 gr14 gr12
    55a8:	84 f3 cd 06 	xor gr15 gr15 gr13
    55ac:	84 c3 0f 00 	add gr12 gr12 gr15
    55b0:	80 00 00 00 	nop
    55b4:	80 50 00 0f 	movc2g gr5
    55b8:	94 50 2b 15 	movigl gr5 2b1 <.L0 +0x1>
    55bc:	94 50 00 01 	movigh gr5 0 <Cla1Task1>
    55c0:	95 54 00 15 	movigl gr21 4001 <$line_table_start0+0x1110>
    55c4:	95 50 00 01 	movigh gr21 0 <Cla1Task1>
    55c8:	80 05 40 0b 	movg2c gr21
    55cc:	84 c3 15 00 	add gr12 gr12 gr21
    55d0:	84 d3 45 06 	xor gr13 gr13 gr5
    55d4:	84 e3 8c 00 	add gr14 gr14 gr12
    55d8:	84 f3 cd 06 	xor gr15 gr15 gr13
    55dc:	84 c3 0f 00 	add gr12 gr12 gr15
    55e0:	80 00 00 00 	nop
    55e4:	80 60 00 0f 	movc2g gr6
    55e8:	94 60 2b 25 	movigl gr6 2b2 <.L0 +0x2>
    55ec:	94 60 00 01 	movigh gr6 0 <Cla1Task1>
    55f0:	95 64 00 15 	movigl gr22 4001 <$line_table_start0+0x1110>
    55f4:	95 60 00 01 	movigh gr22 0 <Cla1Task1>
    55f8:	80 05 80 0b 	movg2c gr22
    55fc:	84 c3 16 00 	add gr12 gr12 gr22
    5600:	84 d3 46 06 	xor gr13 gr13 gr6
    5604:	84 e3 8c 00 	add gr14 gr14 gr12
    5608:	84 f3 cd 06 	xor gr15 gr15 gr13
    560c:	84 c3 0f 00 	add gr12 gr12 gr15
    5610:	80 00 00 00 	nop
    5614:	80 70 00 0f 	movc2g gr7
    5618:	94 70 2b 35 	movigl gr7 2b3 <.L0 +0x3>
    561c:	94 70 00 01 	movigh gr7 0 <Cla1Task1>
    5620:	95 74 01 15 	movigl gr23 4011 <$line_table_start0+0x1120>
    5624:	95 70 00 01 	movigh gr23 0 <Cla1Task1>
    5628:	80 05 c0 0b 	movg2c gr23
    562c:	84 c3 17 00 	add gr12 gr12 gr23
    5630:	84 d3 47 06 	xor gr13 gr13 gr7
    5634:	84 e3 8c 00 	add gr14 gr14 gr12
    5638:	84 f3 cd 06 	xor gr15 gr15 gr13
    563c:	84 c3 0f 00 	add gr12 gr12 gr15
    5640:	80 00 00 00 	nop
    5644:	80 80 00 0f 	movc2g gr8
    5648:	94 80 2b 45 	movigl gr8 2b4 <.L0 +0x4>
    564c:	94 80 00 01 	movigh gr8 0 <Cla1Task1>
    5650:	95 84 00 15 	movigl gr24 4001 <$line_table_start0+0x1110>
    5654:	95 80 00 01 	movigh gr24 0 <Cla1Task1>
    5658:	80 06 00 0b 	movg2c gr24
    565c:	84 c3 18 00 	add gr12 gr12 gr24
    5660:	84 d3 48 06 	xor gr13 gr13 gr8
    5664:	84 e3 8c 00 	add gr14 gr14 gr12
    5668:	84 f3 cd 06 	xor gr15 gr15 gr13
    566c:	84 c3 0f 00 	add gr12 gr12 gr15
    5670:	80 00 00 00 	nop
    5674:	80 90 00 0f 	movc2g gr9
    5678:	94 90 2b 55 	movigl gr9 2b5 <.L0 +0x5>
    567c:	94 90 00 01 	movigh gr9 0 <Cla1Task1>
    5680:	95 94 00 15 	movigl gr25 4001 <$line_table_start0+0x1110>
    5684:	95 90 00 01 	movigh gr25 0 <Cla1Task1>
    5688:	80 06 40 0b 	movg2c gr25
    568c:	84 c3 19 00 	add gr12 gr12 gr25
    5690:	84 d3 49 06 	xor gr13 gr13 gr9
    5694:	84 e3 8c 00 	add gr14 gr14 gr12
    5698:	84 f3 cd 06 	xor gr15 gr15 gr13
    569c:	84 c3 0f 00 	add gr12 gr12 gr15
    56a0:	80 00 00 00 	nop
    56a4:	80 a0 00 0f 	movc2g gr10
    56a8:	94 a0 2b 65 	movigl gr10 2b6 <.L0 +0x6>
    56ac:	94 a0 00 01 	movigh gr10 0 <Cla1Task1>
    56b0:	95 a4 01 15 	movigl gr26 4011 <$line_table_start0+0x1120>
    56b4:	95 a0 00 01 	movigh gr26 0 <Cla1Task1>
    56b8:	80 06 80 0b 	movg2c gr26
    56bc:	84 c3 1a 00 	add gr12 gr12 gr26
    56c0:	84 d3 4a 06 	xor gr13 gr13 gr10
    56c4:	84 e3 8c 00 	add gr14 gr14 gr12
    56c8:	84 f3 cd 06 	xor gr15 gr15 gr13
    56cc:	84 c3 0f 00 	add gr12 gr12 gr15
    56d0:	80 00 00 00 	nop
    56d4:	80 b0 00 0f 	movc2g gr11
    56d8:	94 b0 2b 75 	movigl gr11 2b7 <.L0 +0x7>
    56dc:	94 b0 00 01 	movigh gr11 0 <Cla1Task1>
    56e0:	95 b4 00 15 	movigl gr27 4001 <$line_table_start0+0x1110>
    56e4:	95 b0 00 01 	movigh gr27 0 <Cla1Task1>
    56e8:	80 06 c0 0b 	movg2c gr27
    56ec:	84 c3 1b 00 	add gr12 gr12 gr27
    56f0:	84 d3 4b 06 	xor gr13 gr13 gr11
    56f4:	84 e3 8c 00 	add gr14 gr14 gr12
    56f8:	84 f3 cd 06 	xor gr15 gr15 gr13
    56fc:	84 c3 0f 00 	add gr12 gr12 gr15
    5700:	80 00 00 00 	nop
    5704:	80 40 00 0f 	movc2g gr4
    5708:	94 40 2b 85 	movigl gr4 2b8 <.L0 +0x8>
    570c:	94 40 00 01 	movigh gr4 0 <Cla1Task1>
    5710:	95 44 00 15 	movigl gr20 4001 <$line_table_start0+0x1110>
    5714:	95 40 00 01 	movigh gr20 0 <Cla1Task1>
    5718:	80 05 00 0b 	movg2c gr20
    571c:	84 c3 14 00 	add gr12 gr12 gr20
    5720:	84 d3 44 06 	xor gr13 gr13 gr4
    5724:	84 e3 8c 00 	add gr14 gr14 gr12
    5728:	84 f3 cd 06 	xor gr15 gr15 gr13
    572c:	84 c3 0f 00 	add gr12 gr12 gr15
    5730:	80 00 00 00 	nop
    5734:	80 50 00 0f 	movc2g gr5
    5738:	94 50 2b 95 	movigl gr5 2b9 <.L0 +0x9>
    573c:	94 50 00 01 	movigh gr5 0 <Cla1Task1>
    5740:	95 54 01 15 	movigl gr21 4011 <$line_table_start0+0x1120>
    5744:	95 50 00 01 	movigh gr21 0 <Cla1Task1>
    5748:	80 05 40 0b 	movg2c gr21
    574c:	84 c3 15 00 	add gr12 gr12 gr21
    5750:	84 d3 45 06 	xor gr13 gr13 gr5
    5754:	84 e3 8c 00 	add gr14 gr14 gr12
    5758:	84 f3 cd 06 	xor gr15 gr15 gr13
    575c:	84 c3 0f 00 	add gr12 gr12 gr15
    5760:	80 00 00 00 	nop
    5764:	80 60 00 0f 	movc2g gr6
    5768:	94 60 2b a5 	movigl gr6 2ba <.L0 +0xa>
    576c:	94 60 00 01 	movigh gr6 0 <Cla1Task1>
    5770:	95 64 00 15 	movigl gr22 4001 <$line_table_start0+0x1110>
    5774:	95 60 00 01 	movigh gr22 0 <Cla1Task1>
    5778:	80 05 80 0b 	movg2c gr22
    577c:	84 c3 16 00 	add gr12 gr12 gr22
    5780:	84 d3 46 06 	xor gr13 gr13 gr6
    5784:	84 e3 8c 00 	add gr14 gr14 gr12
    5788:	84 f3 cd 06 	xor gr15 gr15 gr13
    578c:	84 c3 0f 00 	add gr12 gr12 gr15
    5790:	80 00 00 00 	nop
    5794:	80 70 00 0f 	movc2g gr7
    5798:	94 70 2b b5 	movigl gr7 2bb <.L0 +0xb>
    579c:	94 70 00 01 	movigh gr7 0 <Cla1Task1>
    57a0:	95 74 00 15 	movigl gr23 4001 <$line_table_start0+0x1110>
    57a4:	95 70 00 01 	movigh gr23 0 <Cla1Task1>
    57a8:	80 05 c0 0b 	movg2c gr23
    57ac:	84 c3 17 00 	add gr12 gr12 gr23
    57b0:	84 d3 47 06 	xor gr13 gr13 gr7
    57b4:	84 e3 8c 00 	add gr14 gr14 gr12
    57b8:	84 f3 cd 06 	xor gr15 gr15 gr13
    57bc:	84 c3 0f 00 	add gr12 gr12 gr15
    57c0:	80 00 00 00 	nop
    57c4:	80 80 00 0f 	movc2g gr8
    57c8:	94 80 2b c5 	movigl gr8 2bc <.L0 +0xc>
    57cc:	94 80 00 01 	movigh gr8 0 <Cla1Task1>
    57d0:	95 84 01 15 	movigl gr24 4011 <$line_table_start0+0x1120>
    57d4:	95 80 00 01 	movigh gr24 0 <Cla1Task1>
    57d8:	80 06 00 0b 	movg2c gr24
    57dc:	84 c3 18 00 	add gr12 gr12 gr24
    57e0:	84 d3 48 06 	xor gr13 gr13 gr8
    57e4:	84 e3 8c 00 	add gr14 gr14 gr12
    57e8:	84 f3 cd 06 	xor gr15 gr15 gr13
    57ec:	84 c3 0f 00 	add gr12 gr12 gr15
    57f0:	80 00 00 00 	nop
    57f4:	80 90 00 0f 	movc2g gr9
    57f8:	94 90 2b d5 	movigl gr9 2bd <.L0 +0xd>
    57fc:	94 90 00 01 	movigh gr9 0 <Cla1Task1>
    5800:	95 94 00 15 	movigl gr25 4001 <$line_table_start0+0x1110>
    5804:	95 90 00 01 	movigh gr25 0 <Cla1Task1>
    5808:	80 06 40 0b 	movg2c gr25
    580c:	84 c3 19 00 	add gr12 gr12 gr25
    5810:	84 d3 49 06 	xor gr13 gr13 gr9
    5814:	84 e3 8c 00 	add gr14 gr14 gr12
    5818:	84 f3 cd 06 	xor gr15 gr15 gr13
    581c:	84 c3 0f 00 	add gr12 gr12 gr15
    5820:	80 00 00 00 	nop
    5824:	80 a0 00 0f 	movc2g gr10
    5828:	94 a0 2b e5 	movigl gr10 2be <.L0 +0xe>
    582c:	94 a0 00 01 	movigh gr10 0 <Cla1Task1>
    5830:	95 a4 00 15 	movigl gr26 4001 <$line_table_start0+0x1110>
    5834:	95 a0 00 01 	movigh gr26 0 <Cla1Task1>
    5838:	80 06 80 0b 	movg2c gr26
    583c:	84 c3 1a 00 	add gr12 gr12 gr26
    5840:	84 d3 4a 06 	xor gr13 gr13 gr10
    5844:	84 e3 8c 00 	add gr14 gr14 gr12
    5848:	84 f3 cd 06 	xor gr15 gr15 gr13
    584c:	84 c3 0f 00 	add gr12 gr12 gr15
    5850:	80 00 00 00 	nop
    5854:	80 b0 00 0f 	movc2g gr11
    5858:	94 b0 2b f5 	movigl gr11 2bf <.L0 +0xf>
    585c:	94 b0 00 01 	movigh gr11 0 <Cla1Task1>
    5860:	95 b4 01 15 	movigl gr27 4011 <$line_table_start0+0x1120>
    5864:	95 b0 00 01 	movigh gr27 0 <Cla1Task1>
    5868:	80 06 c0 0b 	movg2c gr27
    586c:	84 c3 1b 00 	add gr12 gr12 gr27
    5870:	84 d3 4b 06 	xor gr13 gr13 gr11
    5874:	84 e3 8c 00 	add gr14 gr14 gr12
    5878:	84 f3 cd 06 	xor gr15 gr15 gr13
    587c:	84 c3 0f 00 	add gr12 gr12 gr15
    5880:	80 00 00 00 	nop
    5884:	80 40 00 0f 	movc2g gr4
    5888:	94 40 2c 05 	movigl gr4 2c0 <.L0 +0x10>
    588c:	94 40 00 01 	movigh gr4 0 <Cla1Task1>
    5890:	95 44 00 15 	movigl gr20 4001 <$line_table_start0+0x1110>
    5894:	95 40 00 01 	movigh gr20 0 <Cla1Task1>
    5898:	80 05 00 0b 	movg2c gr20
    589c:	84 c3 14 00 	add gr12 gr12 gr20
    58a0:	84 d3 44 06 	xor gr13 gr13 gr4
    58a4:	84 e3 8c 00 	add gr14 gr14 gr12
    58a8:	84 f3 cd 06 	xor gr15 gr15 gr13
    58ac:	84 c3 0f 00 	add gr12 gr12 gr15
    58b0:	80 00 00 00 	nop
    58b4:	80 50 00 0f 	movc2g gr5
    58b8:	94 50 2c 15 	movigl gr5 2c1 <.L0 +0x11>
    58bc:	94 50 00 01 	movigh gr5 0 <Cla1Task1>
    58c0:	95 54 00 15 	movigl gr21 4001 <$line_table_start0+0x1110>
    58c4:	95 50 00 01 	movigh gr21 0 <Cla1Task1>
    58c8:	80 05 40 0b 	movg2c gr21
    58cc:	84 c3 15 00 	add gr12 gr12 gr21
    58d0:	84 d3 45 06 	xor gr13 gr13 gr5
    58d4:	84 e3 8c 00 	add gr14 gr14 gr12
    58d8:	84 f3 cd 06 	xor gr15 gr15 gr13
    58dc:	84 c3 0f 00 	add gr12 gr12 gr15
    58e0:	80 00 00 00 	nop
    58e4:	80 60 00 0f 	movc2g gr6
    58e8:	94 60 2c 25 	movigl gr6 2c2 <.L0 +0x12>
    58ec:	94 60 00 01 	movigh gr6 0 <Cla1Task1>
    58f0:	95 64 01 15 	movigl gr22 4011 <$line_table_start0+0x1120>
    58f4:	95 60 00 01 	movigh gr22 0 <Cla1Task1>
    58f8:	80 05 80 0b 	movg2c gr22
    58fc:	84 c3 16 00 	add gr12 gr12 gr22
    5900:	84 d3 46 06 	xor gr13 gr13 gr6
    5904:	84 e3 8c 00 	add gr14 gr14 gr12
    5908:	84 f3 cd 06 	xor gr15 gr15 gr13
    590c:	84 c3 0f 00 	add gr12 gr12 gr15
    5910:	80 00 00 00 	nop
    5914:	80 70 00 0f 	movc2g gr7
    5918:	94 70 2c 35 	movigl gr7 2c3 <.L0 +0x13>
    591c:	94 70 00 01 	movigh gr7 0 <Cla1Task1>
    5920:	95 74 00 15 	movigl gr23 4001 <$line_table_start0+0x1110>
    5924:	95 70 00 01 	movigh gr23 0 <Cla1Task1>
    5928:	80 05 c0 0b 	movg2c gr23
    592c:	84 c3 17 00 	add gr12 gr12 gr23
    5930:	84 d3 47 06 	xor gr13 gr13 gr7
    5934:	84 e3 8c 00 	add gr14 gr14 gr12
    5938:	84 f3 cd 06 	xor gr15 gr15 gr13
    593c:	84 c3 0f 00 	add gr12 gr12 gr15
    5940:	80 00 00 00 	nop
    5944:	80 80 00 0f 	movc2g gr8
    5948:	94 80 2c 45 	movigl gr8 2c4 <.L0 +0x14>
    594c:	94 80 00 01 	movigh gr8 0 <Cla1Task1>
    5950:	95 84 00 15 	movigl gr24 4001 <$line_table_start0+0x1110>
    5954:	95 80 00 01 	movigh gr24 0 <Cla1Task1>
    5958:	80 06 00 0b 	movg2c gr24
    595c:	84 c3 18 00 	add gr12 gr12 gr24
    5960:	84 d3 48 06 	xor gr13 gr13 gr8
    5964:	84 e3 8c 00 	add gr14 gr14 gr12
    5968:	84 f3 cd 06 	xor gr15 gr15 gr13
    596c:	84 c3 0f 00 	add gr12 gr12 gr15
    5970:	80 00 00 00 	nop
    5974:	80 90 00 0f 	movc2g gr9
    5978:	94 90 2c 55 	movigl gr9 2c5 <.L0 +0x15>
    597c:	94 90 00 01 	movigh gr9 0 <Cla1Task1>
    5980:	95 94 01 15 	movigl gr25 4011 <$line_table_start0+0x1120>
    5984:	95 90 00 01 	movigh gr25 0 <Cla1Task1>
    5988:	80 06 40 0b 	movg2c gr25
    598c:	84 c3 19 00 	add gr12 gr12 gr25
    5990:	84 d3 49 06 	xor gr13 gr13 gr9
    5994:	84 e3 8c 00 	add gr14 gr14 gr12
    5998:	84 f3 cd 06 	xor gr15 gr15 gr13
    599c:	84 c3 0f 00 	add gr12 gr12 gr15
    59a0:	80 00 00 00 	nop
    59a4:	80 a0 00 0f 	movc2g gr10
    59a8:	94 a0 2c 65 	movigl gr10 2c6 <.L0 +0x16>
    59ac:	94 a0 00 01 	movigh gr10 0 <Cla1Task1>
    59b0:	95 a4 00 15 	movigl gr26 4001 <$line_table_start0+0x1110>
    59b4:	95 a0 00 01 	movigh gr26 0 <Cla1Task1>
    59b8:	80 06 80 0b 	movg2c gr26
    59bc:	84 c3 1a 00 	add gr12 gr12 gr26
    59c0:	84 d3 4a 06 	xor gr13 gr13 gr10
    59c4:	84 e3 8c 00 	add gr14 gr14 gr12
    59c8:	84 f3 cd 06 	xor gr15 gr15 gr13
    59cc:	84 c3 0f 00 	add gr12 gr12 gr15
    59d0:	80 00 00 00 	nop
    59d4:	80 b0 00 0f 	movc2g gr11
    59d8:	94 b0 2c 75 	movigl gr11 2c7 <.L0 +0x17>
    59dc:	94 b0 00 01 	movigh gr11 0 <Cla1Task1>
    59e0:	95 b4 00 15 	movigl gr27 4001 <$line_table_start0+0x1110>
    59e4:	95 b0 00 01 	movigh gr27 0 <Cla1Task1>
    59e8:	80 06 c0 0b 	movg2c gr27
    59ec:	84 c3 1b 00 	add gr12 gr12 gr27
    59f0:	84 d3 4b 06 	xor gr13 gr13 gr11
    59f4:	84 e3 8c 00 	add gr14 gr14 gr12
    59f8:	84 f3 cd 06 	xor gr15 gr15 gr13
    59fc:	84 c3 0f 00 	add gr12 gr12 gr15
    5a00:	80 00 00 00 	nop
    5a04:	80 40 00 0f 	movc2g gr4
    5a08:	94 40 2c 85 	movigl gr4 2c8 <.L0 >
    5a0c:	94 40 00 01 	movigh gr4 0 <Cla1Task1>
    5a10:	95 44 01 15 	movigl gr20 4011 <$line_table_start0+0x1120>
    5a14:	95 40 00 01 	movigh gr20 0 <Cla1Task1>
    5a18:	80 05 00 0b 	movg2c gr20
    5a1c:	84 c3 14 00 	add gr12 gr12 gr20
    5a20:	84 d3 44 06 	xor gr13 gr13 gr4
    5a24:	84 e3 8c 00 	add gr14 gr14 gr12
    5a28:	84 f3 cd 06 	xor gr15 gr15 gr13
    5a2c:	84 c3 0f 00 	add gr12 gr12 gr15
    5a30:	80 00 00 00 	nop
    5a34:	80 50 00 0f 	movc2g gr5
    5a38:	94 50 2c 95 	movigl gr5 2c9 <.L0 +0x1>
    5a3c:	94 50 00 01 	movigh gr5 0 <Cla1Task1>
    5a40:	95 54 00 15 	movigl gr21 4001 <$line_table_start0+0x1110>
    5a44:	95 50 00 01 	movigh gr21 0 <Cla1Task1>
    5a48:	80 05 40 0b 	movg2c gr21
    5a4c:	84 c3 15 00 	add gr12 gr12 gr21
    5a50:	84 d3 45 06 	xor gr13 gr13 gr5
    5a54:	84 e3 8c 00 	add gr14 gr14 gr12
    5a58:	84 f3 cd 06 	xor gr15 gr15 gr13
    5a5c:	84 c3 0f 00 	add gr12 gr12 gr15
    5a60:	80 00 00 00 	nop
    5a64:	80 60 00 0f 	movc2g gr6
    5a68:	94 60 2c a5 	movigl gr6 2ca <.L0 +0x2>
    5a6c:	94 60 00 01 	movigh gr6 0 <Cla1Task1>
    5a70:	95 64 00 15 	movigl gr22 4001 <$line_table_start0+0x1110>
    5a74:	95 60 00 01 	movigh gr22 0 <Cla1Task1>
    5a78:	80 05 80 0b 	movg2c gr22
    5a7c:	84 c3 16 00 	add gr12 gr12 gr22
    5a80:	84 d3 46 06 	xor gr13 gr13 gr6
    5a84:	84 e3 8c 00 	add gr14 gr14 gr12
    5a88:	84 f3 cd 06 	xor gr15 gr15 gr13
    5a8c:	84 c3 0f 00 	add gr12 gr12 gr15
    5a90:	80 00 00 00 	nop
    5a94:	80 70 00 0f 	movc2g gr7
    5a98:	94 70 2c b5 	movigl gr7 2cb <.L0 +0x3>
    5a9c:	94 70 00 01 	movigh gr7 0 <Cla1Task1>
    5aa0:	95 74 01 15 	movigl gr23 4011 <$line_table_start0+0x1120>
    5aa4:	95 70 00 01 	movigh gr23 0 <Cla1Task1>
    5aa8:	80 05 c0 0b 	movg2c gr23
    5aac:	84 c3 17 00 	add gr12 gr12 gr23
    5ab0:	84 d3 47 06 	xor gr13 gr13 gr7
    5ab4:	84 e3 8c 00 	add gr14 gr14 gr12
    5ab8:	84 f3 cd 06 	xor gr15 gr15 gr13
    5abc:	84 c3 0f 00 	add gr12 gr12 gr15
    5ac0:	80 00 00 00 	nop
    5ac4:	80 80 00 0f 	movc2g gr8
    5ac8:	94 80 2c c5 	movigl gr8 2cc <.L0 +0x4>
    5acc:	94 80 00 01 	movigh gr8 0 <Cla1Task1>
    5ad0:	95 84 00 15 	movigl gr24 4001 <$line_table_start0+0x1110>
    5ad4:	95 80 00 01 	movigh gr24 0 <Cla1Task1>
    5ad8:	80 06 00 0b 	movg2c gr24
    5adc:	84 c3 18 00 	add gr12 gr12 gr24
    5ae0:	84 d3 48 06 	xor gr13 gr13 gr8
    5ae4:	84 e3 8c 00 	add gr14 gr14 gr12
    5ae8:	84 f3 cd 06 	xor gr15 gr15 gr13
    5aec:	84 c3 0f 00 	add gr12 gr12 gr15
    5af0:	80 00 00 00 	nop
    5af4:	80 90 00 0f 	movc2g gr9
    5af8:	94 90 2c d5 	movigl gr9 2cd <.L0 +0x5>
    5afc:	94 90 00 01 	movigh gr9 0 <Cla1Task1>
    5b00:	95 94 00 15 	movigl gr25 4001 <$line_table_start0+0x1110>
    5b04:	95 90 00 01 	movigh gr25 0 <Cla1Task1>
    5b08:	80 06 40 0b 	movg2c gr25
    5b0c:	84 c3 19 00 	add gr12 gr12 gr25
    5b10:	84 d3 49 06 	xor gr13 gr13 gr9
    5b14:	84 e3 8c 00 	add gr14 gr14 gr12
    5b18:	84 f3 cd 06 	xor gr15 gr15 gr13
    5b1c:	84 c3 0f 00 	add gr12 gr12 gr15
    5b20:	80 00 00 00 	nop
    5b24:	80 a0 00 0f 	movc2g gr10
    5b28:	94 a0 2c e5 	movigl gr10 2ce <.L0 +0x6>
    5b2c:	94 a0 00 01 	movigh gr10 0 <Cla1Task1>
    5b30:	95 a4 01 15 	movigl gr26 4011 <$line_table_start0+0x1120>
    5b34:	95 a0 00 01 	movigh gr26 0 <Cla1Task1>
    5b38:	80 06 80 0b 	movg2c gr26
    5b3c:	84 c3 1a 00 	add gr12 gr12 gr26
    5b40:	84 d3 4a 06 	xor gr13 gr13 gr10
    5b44:	84 e3 8c 00 	add gr14 gr14 gr12
    5b48:	84 f3 cd 06 	xor gr15 gr15 gr13
    5b4c:	84 c3 0f 00 	add gr12 gr12 gr15
    5b50:	80 00 00 00 	nop
    5b54:	80 b0 00 0f 	movc2g gr11
    5b58:	94 b0 2c f5 	movigl gr11 2cf <.L0 +0x7>
    5b5c:	94 b0 00 01 	movigh gr11 0 <Cla1Task1>
    5b60:	95 b4 00 15 	movigl gr27 4001 <$line_table_start0+0x1110>
    5b64:	95 b0 00 01 	movigh gr27 0 <Cla1Task1>
    5b68:	80 06 c0 0b 	movg2c gr27
    5b6c:	84 c3 1b 00 	add gr12 gr12 gr27
    5b70:	84 d3 4b 06 	xor gr13 gr13 gr11
    5b74:	84 e3 8c 00 	add gr14 gr14 gr12
    5b78:	84 f3 cd 06 	xor gr15 gr15 gr13
    5b7c:	84 c3 0f 00 	add gr12 gr12 gr15
    5b80:	80 00 00 00 	nop
    5b84:	80 40 00 0f 	movc2g gr4
    5b88:	94 40 2d 05 	movigl gr4 2d0 <.L0 +0x8>
    5b8c:	94 40 00 01 	movigh gr4 0 <Cla1Task1>
    5b90:	95 44 00 15 	movigl gr20 4001 <$line_table_start0+0x1110>
    5b94:	95 40 00 01 	movigh gr20 0 <Cla1Task1>
    5b98:	80 05 00 0b 	movg2c gr20
    5b9c:	84 c3 14 00 	add gr12 gr12 gr20
    5ba0:	84 d3 44 06 	xor gr13 gr13 gr4
    5ba4:	84 e3 8c 00 	add gr14 gr14 gr12
    5ba8:	84 f3 cd 06 	xor gr15 gr15 gr13
    5bac:	84 c3 0f 00 	add gr12 gr12 gr15
    5bb0:	80 00 00 00 	nop
    5bb4:	80 50 00 0f 	movc2g gr5
    5bb8:	94 50 2d 15 	movigl gr5 2d1 <.L0 +0x9>
    5bbc:	94 50 00 01 	movigh gr5 0 <Cla1Task1>
    5bc0:	95 54 01 15 	movigl gr21 4011 <$line_table_start0+0x1120>
    5bc4:	95 50 00 01 	movigh gr21 0 <Cla1Task1>
    5bc8:	80 05 40 0b 	movg2c gr21
    5bcc:	84 c3 15 00 	add gr12 gr12 gr21
    5bd0:	84 d3 45 06 	xor gr13 gr13 gr5
    5bd4:	84 e3 8c 00 	add gr14 gr14 gr12
    5bd8:	84 f3 cd 06 	xor gr15 gr15 gr13
    5bdc:	84 c3 0f 00 	add gr12 gr12 gr15
    5be0:	80 00 00 00 	nop
    5be4:	80 60 00 0f 	movc2g gr6
    5be8:	94 60 2d 25 	movigl gr6 2d2 <.L0 +0xa>
    5bec:	94 60 00 01 	movigh gr6 0 <Cla1Task1>
    5bf0:	95 64 00 15 	movigl gr22 4001 <$line_table_start0+0x1110>
    5bf4:	95 60 00 01 	movigh gr22 0 <Cla1Task1>
    5bf8:	80 05 80 0b 	movg2c gr22
    5bfc:	84 c3 16 00 	add gr12 gr12 gr22
    5c00:	84 d3 46 06 	xor gr13 gr13 gr6
    5c04:	84 e3 8c 00 	add gr14 gr14 gr12
    5c08:	84 f3 cd 06 	xor gr15 gr15 gr13
    5c0c:	84 c3 0f 00 	add gr12 gr12 gr15
    5c10:	80 00 00 00 	nop
    5c14:	80 70 00 0f 	movc2g gr7
    5c18:	94 70 2d 35 	movigl gr7 2d3 <.L0 +0xb>
    5c1c:	94 70 00 01 	movigh gr7 0 <Cla1Task1>
    5c20:	95 74 00 15 	movigl gr23 4001 <$line_table_start0+0x1110>
    5c24:	95 70 00 01 	movigh gr23 0 <Cla1Task1>
    5c28:	80 05 c0 0b 	movg2c gr23
    5c2c:	84 c3 17 00 	add gr12 gr12 gr23
    5c30:	84 d3 47 06 	xor gr13 gr13 gr7
    5c34:	84 e3 8c 00 	add gr14 gr14 gr12
    5c38:	84 f3 cd 06 	xor gr15 gr15 gr13
    5c3c:	84 c3 0f 00 	add gr12 gr12 gr15
    5c40:	80 00 00 00 	nop
    5c44:	80 80 00 0f 	movc2g gr8
    5c48:	94 80 2d 45 	movigl gr8 2d4 <.L0 +0xc>
    5c4c:	94 80 00 01 	movigh gr8 0 <Cla1Task1>
    5c50:	95 84 01 15 	movigl gr24 4011 <$line_table_start0+0x1120>
    5c54:	95 80 00 01 	movigh gr24 0 <Cla1Task1>
    5c58:	80 06 00 0b 	movg2c gr24
    5c5c:	84 c3 18 00 	add gr12 gr12 gr24
    5c60:	84 d3 48 06 	xor gr13 gr13 gr8
    5c64:	84 e3 8c 00 	add gr14 gr14 gr12
    5c68:	84 f3 cd 06 	xor gr15 gr15 gr13
    5c6c:	84 c3 0f 00 	add gr12 gr12 gr15
    5c70:	80 00 00 00 	nop
    5c74:	80 90 00 0f 	movc2g gr9
    5c78:	94 90 2d 55 	movigl gr9 2d5 <.L0 +0xd>
    5c7c:	94 90 00 01 	movigh gr9 0 <Cla1Task1>
    5c80:	95 94 00 15 	movigl gr25 4001 <$line_table_start0+0x1110>
    5c84:	95 90 00 01 	movigh gr25 0 <Cla1Task1>
    5c88:	80 06 40 0b 	movg2c gr25
    5c8c:	84 c3 19 00 	add gr12 gr12 gr25
    5c90:	84 d3 49 06 	xor gr13 gr13 gr9
    5c94:	84 e3 8c 00 	add gr14 gr14 gr12
    5c98:	84 f3 cd 06 	xor gr15 gr15 gr13
    5c9c:	84 c3 0f 00 	add gr12 gr12 gr15
    5ca0:	80 00 00 00 	nop
    5ca4:	80 a0 00 0f 	movc2g gr10
    5ca8:	94 a0 2d 65 	movigl gr10 2d6 <.L0 +0xe>
    5cac:	94 a0 00 01 	movigh gr10 0 <Cla1Task1>
    5cb0:	95 a4 00 15 	movigl gr26 4001 <$line_table_start0+0x1110>
    5cb4:	95 a0 00 01 	movigh gr26 0 <Cla1Task1>
    5cb8:	80 06 80 0b 	movg2c gr26
    5cbc:	84 c3 1a 00 	add gr12 gr12 gr26
    5cc0:	84 d3 4a 06 	xor gr13 gr13 gr10
    5cc4:	84 e3 8c 00 	add gr14 gr14 gr12
    5cc8:	84 f3 cd 06 	xor gr15 gr15 gr13
    5ccc:	84 c3 0f 00 	add gr12 gr12 gr15
    5cd0:	80 00 00 00 	nop
    5cd4:	80 b0 00 0f 	movc2g gr11
    5cd8:	94 b0 2d 75 	movigl gr11 2d7 <.L0 +0xf>
    5cdc:	94 b0 00 01 	movigh gr11 0 <Cla1Task1>
    5ce0:	95 b4 01 15 	movigl gr27 4011 <$line_table_start0+0x1120>
    5ce4:	95 b0 00 01 	movigh gr27 0 <Cla1Task1>
    5ce8:	80 06 c0 0b 	movg2c gr27
    5cec:	84 c3 1b 00 	add gr12 gr12 gr27
    5cf0:	84 d3 4b 06 	xor gr13 gr13 gr11
    5cf4:	84 e3 8c 00 	add gr14 gr14 gr12
    5cf8:	84 f3 cd 06 	xor gr15 gr15 gr13
    5cfc:	84 c3 0f 00 	add gr12 gr12 gr15
    5d00:	80 00 00 00 	nop
    5d04:	80 40 00 0f 	movc2g gr4
    5d08:	94 40 2d 85 	movigl gr4 2d8 <.L0 +0x10>
    5d0c:	94 40 00 01 	movigh gr4 0 <Cla1Task1>
    5d10:	95 44 00 15 	movigl gr20 4001 <$line_table_start0+0x1110>
    5d14:	95 40 00 01 	movigh gr20 0 <Cla1Task1>
    5d18:	80 05 00 0b 	movg2c gr20
    5d1c:	84 c3 14 00 	add gr12 gr12 gr20
    5d20:	84 d3 44 06 	xor gr13 gr13 gr4
    5d24:	84 e3 8c 00 	add gr14 gr14 gr12
    5d28:	84 f3 cd 06 	xor gr15 gr15 gr13
    5d2c:	84 c3 0f 00 	add gr12 gr12 gr15
    5d30:	80 00 00 00 	nop
    5d34:	80 50 00 0f 	movc2g gr5
    5d38:	94 50 2d 95 	movigl gr5 2d9 <.L0 +0x11>
    5d3c:	94 50 00 01 	movigh gr5 0 <Cla1Task1>
    5d40:	95 54 00 15 	movigl gr21 4001 <$line_table_start0+0x1110>
    5d44:	95 50 00 01 	movigh gr21 0 <Cla1Task1>
    5d48:	80 05 40 0b 	movg2c gr21
    5d4c:	84 c3 15 00 	add gr12 gr12 gr21
    5d50:	84 d3 45 06 	xor gr13 gr13 gr5
    5d54:	84 e3 8c 00 	add gr14 gr14 gr12
    5d58:	84 f3 cd 06 	xor gr15 gr15 gr13
    5d5c:	84 c3 0f 00 	add gr12 gr12 gr15
    5d60:	80 00 00 00 	nop
    5d64:	80 60 00 0f 	movc2g gr6
    5d68:	94 60 2d a5 	movigl gr6 2da <.L0 +0x12>
    5d6c:	94 60 00 01 	movigh gr6 0 <Cla1Task1>
    5d70:	95 64 01 15 	movigl gr22 4011 <$line_table_start0+0x1120>
    5d74:	95 60 00 01 	movigh gr22 0 <Cla1Task1>
    5d78:	80 05 80 0b 	movg2c gr22
    5d7c:	84 c3 16 00 	add gr12 gr12 gr22
    5d80:	84 d3 46 06 	xor gr13 gr13 gr6
    5d84:	84 e3 8c 00 	add gr14 gr14 gr12
    5d88:	84 f3 cd 06 	xor gr15 gr15 gr13
    5d8c:	84 c3 0f 00 	add gr12 gr12 gr15
    5d90:	80 00 00 00 	nop
    5d94:	80 70 00 0f 	movc2g gr7
    5d98:	94 70 2d b5 	movigl gr7 2db <.L0 +0x13>
    5d9c:	94 70 00 01 	movigh gr7 0 <Cla1Task1>
    5da0:	95 74 00 15 	movigl gr23 4001 <$line_table_start0+0x1110>
    5da4:	95 70 00 01 	movigh gr23 0 <Cla1Task1>
    5da8:	80 05 c0 0b 	movg2c gr23
    5dac:	84 c3 17 00 	add gr12 gr12 gr23
    5db0:	84 d3 47 06 	xor gr13 gr13 gr7
    5db4:	84 e3 8c 00 	add gr14 gr14 gr12
    5db8:	84 f3 cd 06 	xor gr15 gr15 gr13
    5dbc:	84 c3 0f 00 	add gr12 gr12 gr15
    5dc0:	80 00 00 00 	nop
    5dc4:	80 80 00 0f 	movc2g gr8
    5dc8:	94 80 2d c5 	movigl gr8 2dc <.L0 +0x14>
    5dcc:	94 80 00 01 	movigh gr8 0 <Cla1Task1>
    5dd0:	95 84 00 15 	movigl gr24 4001 <$line_table_start0+0x1110>
    5dd4:	95 80 00 01 	movigh gr24 0 <Cla1Task1>
    5dd8:	80 06 00 0b 	movg2c gr24
    5ddc:	84 c3 18 00 	add gr12 gr12 gr24
    5de0:	84 d3 48 06 	xor gr13 gr13 gr8
    5de4:	84 e3 8c 00 	add gr14 gr14 gr12
    5de8:	84 f3 cd 06 	xor gr15 gr15 gr13
    5dec:	84 c3 0f 00 	add gr12 gr12 gr15
    5df0:	80 00 00 00 	nop
    5df4:	80 90 00 0f 	movc2g gr9
    5df8:	94 90 2d d5 	movigl gr9 2dd <.L0 +0x15>
    5dfc:	94 90 00 01 	movigh gr9 0 <Cla1Task1>
    5e00:	95 94 01 15 	movigl gr25 4011 <$line_table_start0+0x1120>
    5e04:	95 90 00 01 	movigh gr25 0 <Cla1Task1>
    5e08:	80 06 40 0b 	movg2c gr25
    5e0c:	84 c3 19 00 	add gr12 gr12 gr25
    5e10:	84 d3 49 06 	xor gr13 gr13 gr9
    5e14:	84 e3 8c 00 	add gr14 gr14 gr12
    5e18:	84 f3 cd 06 	xor gr15 gr15 gr13
    5e1c:	84 c3 0f 00 	add gr12 gr12 gr15
    5e20:	80 00 00 00 	nop
    5e24:	80 a0 00 0f 	movc2g gr10
    5e28:	94 a0 2d e5 	movigl gr10 2de <.L0 +0x16>
    5e2c:	94 a0 00 01 	movigh gr10 0 <Cla1Task1>
    5e30:	95 a4 00 15 	movigl gr26 4001 <$line_table_start0+0x1110>
    5e34:	95 a0 00 01 	movigh gr26 0 <Cla1Task1>
    5e38:	80 06 80 0b 	movg2c gr26
    5e3c:	84 c3 1a 00 	add gr12 gr12 gr26
    5e40:	84 d3 4a 06 	xor gr13 gr13 gr10
    5e44:	84 e3 8c 00 	add gr14 gr14 gr12
    5e48:	84 f3 cd 06 	xor gr15 gr15 gr13
    5e4c:	84 c3 0f 00 	add gr12 gr12 gr15
    5e50:	80 00 00 00 	nop
    5e54:	80 b0 00 0f 	movc2g gr11
    5e58:	94 b0 2d f5 	movigl gr11 2df <.L0 +0x17>
    5e5c:	94 b0 00 01 	movigh gr11 0 <Cla1Task1>
    5e60:	95 b4 00 15 	movigl gr27 4001 <$line_table_start0+0x1110>
    5e64:	95 b0 00 01 	movigh gr27 0 <Cla1Task1>
    5e68:	80 06 c0 0b 	movg2c gr27
    5e6c:	84 c3 1b 00 	add gr12 gr12 gr27
    5e70:	84 d3 4b 06 	xor gr13 gr13 gr11
    5e74:	84 e3 8c 00 	add gr14 gr14 gr12
    5e78:	84 f3 cd 06 	xor gr15 gr15 gr13
    5e7c:	84 c3 0f 00 	add gr12 gr12 gr15
    5e80:	80 00 00 00 	nop
    5e84:	80 40 00 0f 	movc2g gr4
    5e88:	94 40 2e 05 	movigl gr4 2e0 <.L0 >
    5e8c:	94 40 00 01 	movigh gr4 0 <Cla1Task1>
    5e90:	95 44 01 15 	movigl gr20 4011 <$line_table_start0+0x1120>
    5e94:	95 40 00 01 	movigh gr20 0 <Cla1Task1>
    5e98:	80 05 00 0b 	movg2c gr20
    5e9c:	84 c3 14 00 	add gr12 gr12 gr20
    5ea0:	84 d3 44 06 	xor gr13 gr13 gr4
    5ea4:	84 e3 8c 00 	add gr14 gr14 gr12
    5ea8:	84 f3 cd 06 	xor gr15 gr15 gr13
    5eac:	84 c3 0f 00 	add gr12 gr12 gr15
    5eb0:	80 00 00 00 	nop
    5eb4:	80 50 00 0f 	movc2g gr5
    5eb8:	94 50 2e 15 	movigl gr5 2e1 <.L0 +0x1>
    5ebc:	94 50 00 01 	movigh gr5 0 <Cla1Task1>
    5ec0:	95 54 00 15 	movigl gr21 4001 <$line_table_start0+0x1110>
    5ec4:	95 50 00 01 	movigh gr21 0 <Cla1Task1>
    5ec8:	80 05 40 0b 	movg2c gr21
    5ecc:	84 c3 15 00 	add gr12 gr12 gr21
    5ed0:	84 d3 45 06 	xor gr13 gr13 gr5
    5ed4:	84 e3 8c 00 	add gr14 gr14 gr12
    5ed8:	84 f3 cd 06 	xor gr15 gr15 gr13
    5edc:	84 c3 0f 00 	add gr12 gr12 gr15
    5ee0:	80 00 00 00 	nop
    5ee4:	80 60 00 0f 	movc2g gr6
    5ee8:	94 60 2e 25 	movigl gr6 2e2 <.L0 +0x2>
    5eec:	94 60 00 01 	movigh gr6 0 <Cla1Task1>
    5ef0:	95 64 00 15 	movigl gr22 4001 <$line_table_start0+0x1110>
    5ef4:	95 60 00 01 	movigh gr22 0 <Cla1Task1>
    5ef8:	80 05 80 0b 	movg2c gr22
    5efc:	84 c3 16 00 	add gr12 gr12 gr22
    5f00:	84 d3 46 06 	xor gr13 gr13 gr6
    5f04:	84 e3 8c 00 	add gr14 gr14 gr12
    5f08:	84 f3 cd 06 	xor gr15 gr15 gr13
    5f0c:	84 c3 0f 00 	add gr12 gr12 gr15
    5f10:	80 00 00 00 	nop
    5f14:	80 70 00 0f 	movc2g gr7
    5f18:	94 70 2e 35 	movigl gr7 2e3 <.L0 +0x3>
    5f1c:	94 70 00 01 	movigh gr7 0 <Cla1Task1>
    5f20:	95 74 01 15 	movigl gr23 4011 <$line_table_start0+0x1120>
    5f24:	95 70 00 01 	movigh gr23 0 <Cla1Task1>
    5f28:	80 05 c0 0b 	movg2c gr23
    5f2c:	84 c3 17 00 	add gr12 gr12 gr23
    5f30:	84 d3 47 06 	xor gr13 gr13 gr7
    5f34:	84 e3 8c 00 	add gr14 gr14 gr12
    5f38:	84 f3 cd 06 	xor gr15 gr15 gr13
    5f3c:	84 c3 0f 00 	add gr12 gr12 gr15
    5f40:	80 00 00 00 	nop
    5f44:	80 80 00 0f 	movc2g gr8
    5f48:	94 80 2e 45 	movigl gr8 2e4 <Cla1Task6>
    5f4c:	94 80 00 01 	movigh gr8 0 <Cla1Task1>
    5f50:	95 84 00 15 	movigl gr24 4001 <$line_table_start0+0x1110>
    5f54:	95 80 00 01 	movigh gr24 0 <Cla1Task1>
    5f58:	80 06 00 0b 	movg2c gr24
    5f5c:	84 c3 18 00 	add gr12 gr12 gr24
    5f60:	84 d3 48 06 	xor gr13 gr13 gr8
    5f64:	84 e3 8c 00 	add gr14 gr14 gr12
    5f68:	84 f3 cd 06 	xor gr15 gr15 gr13
    5f6c:	84 c3 0f 00 	add gr12 gr12 gr15
    5f70:	80 00 00 00 	nop
    5f74:	80 90 00 0f 	movc2g gr9
    5f78:	94 90 2e 55 	movigl gr9 2e5 <Cla1Task6+0x1>
    5f7c:	94 90 00 01 	movigh gr9 0 <Cla1Task1>
    5f80:	95 94 00 15 	movigl gr25 4001 <$line_table_start0+0x1110>
    5f84:	95 90 00 01 	movigh gr25 0 <Cla1Task1>
    5f88:	80 06 40 0b 	movg2c gr25
    5f8c:	84 c3 19 00 	add gr12 gr12 gr25
    5f90:	84 d3 49 06 	xor gr13 gr13 gr9
    5f94:	84 e3 8c 00 	add gr14 gr14 gr12
    5f98:	84 f3 cd 06 	xor gr15 gr15 gr13
    5f9c:	84 c3 0f 00 	add gr12 gr12 gr15
    5fa0:	80 00 00 00 	nop
    5fa4:	80 a0 00 0f 	movc2g gr10
    5fa8:	94 a0 2e 65 	movigl gr10 2e6 <Cla1Task6+0x2>
    5fac:	94 a0 00 01 	movigh gr10 0 <Cla1Task1>
    5fb0:	95 a4 01 15 	movigl gr26 4011 <$line_table_start0+0x1120>
    5fb4:	95 a0 00 01 	movigh gr26 0 <Cla1Task1>
    5fb8:	80 06 80 0b 	movg2c gr26
    5fbc:	84 c3 1a 00 	add gr12 gr12 gr26
    5fc0:	84 d3 4a 06 	xor gr13 gr13 gr10
    5fc4:	84 e3 8c 00 	add gr14 gr14 gr12
    5fc8:	84 f3 cd 06 	xor gr15 gr15 gr13
    5fcc:	84 c3 0f 00 	add gr12 gr12 gr15
    5fd0:	80 00 00 00 	nop
    5fd4:	80 b0 00 0f 	movc2g gr11
    5fd8:	94 b0 2e 75 	movigl gr11 2e7 <Cla1Task6+0x3>
    5fdc:	94 b0 00 01 	movigh gr11 0 <Cla1Task1>
    5fe0:	95 b4 00 15 	movigl gr27 4001 <$line_table_start0+0x1110>
    5fe4:	95 b0 00 01 	movigh gr27 0 <Cla1Task1>
    5fe8:	80 06 c0 0b 	movg2c gr27
    5fec:	84 c3 1b 00 	add gr12 gr12 gr27
    5ff0:	84 d3 4b 06 	xor gr13 gr13 gr11
    5ff4:	84 e3 8c 00 	add gr14 gr14 gr12
    5ff8:	84 f3 cd 06 	xor gr15 gr15 gr13
    5ffc:	84 c3 0f 00 	add gr12 gr12 gr15
    6000:	80 00 00 00 	nop
    6004:	80 40 00 0f 	movc2g gr4
    6008:	94 40 2e 85 	movigl gr4 2e8 <Cla1Task6+0x4>
    600c:	94 40 00 01 	movigh gr4 0 <Cla1Task1>
    6010:	95 44 00 15 	movigl gr20 4001 <$line_table_start0+0x1110>
    6014:	95 40 00 01 	movigh gr20 0 <Cla1Task1>
    6018:	80 05 00 0b 	movg2c gr20
    601c:	84 c3 14 00 	add gr12 gr12 gr20
    6020:	84 d3 44 06 	xor gr13 gr13 gr4
    6024:	84 e3 8c 00 	add gr14 gr14 gr12
    6028:	84 f3 cd 06 	xor gr15 gr15 gr13
    602c:	84 c3 0f 00 	add gr12 gr12 gr15
    6030:	80 00 00 00 	nop
    6034:	80 50 00 0f 	movc2g gr5
    6038:	94 50 2e 95 	movigl gr5 2e9 <Cla1Task6+0x5>
    603c:	94 50 00 01 	movigh gr5 0 <Cla1Task1>
    6040:	95 54 01 15 	movigl gr21 4011 <$line_table_start0+0x1120>
    6044:	95 50 00 01 	movigh gr21 0 <Cla1Task1>
    6048:	80 05 40 0b 	movg2c gr21
    604c:	84 c3 15 00 	add gr12 gr12 gr21
    6050:	84 d3 45 06 	xor gr13 gr13 gr5
    6054:	84 e3 8c 00 	add gr14 gr14 gr12
    6058:	84 f3 cd 06 	xor gr15 gr15 gr13
    605c:	84 c3 0f 00 	add gr12 gr12 gr15
    6060:	80 00 00 00 	nop
    6064:	80 60 00 0f 	movc2g gr6
    6068:	94 60 2e a5 	movigl gr6 2ea <Cla1Task6+0x6>
    606c:	94 60 00 01 	movigh gr6 0 <Cla1Task1>
    6070:	95 64 00 15 	movigl gr22 4001 <$line_table_start0+0x1110>
    6074:	95 60 00 01 	movigh gr22 0 <Cla1Task1>
    6078:	80 05 80 0b 	movg2c gr22
    607c:	84 c3 16 00 	add gr12 gr12 gr22
    6080:	84 d3 46 06 	xor gr13 gr13 gr6
    6084:	84 e3 8c 00 	add gr14 gr14 gr12
    6088:	84 f3 cd 06 	xor gr15 gr15 gr13
    608c:	84 c3 0f 00 	add gr12 gr12 gr15
    6090:	80 00 00 00 	nop
    6094:	80 70 00 0f 	movc2g gr7
    6098:	94 70 2e b5 	movigl gr7 2eb <Cla1Task6+0x7>
    609c:	94 70 00 01 	movigh gr7 0 <Cla1Task1>
    60a0:	95 74 00 15 	movigl gr23 4001 <$line_table_start0+0x1110>
    60a4:	95 70 00 01 	movigh gr23 0 <Cla1Task1>
    60a8:	80 05 c0 0b 	movg2c gr23
    60ac:	84 c3 17 00 	add gr12 gr12 gr23
    60b0:	84 d3 47 06 	xor gr13 gr13 gr7
    60b4:	84 e3 8c 00 	add gr14 gr14 gr12
    60b8:	84 f3 cd 06 	xor gr15 gr15 gr13
    60bc:	84 c3 0f 00 	add gr12 gr12 gr15
    60c0:	80 00 00 00 	nop
    60c4:	80 80 00 0f 	movc2g gr8
    60c8:	94 80 2e c5 	movigl gr8 2ec <Cla1Task6+0x8>
    60cc:	94 80 00 01 	movigh gr8 0 <Cla1Task1>
    60d0:	95 84 01 15 	movigl gr24 4011 <$line_table_start0+0x1120>
    60d4:	95 80 00 01 	movigh gr24 0 <Cla1Task1>
    60d8:	80 06 00 0b 	movg2c gr24
    60dc:	84 c3 18 00 	add gr12 gr12 gr24
    60e0:	84 d3 48 06 	xor gr13 gr13 gr8
    60e4:	84 e3 8c 00 	add gr14 gr14 gr12
    60e8:	84 f3 cd 06 	xor gr15 gr15 gr13
    60ec:	84 c3 0f 00 	add gr12 gr12 gr15
    60f0:	80 00 00 00 	nop
    60f4:	80 90 00 0f 	movc2g gr9
    60f8:	94 90 2e d5 	movigl gr9 2ed <Cla1Task6+0x9>
    60fc:	94 90 00 01 	movigh gr9 0 <Cla1Task1>
    6100:	95 94 00 15 	movigl gr25 4001 <$line_table_start0+0x1110>
    6104:	95 90 00 01 	movigh gr25 0 <Cla1Task1>
    6108:	80 06 40 0b 	movg2c gr25
    610c:	84 c3 19 00 	add gr12 gr12 gr25
    6110:	84 d3 49 06 	xor gr13 gr13 gr9
    6114:	84 e3 8c 00 	add gr14 gr14 gr12
    6118:	84 f3 cd 06 	xor gr15 gr15 gr13
    611c:	84 c3 0f 00 	add gr12 gr12 gr15
    6120:	80 00 00 00 	nop
    6124:	80 a0 00 0f 	movc2g gr10
    6128:	94 a0 2e e5 	movigl gr10 2ee <Cla1Task6+0xa>
    612c:	94 a0 00 01 	movigh gr10 0 <Cla1Task1>
    6130:	95 a4 00 15 	movigl gr26 4001 <$line_table_start0+0x1110>
    6134:	95 a0 00 01 	movigh gr26 0 <Cla1Task1>
    6138:	80 06 80 0b 	movg2c gr26
    613c:	84 c3 1a 00 	add gr12 gr12 gr26
    6140:	84 d3 4a 06 	xor gr13 gr13 gr10
    6144:	84 e3 8c 00 	add gr14 gr14 gr12
    6148:	84 f3 cd 06 	xor gr15 gr15 gr13
    614c:	84 c3 0f 00 	add gr12 gr12 gr15
    6150:	80 00 00 00 	nop
    6154:	80 b0 00 0f 	movc2g gr11
    6158:	94 b0 2e f5 	movigl gr11 2ef <Cla1Task6+0xb>
    615c:	94 b0 00 01 	movigh gr11 0 <Cla1Task1>
    6160:	95 b4 01 15 	movigl gr27 4011 <$line_table_start0+0x1120>
    6164:	95 b0 00 01 	movigh gr27 0 <Cla1Task1>
    6168:	80 06 c0 0b 	movg2c gr27
    616c:	84 c3 1b 00 	add gr12 gr12 gr27
    6170:	84 d3 4b 06 	xor gr13 gr13 gr11
    6174:	84 e3 8c 00 	add gr14 gr14 gr12
    6178:	84 f3 cd 06 	xor gr15 gr15 gr13
    617c:	84 c3 0f 00 	add gr12 gr12 gr15
    6180:	80 00 00 00 	nop
    6184:	80 40 00 0f 	movc2g gr4
    6188:	94 40 2f 05 	movigl gr4 2f0 <Cla1Task6+0xc>
    618c:	94 40 00 01 	movigh gr4 0 <Cla1Task1>
    6190:	95 44 00 15 	movigl gr20 4001 <$line_table_start0+0x1110>
    6194:	95 40 00 01 	movigh gr20 0 <Cla1Task1>
    6198:	80 05 00 0b 	movg2c gr20
    619c:	84 c3 14 00 	add gr12 gr12 gr20
    61a0:	84 d3 44 06 	xor gr13 gr13 gr4
    61a4:	84 e3 8c 00 	add gr14 gr14 gr12
    61a8:	84 f3 cd 06 	xor gr15 gr15 gr13
    61ac:	84 c3 0f 00 	add gr12 gr12 gr15
    61b0:	80 00 00 00 	nop
    61b4:	80 50 00 0f 	movc2g gr5
    61b8:	94 50 2f 15 	movigl gr5 2f1 <Cla1Task6+0xd>
    61bc:	94 50 00 01 	movigh gr5 0 <Cla1Task1>
    61c0:	95 54 00 15 	movigl gr21 4001 <$line_table_start0+0x1110>
    61c4:	95 50 00 01 	movigh gr21 0 <Cla1Task1>
    61c8:	80 05 40 0b 	movg2c gr21
    61cc:	84 c3 15 00 	add gr12 gr12 gr21
    61d0:	84 d3 45 06 	xor gr13 gr13 gr5
    61d4:	84 e3 8c 00 	add gr14 gr14 gr12
    61d8:	84 f3 cd 06 	xor gr15 gr15 gr13
    61dc:	84 c3 0f 00 	add gr12 gr12 gr15
    61e0:	80 00 00 00 	nop
    61e4:	80 60 00 0f 	movc2g gr6
    61e8:	94 60 2f 25 	movigl gr6 2f2 <Cla1Task6+0xe>
    61ec:	94 60 00 01 	movigh gr6 0 <Cla1Task1>
    61f0:	95 64 01 15 	movigl gr22 4011 <$line_table_start0+0x1120>
    61f4:	95 60 00 01 	movigh gr22 0 <Cla1Task1>
    61f8:	80 05 80 0b 	movg2c gr22
    61fc:	84 c3 16 00 	add gr12 gr12 gr22
    6200:	84 d3 46 06 	xor gr13 gr13 gr6
    6204:	84 e3 8c 00 	add gr14 gr14 gr12
    6208:	84 f3 cd 06 	xor gr15 gr15 gr13
    620c:	84 c3 0f 00 	add gr12 gr12 gr15
    6210:	80 00 00 00 	nop
    6214:	80 70 00 0f 	movc2g gr7
    6218:	94 70 2f 35 	movigl gr7 2f3 <Cla1Task6+0xf>
    621c:	94 70 00 01 	movigh gr7 0 <Cla1Task1>
    6220:	95 74 00 15 	movigl gr23 4001 <$line_table_start0+0x1110>
    6224:	95 70 00 01 	movigh gr23 0 <Cla1Task1>
    6228:	80 05 c0 0b 	movg2c gr23
    622c:	84 c3 17 00 	add gr12 gr12 gr23
    6230:	84 d3 47 06 	xor gr13 gr13 gr7
    6234:	84 e3 8c 00 	add gr14 gr14 gr12
    6238:	84 f3 cd 06 	xor gr15 gr15 gr13
    623c:	84 c3 0f 00 	add gr12 gr12 gr15
    6240:	80 00 00 00 	nop
    6244:	80 80 00 0f 	movc2g gr8
    6248:	94 80 2f 45 	movigl gr8 2f4 <Cla1Task6+0x10>
    624c:	94 80 00 01 	movigh gr8 0 <Cla1Task1>
    6250:	95 84 00 15 	movigl gr24 4001 <$line_table_start0+0x1110>
    6254:	95 80 00 01 	movigh gr24 0 <Cla1Task1>
    6258:	80 06 00 0b 	movg2c gr24
    625c:	84 c3 18 00 	add gr12 gr12 gr24
    6260:	84 d3 48 06 	xor gr13 gr13 gr8
    6264:	84 e3 8c 00 	add gr14 gr14 gr12
    6268:	84 f3 cd 06 	xor gr15 gr15 gr13
    626c:	84 c3 0f 00 	add gr12 gr12 gr15
    6270:	80 00 00 00 	nop
    6274:	80 90 00 0f 	movc2g gr9
    6278:	94 90 2f 55 	movigl gr9 2f5 <Cla1Task6+0x11>
    627c:	94 90 00 01 	movigh gr9 0 <Cla1Task1>
    6280:	95 94 01 15 	movigl gr25 4011 <$line_table_start0+0x1120>
    6284:	95 90 00 01 	movigh gr25 0 <Cla1Task1>
    6288:	80 06 40 0b 	movg2c gr25
    628c:	84 c3 19 00 	add gr12 gr12 gr25
    6290:	84 d3 49 06 	xor gr13 gr13 gr9
    6294:	84 e3 8c 00 	add gr14 gr14 gr12
    6298:	84 f3 cd 06 	xor gr15 gr15 gr13
    629c:	84 c3 0f 00 	add gr12 gr12 gr15
    62a0:	80 00 00 00 	nop
    62a4:	80 a0 00 0f 	movc2g gr10
    62a8:	94 a0 2f 65 	movigl gr10 2f6 <Cla1Task6+0x12>
    62ac:	94 a0 00 01 	movigh gr10 0 <Cla1Task1>
    62b0:	95 a4 00 15 	movigl gr26 4001 <$line_table_start0+0x1110>
    62b4:	95 a0 00 01 	movigh gr26 0 <Cla1Task1>
    62b8:	80 06 80 0b 	movg2c gr26
    62bc:	84 c3 1a 00 	add gr12 gr12 gr26
    62c0:	84 d3 4a 06 	xor gr13 gr13 gr10
    62c4:	84 e3 8c 00 	add gr14 gr14 gr12
    62c8:	84 f3 cd 06 	xor gr15 gr15 gr13
    62cc:	84 c3 0f 00 	add gr12 gr12 gr15
    62d0:	80 00 00 00 	nop
    62d4:	80 b0 00 0f 	movc2g gr11
    62d8:	94 b0 2f 75 	movigl gr11 2f7 <Cla1Task6+0x13>
    62dc:	94 b0 00 01 	movigh gr11 0 <Cla1Task1>
    62e0:	95 b4 00 15 	movigl gr27 4001 <$line_table_start0+0x1110>
    62e4:	95 b0 00 01 	movigh gr27 0 <Cla1Task1>
    62e8:	80 06 c0 0b 	movg2c gr27
    62ec:	84 c3 1b 00 	add gr12 gr12 gr27
    62f0:	84 d3 4b 06 	xor gr13 gr13 gr11
    62f4:	84 e3 8c 00 	add gr14 gr14 gr12
    62f8:	84 f3 cd 06 	xor gr15 gr15 gr13
    62fc:	84 c3 0f 00 	add gr12 gr12 gr15
    6300:	80 00 00 00 	nop
    6304:	80 40 00 0f 	movc2g gr4
    6308:	94 40 2f 85 	movigl gr4 2f8 <Cla1Task6+0x14>
    630c:	94 40 00 01 	movigh gr4 0 <Cla1Task1>
    6310:	95 44 01 15 	movigl gr20 4011 <$line_table_start0+0x1120>
    6314:	95 40 00 01 	movigh gr20 0 <Cla1Task1>
    6318:	80 05 00 0b 	movg2c gr20
    631c:	84 c3 14 00 	add gr12 gr12 gr20
    6320:	84 d3 44 06 	xor gr13 gr13 gr4
    6324:	84 e3 8c 00 	add gr14 gr14 gr12
    6328:	84 f3 cd 06 	xor gr15 gr15 gr13
    632c:	84 c3 0f 00 	add gr12 gr12 gr15
    6330:	80 00 00 00 	nop
    6334:	80 50 00 0f 	movc2g gr5
    6338:	94 50 2f 95 	movigl gr5 2f9 <Cla1Task6+0x15>
    633c:	94 50 00 01 	movigh gr5 0 <Cla1Task1>
    6340:	95 54 00 15 	movigl gr21 4001 <$line_table_start0+0x1110>
    6344:	95 50 00 01 	movigh gr21 0 <Cla1Task1>
    6348:	80 05 40 0b 	movg2c gr21
    634c:	84 c3 15 00 	add gr12 gr12 gr21
    6350:	84 d3 45 06 	xor gr13 gr13 gr5
    6354:	84 e3 8c 00 	add gr14 gr14 gr12
    6358:	84 f3 cd 06 	xor gr15 gr15 gr13
    635c:	84 c3 0f 00 	add gr12 gr12 gr15
    6360:	80 00 00 00 	nop
    6364:	80 60 00 0f 	movc2g gr6
    6368:	94 60 2f a5 	movigl gr6 2fa <Cla1Task6+0x16>
    636c:	94 60 00 01 	movigh gr6 0 <Cla1Task1>
    6370:	95 64 00 15 	movigl gr22 4001 <$line_table_start0+0x1110>
    6374:	95 60 00 01 	movigh gr22 0 <Cla1Task1>
    6378:	80 05 80 0b 	movg2c gr22
    637c:	84 c3 16 00 	add gr12 gr12 gr22
    6380:	84 d3 46 06 	xor gr13 gr13 gr6
    6384:	84 e3 8c 00 	add gr14 gr14 gr12
    6388:	84 f3 cd 06 	xor gr15 gr15 gr13
    638c:	84 c3 0f 00 	add gr12 gr12 gr15
    6390:	80 00 00 00 	nop
    6394:	80 70 00 0f 	movc2g gr7
    6398:	94 70 2f b5 	movigl gr7 2fb <Cla1Task6+0x17>
    639c:	94 70 00 01 	movigh gr7 0 <Cla1Task1>
    63a0:	95 74 01 15 	movigl gr23 4011 <$line_table_start0+0x1120>
    63a4:	95 70 00 01 	movigh gr23 0 <Cla1Task1>
    63a8:	80 05 c0 0b 	movg2c gr23
    63ac:	84 c3 17 00 	add gr12 gr12 gr23
    63b0:	84 d3 47 06 	xor gr13 gr13 gr7
    63b4:	84 e3 8c 00 	add gr14 gr14 gr12
    63b8:	84 f3 cd 06 	xor gr15 gr15 gr13
    63bc:	84 c3 0f 00 	add gr12 gr12 gr15
    63c0:	80 00 00 00 	nop
    63c4:	80 80 00 0f 	movc2g gr8
    63c8:	94 80 2f c5 	movigl gr8 2fc <Cla1Task6+0x18>
    63cc:	94 80 00 01 	movigh gr8 0 <Cla1Task1>
    63d0:	95 84 00 15 	movigl gr24 4001 <$line_table_start0+0x1110>
    63d4:	95 80 00 01 	movigh gr24 0 <Cla1Task1>
    63d8:	80 06 00 0b 	movg2c gr24
    63dc:	84 c3 18 00 	add gr12 gr12 gr24
    63e0:	84 d3 48 06 	xor gr13 gr13 gr8
    63e4:	84 e3 8c 00 	add gr14 gr14 gr12
    63e8:	84 f3 cd 06 	xor gr15 gr15 gr13
    63ec:	84 c3 0f 00 	add gr12 gr12 gr15
    63f0:	80 00 00 00 	nop
    63f4:	80 90 00 0f 	movc2g gr9
    63f8:	94 90 2f d5 	movigl gr9 2fd <Cla1Task6+0x19>
    63fc:	94 90 00 01 	movigh gr9 0 <Cla1Task1>
    6400:	95 94 00 15 	movigl gr25 4001 <$line_table_start0+0x1110>
    6404:	95 90 00 01 	movigh gr25 0 <Cla1Task1>
    6408:	80 06 40 0b 	movg2c gr25
    640c:	84 c3 19 00 	add gr12 gr12 gr25
    6410:	84 d3 49 06 	xor gr13 gr13 gr9
    6414:	84 e3 8c 00 	add gr14 gr14 gr12
    6418:	84 f3 cd 06 	xor gr15 gr15 gr13
    641c:	84 c3 0f 00 	add gr12 gr12 gr15
    6420:	80 00 00 00 	nop
    6424:	80 a0 00 0f 	movc2g gr10
    6428:	94 a0 2f e5 	movigl gr10 2fe <Cla1Task6+0x1a>
    642c:	94 a0 00 01 	movigh gr10 0 <Cla1Task1>
    6430:	95 a4 01 15 	movigl gr26 4011 <$line_table_start0+0x1120>
    6434:	95 a0 00 01 	movigh gr26 0 <Cla1Task1>
    6438:	80 06 80 0b 	movg2c gr26
    643c:	84 c3 1a 00 	add gr12 gr12 gr26
    6440:	84 d3 4a 06 	xor gr13 gr13 gr10
    6444:	84 e3 8c 00 	add gr14 gr14 gr12
    6448:	84 f3 cd 06 	xor gr15 gr15 gr13
    644c:	84 c3 0f 00 	add gr12 gr12 gr15
    6450:	80 00 00 00 	nop
    6454:	80 b0 00 0f 	movc2g gr11
    6458:	94 b0 2f f5 	movigl gr11 2ff <Cla1Task6+0x1b>
    645c:	94 b0 00 01 	movigh gr11 0 <Cla1Task1>
    6460:	95 b4 00 15 	movigl gr27 4001 <$line_table_start0+0x1110>
    6464:	95 b0 00 01 	movigh gr27 0 <Cla1Task1>
    6468:	80 06 c0 0b 	movg2c gr27
    646c:	84 c3 1b 00 	add gr12 gr12 gr27
    6470:	84 d3 4b 06 	xor gr13 gr13 gr11
    6474:	84 e3 8c 00 	add gr14 gr14 gr12
    6478:	84 f3 cd 06 	xor gr15 gr15 gr13
    647c:	84 c3 0f 00 	add gr12 gr12 gr15
    6480:	80 00 00 00 	nop
    6484:	80 40 00 0f 	movc2g gr4
    6488:	94 40 30 05 	movigl gr4 300 <Cla1Task6+0x1c>
    648c:	94 40 00 01 	movigh gr4 0 <Cla1Task1>
    6490:	95 44 00 15 	movigl gr20 4001 <$line_table_start0+0x1110>
    6494:	95 40 00 01 	movigh gr20 0 <Cla1Task1>
    6498:	80 05 00 0b 	movg2c gr20
    649c:	84 c3 14 00 	add gr12 gr12 gr20
    64a0:	84 d3 44 06 	xor gr13 gr13 gr4
    64a4:	84 e3 8c 00 	add gr14 gr14 gr12
    64a8:	84 f3 cd 06 	xor gr15 gr15 gr13
    64ac:	84 c3 0f 00 	add gr12 gr12 gr15
    64b0:	80 00 00 00 	nop
    64b4:	80 50 00 0f 	movc2g gr5
    64b8:	94 50 30 15 	movigl gr5 301 <Cla1Task6+0x1d>
    64bc:	94 50 00 01 	movigh gr5 0 <Cla1Task1>
    64c0:	95 54 01 15 	movigl gr21 4011 <$line_table_start0+0x1120>
    64c4:	95 50 00 01 	movigh gr21 0 <Cla1Task1>
    64c8:	80 05 40 0b 	movg2c gr21
    64cc:	84 c3 15 00 	add gr12 gr12 gr21
    64d0:	84 d3 45 06 	xor gr13 gr13 gr5
    64d4:	84 e3 8c 00 	add gr14 gr14 gr12
    64d8:	84 f3 cd 06 	xor gr15 gr15 gr13
    64dc:	84 c3 0f 00 	add gr12 gr12 gr15
    64e0:	80 00 00 00 	nop
    64e4:	80 60 00 0f 	movc2g gr6
    64e8:	94 60 30 25 	movigl gr6 302 <Cla1Task6+0x1e>
    64ec:	94 60 00 01 	movigh gr6 0 <Cla1Task1>
    64f0:	95 64 00 15 	movigl gr22 4001 <$line_table_start0+0x1110>
    64f4:	95 60 00 01 	movigh gr22 0 <Cla1Task1>
    64f8:	80 05 80 0b 	movg2c gr22
    64fc:	84 c3 16 00 	add gr12 gr12 gr22
    6500:	84 d3 46 06 	xor gr13 gr13 gr6
    6504:	84 e3 8c 00 	add gr14 gr14 gr12
    6508:	84 f3 cd 06 	xor gr15 gr15 gr13
    650c:	84 c3 0f 00 	add gr12 gr12 gr15
    6510:	80 00 00 00 	nop
    6514:	80 70 00 0f 	movc2g gr7
    6518:	94 70 30 35 	movigl gr7 303 <Cla1Task6+0x1f>
    651c:	94 70 00 01 	movigh gr7 0 <Cla1Task1>
    6520:	95 74 00 15 	movigl gr23 4001 <$line_table_start0+0x1110>
    6524:	95 70 00 01 	movigh gr23 0 <Cla1Task1>
    6528:	80 05 c0 0b 	movg2c gr23
    652c:	84 c3 17 00 	add gr12 gr12 gr23
    6530:	84 d3 47 06 	xor gr13 gr13 gr7
    6534:	84 e3 8c 00 	add gr14 gr14 gr12
    6538:	84 f3 cd 06 	xor gr15 gr15 gr13
    653c:	84 c3 0f 00 	add gr12 gr12 gr15
    6540:	80 00 00 00 	nop
    6544:	80 80 00 0f 	movc2g gr8
    6548:	94 80 30 45 	movigl gr8 304 <Cla1Task6+0x20>
    654c:	94 80 00 01 	movigh gr8 0 <Cla1Task1>
    6550:	95 84 01 15 	movigl gr24 4011 <$line_table_start0+0x1120>
    6554:	95 80 00 01 	movigh gr24 0 <Cla1Task1>
    6558:	80 06 00 0b 	movg2c gr24
    655c:	84 c3 18 00 	add gr12 gr12 gr24
    6560:	84 d3 48 06 	xor gr13 gr13 gr8
    6564:	84 e3 8c 00 	add gr14 gr14 gr12
    6568:	84 f3 cd 06 	xor gr15 gr15 gr13
    656c:	84 c3 0f 00 	add gr12 gr12 gr15
    6570:	80 00 00 00 	nop
    6574:	80 90 00 0f 	movc2g gr9
    6578:	94 90 30 55 	movigl gr9 305 <Cla1Task6+0x21>
    657c:	94 90 00 01 	movigh gr9 0 <Cla1Task1>
    6580:	95 94 00 15 	movigl gr25 4001 <$line_table_start0+0x1110>
    6584:	95 90 00 01 	movigh gr25 0 <Cla1Task1>
    6588:	80 06 40 0b 	movg2c gr25
    658c:	84 c3 19 00 	add gr12 gr12 gr25
    6590:	84 d3 49 06 	xor gr13 gr13 gr9
    6594:	84 e3 8c 00 	add gr14 gr14 gr12
    6598:	84 f3 cd 06 	xor gr15 gr15 gr13
    659c:	84 c3 0f 00 	add gr12 gr12 gr15
    65a0:	80 00 00 00 	nop
    65a4:	80 a0 00 0f 	movc2g gr10
    65a8:	94 a0 30 65 	movigl gr10 306 <Cla1Task6+0x22>
    65ac:	94 a0 00 01 	movigh gr10 0 <Cla1Task1>
    65b0:	95 a4 00 15 	movigl gr26 4001 <$line_table_start0+0x1110>
    65b4:	95 a0 00 01 	movigh gr26 0 <Cla1Task1>
    65b8:	80 06 80 0b 	movg2c gr26
    65bc:	84 c3 1a 00 	add gr12 gr12 gr26
    65c0:	84 d3 4a 06 	xor gr13 gr13 gr10
    65c4:	84 e3 8c 00 	add gr14 gr14 gr12
    65c8:	84 f3 cd 06 	xor gr15 gr15 gr13
    65cc:	84 c3 0f 00 	add gr12 gr12 gr15
    65d0:	80 00 00 00 	nop
    65d4:	80 b0 00 0f 	movc2g gr11
    65d8:	94 b0 30 75 	movigl gr11 307 <Cla1Task6+0x23>
    65dc:	94 b0 00 01 	movigh gr11 0 <Cla1Task1>
    65e0:	95 b4 01 15 	movigl gr27 4011 <$line_table_start0+0x1120>
    65e4:	95 b0 00 01 	movigh gr27 0 <Cla1Task1>
    65e8:	80 06 c0 0b 	movg2c gr27
    65ec:	84 c3 1b 00 	add gr12 gr12 gr27
    65f0:	84 d3 4b 06 	xor gr13 gr13 gr11
    65f4:	84 e3 8c 00 	add gr14 gr14 gr12
    65f8:	84 f3 cd 06 	xor gr15 gr15 gr13
    65fc:	84 c3 0f 00 	add gr12 gr12 gr15
    6600:	80 00 00 00 	nop
    6604:	80 00 00 0a 	mstop
    6608:	80 00 00 00 	nop
    660c:	80 00 00 00 	nop
    6610:	80 00 00 00 	nop
    6614:	80 00 00 00 	nop
    6618:	80 00 00 0a 	mstop
    661c:	80 00 00 00 	nop
